Place_ID X Date,target
0OS9LVX X 2020-01-02,49.51493769545735
0OS9LVX X 2020-01-03,36.7351628394904
0OS9LVX X 2020-01-04,33.92367425205232
0OS9LVX X 2020-01-05,26.558072631648393
0OS9LVX X 2020-01-06,36.29859749154354
0OS9LVX X 2020-01-07,37.80654287985819
0OS9LVX X 2020-01-08,46.20938267516267
0OS9LVX X 2020-01-09,40.53428195742647
0OS9LVX X 2020-01-10,45.28690986052334
0OS9LVX X 2020-01-11,45.614341887195295
0OS9LVX X 2020-01-12,49.134121858808356
0OS9LVX X 2020-01-13,48.19835332127673
0OS9LVX X 2020-01-14,40.01271106395042
0OS9LVX X 2020-01-15,57.77716494427956
0OS9LVX X 2020-01-16,49.52587103374944
0OS9LVX X 2020-01-17,46.708861568095976
0OS9LVX X 2020-01-18,54.50018635249426
0OS9LVX X 2020-01-19,37.48909934459946
0OS9LVX X 2020-01-20,38.5250746916732
0OS9LVX X 2020-01-21,31.948371177244226
0OS9LVX X 2020-01-22,37.052392105020004
0OS9LVX X 2020-01-23,27.415488011268394
0OS9LVX X 2020-01-24,27.100867323170903
0OS9LVX X 2020-01-25,27.591111294190803
0OS9LVX X 2020-01-26,22.982300090951597
0OS9LVX X 2020-01-27,24.263595828613497
0OS9LVX X 2020-01-28,29.206397993485545
0OS9LVX X 2020-01-29,35.85596774966331
0OS9LVX X 2020-01-30,51.586252435675384
0OS9LVX X 2020-01-31,28.42823357581699
0OS9LVX X 2020-02-01,50.66103913888612
0OS9LVX X 2020-02-02,51.28857667725474
0OS9LVX X 2020-02-03,54.904108394642584
0OS9LVX X 2020-02-04,41.340293952276284
0OS9LVX X 2020-02-05,39.33125094678994
0OS9LVX X 2020-02-06,31.098097261672784
0OS9LVX X 2020-02-07,40.23309858685362
0OS9LVX X 2020-02-08,45.72482473342634
0OS9LVX X 2020-02-09,42.392532122357366
0OS9LVX X 2020-02-10,40.799207735267395
0OS9LVX X 2020-02-11,45.018226370405614
0OS9LVX X 2020-02-12,36.12828340915431
0OS9LVX X 2020-02-13,54.28909105849563
0OS9LVX X 2020-02-14,47.27750477787783
0OS9LVX X 2020-02-15,26.290451254195496
0OS9LVX X 2020-02-16,34.33424704347323
0OS9LVX X 2020-02-17,34.422047006202305
0OS9LVX X 2020-02-18,39.704899781876165
0OS9LVX X 2020-02-19,41.957158545090145
0OS9LVX X 2020-02-20,46.58892583647361
0OS9LVX X 2020-02-21,40.75110974489294
0OS9LVX X 2020-02-22,33.68892000159489
0OS9LVX X 2020-02-23,27.091620896011065
0OS9LVX X 2020-02-24,28.58912737182895
0OS9LVX X 2020-02-25,28.211066399710703
0OS9LVX X 2020-02-26,32.045672199586214
0OS9LVX X 2020-02-27,34.31564515613189
0OS9LVX X 2020-02-28,55.29067285613878
0OS9LVX X 2020-02-29,45.35551776259243
0OS9LVX X 2020-03-01,46.59822278193777
0OS9LVX X 2020-03-02,31.016328968653717
0OS9LVX X 2020-03-03,47.67015166147023
0OS9LVX X 2020-03-04,59.160009060701256
0OS9LVX X 2020-03-05,52.00809918523922
0OS9LVX X 2020-03-06,52.470917909192146
0OS9LVX X 2020-03-07,45.57820257006529
0OS9LVX X 2020-03-08,37.87176485682768
0OS9LVX X 2020-03-09,29.80236804721303
0OS9LVX X 2020-03-10,30.782871028200546
0OS9LVX X 2020-03-11,39.1572598667557
0OS9LVX X 2020-03-12,33.26275342930429
0OS9LVX X 2020-03-13,43.77558157117379
0OS9LVX X 2020-03-14,37.27773324050587
0OS9LVX X 2020-03-15,38.127040018444966
0OS9LVX X 2020-03-16,46.15067585575579
0OS9LVX X 2020-03-17,37.1483858694811
0OS9LVX X 2020-03-18,49.39847565593883
0OS9LVX X 2020-03-19,36.235305790874534
0OS9LVX X 2020-03-20,25.316310773928365
0OS9LVX X 2020-03-21,22.252172699694654
0OS9LVX X 2020-03-22,39.47659832720999
0OS9LVX X 2020-03-23,46.83124215323438
0OS9LVX X 2020-03-24,52.86964605098537
0OS9LVX X 2020-03-25,43.11525891667323
0OS9LVX X 2020-03-26,35.936657449429816
0OS9LVX X 2020-03-27,38.06944972801665
0OS9LVX X 2020-03-28,53.94278206171471
0OS9LVX X 2020-03-29,57.08711219931887
0OS9LVX X 2020-03-30,58.36539009820949
0OS9LVX X 2020-03-31,52.10593247722552
0OS9LVX X 2020-04-01,55.02353129061341
0OS9LVX X 2020-04-02,43.891273923013884
0OS9LVX X 2020-04-03,55.568854852090126
0OS9LVX X 2020-04-04,98.9472934991057
0Q2LTOG X 2020-01-02,129.25401719314254
0Q2LTOG X 2020-01-03,122.09510615988553
0Q2LTOG X 2020-01-04,138.29402595128545
0Q2LTOG X 2020-01-05,116.18081458842384
0Q2LTOG X 2020-01-06,95.32120223971336
0Q2LTOG X 2020-01-07,49.87937662089652
0Q2LTOG X 2020-01-08,35.33921645481944
0Q2LTOG X 2020-01-09,127.90775849434196
0Q2LTOG X 2020-01-10,130.72181205686286
0Q2LTOG X 2020-01-11,133.3597762963724
0Q2LTOG X 2020-01-12,99.95133246843989
0Q2LTOG X 2020-01-13,67.50199670321527
0Q2LTOG X 2020-01-14,122.89398967182704
0Q2LTOG X 2020-01-15,108.71677885606294
0Q2LTOG X 2020-01-16,105.49529041863504
0Q2LTOG X 2020-01-17,134.40039953295326
0Q2LTOG X 2020-01-18,112.95124178041578
0Q2LTOG X 2020-01-19,145.88324426318684
0Q2LTOG X 2020-01-20,146.45075330388283
0Q2LTOG X 2020-01-21,102.38582831249916
0Q2LTOG X 2020-01-22,158.00082186103043
0Q2LTOG X 2020-01-23,118.4833595032299
0Q2LTOG X 2020-01-24,100.25331885664411
0Q2LTOG X 2020-01-25,125.88263747983713
0Q2LTOG X 2020-01-26,117.42570015337165
0Q2LTOG X 2020-01-27,63.50096264877736
0Q2LTOG X 2020-01-28,50.873283839804124
0Q2LTOG X 2020-01-29,105.44892039748217
0Q2LTOG X 2020-01-30,82.98974583380131
0Q2LTOG X 2020-01-31,128.08499189316882
0Q2LTOG X 2020-02-01,111.75692885240501
0Q2LTOG X 2020-02-02,106.6895694840171
0Q2LTOG X 2020-02-03,76.64063708525634
0Q2LTOG X 2020-02-04,88.86485406792801
0Q2LTOG X 2020-02-05,59.45125647618802
0Q2LTOG X 2020-02-06,94.10403714287044
0Q2LTOG X 2020-02-07,89.93372015748294
0Q2LTOG X 2020-02-08,99.40744253697305
0Q2LTOG X 2020-02-09,80.39474093539356
0Q2LTOG X 2020-02-10,106.45870066316506
0Q2LTOG X 2020-02-11,100.97494435560026
0Q2LTOG X 2020-02-12,55.696555487599625
0Q2LTOG X 2020-02-13,96.5235557363693
0Q2LTOG X 2020-02-14,129.6828395918177
0Q2LTOG X 2020-02-15,62.51233095625891
0Q2LTOG X 2020-02-16,40.612704011478485
0Q2LTOG X 2020-02-17,32.776358388318265
0Q2LTOG X 2020-02-18,60.23981712029766
0Q2LTOG X 2020-02-19,122.68618557481194
0Q2LTOG X 2020-02-20,135.30511897908565
0Q2LTOG X 2020-02-21,119.57723593703709
0Q2LTOG X 2020-02-22,71.22973131316941
0Q2LTOG X 2020-02-23,82.9682037902654
0Q2LTOG X 2020-02-24,78.50834463249035
0Q2LTOG X 2020-02-25,65.5945738406543
0Q2LTOG X 2020-02-26,104.0911227886297
0Q2LTOG X 2020-02-27,73.69629931911211
0Q2LTOG X 2020-02-28,83.4408718365064
0Q2LTOG X 2020-02-29,69.00066080726138
0Q2LTOG X 2020-03-01,86.47012289974468
0Q2LTOG X 2020-03-02,61.45683755978182
0Q2LTOG X 2020-03-03,103.45524563272328
0Q2LTOG X 2020-03-04,55.86223851872063
0Q2LTOG X 2020-03-05,68.29284083062586
0Q2LTOG X 2020-03-06,79.6533478251855
0Q2LTOG X 2020-03-07,100.82011655061072
0Q2LTOG X 2020-03-08,100.78541508592703
0Q2LTOG X 2020-03-09,104.82787909785732
0Q2LTOG X 2020-03-10,57.90512271143453
0Q2LTOG X 2020-03-11,51.88142396495016
0Q2LTOG X 2020-03-12,67.71707427743358
0Q2LTOG X 2020-03-13,35.70075021639504
0Q2LTOG X 2020-03-14,79.86340247483051
0Q2LTOG X 2020-03-15,36.10212697503168
0Q2LTOG X 2020-03-16,65.08282215628513
0Q2LTOG X 2020-03-17,94.45624377352826
0Q2LTOG X 2020-03-18,75.85056116817691
0Q2LTOG X 2020-03-19,52.81407884741057
0Q2LTOG X 2020-03-20,61.57179920198648
0Q2LTOG X 2020-03-21,101.43850243004385
0Q2LTOG X 2020-03-22,55.43247449323401
0Q2LTOG X 2020-03-23,73.61667650161625
0Q2LTOG X 2020-03-24,96.52245385507683
0Q2LTOG X 2020-03-25,105.84962079523261
0Q2LTOG X 2020-03-26,84.0577277911579
0Q2LTOG X 2020-03-27,64.44653238965209
0Q2LTOG X 2020-03-28,61.403184756710374
0Q2LTOG X 2020-03-29,64.35172950929554
0Q2LTOG X 2020-03-30,90.12977990518067
0Q2LTOG X 2020-03-31,73.36640175729849
0Q2LTOG X 2020-04-01,74.98560922966527
0Q2LTOG X 2020-04-02,76.54186133718058
0Q2LTOG X 2020-04-03,77.78460820984593
0Q2LTOG X 2020-04-04,68.67348089538625
15WCXN1 X 2020-01-02,223.0404679110021
15WCXN1 X 2020-01-03,223.21665482470536
15WCXN1 X 2020-01-04,205.89670484810557
15WCXN1 X 2020-01-05,190.8869340134787
15WCXN1 X 2020-01-06,158.02121212974345
15WCXN1 X 2020-01-07,75.09182127059574
15WCXN1 X 2020-01-08,156.29279865249617
15WCXN1 X 2020-01-09,195.08556363440135
15WCXN1 X 2020-01-10,209.49448623047266
15WCXN1 X 2020-01-11,201.0412035651886
15WCXN1 X 2020-01-12,199.7720168816477
15WCXN1 X 2020-01-13,183.4304144400479
15WCXN1 X 2020-01-14,181.69798022224353
15WCXN1 X 2020-01-15,193.83286622973714
15WCXN1 X 2020-01-16,191.37956811961584
15WCXN1 X 2020-01-17,170.11274651217497
15WCXN1 X 2020-01-18,213.96949029629963
15WCXN1 X 2020-01-19,87.25353763966912
15WCXN1 X 2020-01-20,119.79632718747281
15WCXN1 X 2020-01-21,147.82108810400956
15WCXN1 X 2020-01-22,200.1427701173708
15WCXN1 X 2020-01-23,140.24878699046468
15WCXN1 X 2020-01-24,138.83299087293693
15WCXN1 X 2020-01-25,184.24779053514635
15WCXN1 X 2020-01-26,169.28698749054854
15WCXN1 X 2020-01-27,143.00869811129826
15WCXN1 X 2020-01-28,197.1796426759542
15WCXN1 X 2020-01-29,144.92903679944533
15WCXN1 X 2020-01-30,114.43843676140234
15WCXN1 X 2020-01-31,179.01452351631667
15WCXN1 X 2020-02-01,153.66296483931114
15WCXN1 X 2020-02-02,116.19149549778187
15WCXN1 X 2020-02-03,132.06362977223569
15WCXN1 X 2020-02-04,79.99362755186773
15WCXN1 X 2020-02-05,97.72310662409318
15WCXN1 X 2020-02-06,146.22525420847109
15WCXN1 X 2020-02-07,164.08081292519813
15WCXN1 X 2020-02-08,128.29194387135232
15WCXN1 X 2020-02-09,118.53845706153999
15WCXN1 X 2020-02-10,165.16295616983837
15WCXN1 X 2020-02-11,164.18916368372862
15WCXN1 X 2020-02-12,103.18585978389075
15WCXN1 X 2020-02-13,123.83628009140422
15WCXN1 X 2020-02-14,87.77272508261326
15WCXN1 X 2020-02-15,88.04284736348481
15WCXN1 X 2020-02-16,62.936104994324495
15WCXN1 X 2020-02-17,102.2465564285546
15WCXN1 X 2020-02-18,128.97949252856858
15WCXN1 X 2020-02-19,130.02838178859759
15WCXN1 X 2020-02-20,84.52219381590506
15WCXN1 X 2020-02-21,122.87326863391657
15WCXN1 X 2020-02-22,85.10422958091903
15WCXN1 X 2020-02-23,96.42194922971538
15WCXN1 X 2020-02-24,97.6600768433341
15WCXN1 X 2020-02-25,93.61649682513709
15WCXN1 X 2020-02-26,61.91352799922903
15WCXN1 X 2020-02-27,120.8161595818405
15WCXN1 X 2020-02-28,91.07949599673553
15WCXN1 X 2020-02-29,103.89669712602587
15WCXN1 X 2020-03-01,72.42798994164627
15WCXN1 X 2020-03-02,67.77544133905948
15WCXN1 X 2020-03-03,99.53699044496996
15WCXN1 X 2020-03-04,104.9633291832222
15WCXN1 X 2020-03-05,105.57791887956262
15WCXN1 X 2020-03-06,82.34512381239092
15WCXN1 X 2020-03-07,78.87971655808052
15WCXN1 X 2020-03-08,76.87243859771046
15WCXN1 X 2020-03-09,105.98340977508914
15WCXN1 X 2020-03-10,90.58885519372132
15WCXN1 X 2020-03-11,103.98261176022471
15WCXN1 X 2020-03-12,65.48384689444178
15WCXN1 X 2020-03-13,87.7134561951161
15WCXN1 X 2020-03-14,93.81009944555001
15WCXN1 X 2020-03-15,43.590513886753484
15WCXN1 X 2020-03-16,85.51186478678706
15WCXN1 X 2020-03-17,64.19837361709517
15WCXN1 X 2020-03-18,113.39534033905444
15WCXN1 X 2020-03-19,37.60290776936419
15WCXN1 X 2020-03-20,111.91694859966773
15WCXN1 X 2020-03-21,83.97261691086081
15WCXN1 X 2020-03-22,123.75653363311734
15WCXN1 X 2020-03-23,54.618793292650544
15WCXN1 X 2020-03-24,108.30071516974398
15WCXN1 X 2020-03-25,91.15261908263103
15WCXN1 X 2020-03-26,45.228434820799585
15WCXN1 X 2020-03-27,52.52950275485414
15WCXN1 X 2020-03-28,71.60306250900256
15WCXN1 X 2020-03-29,116.05137652497667
15WCXN1 X 2020-03-30,130.58017507880697
15WCXN1 X 2020-03-31,132.94884544724948
15WCXN1 X 2020-04-01,64.44244057424164
15WCXN1 X 2020-04-02,102.88911947290931
15WCXN1 X 2020-04-03,79.1816838100033
15WCXN1 X 2020-04-04,68.10623510787991
19090SM X 2020-01-02,101.36816896598096
19090SM X 2020-01-03,104.49683595535971
19090SM X 2020-01-04,171.30534140754315
19090SM X 2020-01-05,174.85257267290535
19090SM X 2020-01-06,97.5510064818862
19090SM X 2020-01-07,103.89733352132284
19090SM X 2020-01-08,66.84926208488994
19090SM X 2020-01-09,159.2261207170897
19090SM X 2020-01-10,132.1995815931329
19090SM X 2020-01-11,72.75486229323658
19090SM X 2020-01-12,62.7538304196154
19090SM X 2020-01-13,115.71375413894461
19090SM X 2020-01-14,88.96802197944106
19090SM X 2020-01-15,68.57504778956984
19090SM X 2020-01-16,137.7276330264657
19090SM X 2020-01-17,66.20445614423785
19090SM X 2020-01-18,90.00815310594551
19090SM X 2020-01-19,67.45479983153449
19090SM X 2020-01-20,186.5685409089703
19090SM X 2020-01-21,65.88048509607988
19090SM X 2020-01-22,82.6899723624055
19090SM X 2020-01-23,134.64354840762655
19090SM X 2020-02-18,112.5368035495493
19090SM X 2020-02-19,53.60693710897665
19090SM X 2020-02-20,65.3595510844242
19090SM X 2020-02-21,87.51647032017031
19090SM X 2020-02-22,70.95768492057614
19090SM X 2020-02-23,69.98949696949505
19090SM X 2020-02-24,64.40660390828602
19090SM X 2020-02-25,36.23651210490621
19090SM X 2020-02-26,108.47550258128604
19090SM X 2020-02-27,110.2371537589332
19090SM X 2020-02-28,97.30600764510473
19090SM X 2020-02-29,126.42087438653293
19090SM X 2020-03-01,63.93773199427109
19090SM X 2020-03-02,38.86645793051238
19090SM X 2020-03-03,82.3354813816603
19090SM X 2020-03-04,78.97496066359632
19090SM X 2020-03-05,62.08978780782806
19090SM X 2020-03-06,81.4335711783679
19090SM X 2020-03-07,58.16586961969408
19090SM X 2020-03-08,109.22400887626445
19090SM X 2020-03-09,60.01400725239196
19090SM X 2020-03-10,129.68317378233746
19090SM X 2020-03-11,111.46881593619358
19090SM X 2020-03-12,59.71654769908652
19090SM X 2020-03-13,32.709061979511965
19090SM X 2020-03-14,43.43523724820944
19090SM X 2020-03-15,94.79992269476877
19090SM X 2020-03-16,88.41715134318851
19090SM X 2020-03-17,85.01863003942088
19090SM X 2020-03-18,48.97451858828288
19090SM X 2020-03-19,67.45786963162317
19090SM X 2020-03-20,79.84231021604207
19090SM X 2020-03-21,69.89648766206342
19090SM X 2020-03-22,63.16751835298798
19090SM X 2020-03-23,45.81775410168949
19090SM X 2020-03-24,80.66735070627769
19090SM X 2020-03-25,57.19360847008819
19090SM X 2020-03-26,78.46024522884534
19090SM X 2020-03-27,58.62399347431531
19090SM X 2020-03-28,44.67265187763941
19090SM X 2020-03-29,49.12878596586425
19090SM X 2020-03-30,62.808301098387076
19090SM X 2020-03-31,58.56771176567794
19090SM X 2020-04-01,80.17085784405654
19090SM X 2020-04-02,46.47454324595995
19090SM X 2020-04-03,47.86741585343583
19090SM X 2020-04-04,66.43974008278597
1BD5TVT X 2020-01-02,86.67438895050462
1BD5TVT X 2020-01-03,70.96799240434552
1BD5TVT X 2020-01-04,76.34037405783342
1BD5TVT X 2020-01-05,75.31411593249109
1BD5TVT X 2020-01-06,70.75580698578943
1BD5TVT X 2020-01-07,76.14894873079702
1BD5TVT X 2020-01-08,79.244165065199
1BD5TVT X 2020-01-09,95.73674079134481
1BD5TVT X 2020-01-10,75.75638180292908
1BD5TVT X 2020-01-11,73.34927997041645
1BD5TVT X 2020-01-12,81.01221018138433
1BD5TVT X 2020-01-13,107.63582377072372
1BD5TVT X 2020-01-14,109.69561647710427
1BD5TVT X 2020-01-15,68.37276203294908
1BD5TVT X 2020-01-16,77.92053623704639
1BD5TVT X 2020-01-17,80.31298591773555
1BD5TVT X 2020-01-18,91.10453487081635
1BD5TVT X 2020-01-19,64.4823931989765
1BD5TVT X 2020-01-20,95.06791761162756
1BD5TVT X 2020-01-21,103.57547699629879
1BD5TVT X 2020-01-22,76.08588721397189
1BD5TVT X 2020-01-23,79.78458454108998
1BD5TVT X 2020-01-24,71.42980913387517
1BD5TVT X 2020-01-25,60.55605913183312
1BD5TVT X 2020-01-26,118.591472227794
1BD5TVT X 2020-01-27,103.71932382143724
1BD5TVT X 2020-01-28,89.36440365207785
1BD5TVT X 2020-01-29,75.95507117248961
1BD5TVT X 2020-01-30,121.76663054043784
1BD5TVT X 2020-01-31,109.54608214930576
1BD5TVT X 2020-02-01,111.61326850082797
1BD5TVT X 2020-02-02,99.87757963814157
1BD5TVT X 2020-02-03,70.69601419377865
1BD5TVT X 2020-02-04,57.46079166766114
1BD5TVT X 2020-02-05,71.24609492990469
1BD5TVT X 2020-02-06,87.62468876958896
1BD5TVT X 2020-02-07,77.4441513532086
1BD5TVT X 2020-02-08,82.45481722973612
1BD5TVT X 2020-02-09,46.665899881336514
1BD5TVT X 2020-02-10,79.79047753536572
1BD5TVT X 2020-02-11,104.45693012840466
1BD5TVT X 2020-02-12,71.6120936182008
1BD5TVT X 2020-02-13,64.36335469792816
1BD5TVT X 2020-02-14,77.918004094475
1BD5TVT X 2020-02-15,79.57277685981447
1BD5TVT X 2020-02-16,47.2800397550717
1BD5TVT X 2020-02-17,118.00155560856064
1BD5TVT X 2020-02-18,136.96681126291128
1BD5TVT X 2020-02-19,143.00455542733226
1BD5TVT X 2020-02-20,80.10953377503326
1BD5TVT X 2020-02-21,83.68381505908317
1BD5TVT X 2020-02-22,83.75989314370848
1BD5TVT X 2020-02-23,108.86592626942445
1BD5TVT X 2020-02-24,79.38654025823155
1BD5TVT X 2020-02-25,80.19935524786703
1BD5TVT X 2020-02-26,79.70348817591004
1BD5TVT X 2020-02-27,71.78986017721758
1BD5TVT X 2020-02-28,85.05780487073613
1BD5TVT X 2020-02-29,84.09173530627466
1BD5TVT X 2020-03-01,52.64251287166181
1BD5TVT X 2020-03-02,68.22926239604388
1BD5TVT X 2020-03-03,61.22745744791969
1BD5TVT X 2020-03-04,44.10195913210664
1BD5TVT X 2020-03-05,91.99070355912775
1BD5TVT X 2020-03-06,122.55406364197411
1BD5TVT X 2020-03-07,79.66240106747237
1BD5TVT X 2020-03-08,87.49319534951393
1BD5TVT X 2020-03-09,85.15664117123367
1BD5TVT X 2020-03-10,75.21900833247462
1BD5TVT X 2020-03-11,72.23151738731842
1BD5TVT X 2020-03-12,71.02370958771291
1BD5TVT X 2020-03-13,87.63076888272325
1BD5TVT X 2020-03-14,55.46700143687009
1BD5TVT X 2020-03-15,85.79379308889928
1BD5TVT X 2020-03-16,76.34304933056883
1BD5TVT X 2020-03-17,64.82316450298943
1BD5TVT X 2020-03-18,57.990015320496184
1BD5TVT X 2020-03-19,48.433306609568284
1BD5TVT X 2020-03-20,111.2910533140381
1BD5TVT X 2020-03-21,81.30419157671358
1BD5TVT X 2020-03-22,73.78871666146445
1BD5TVT X 2020-03-23,67.54563812115094
1BD5TVT X 2020-03-24,72.86243696384878
1BD5TVT X 2020-03-25,72.96497186175316
1BD5TVT X 2020-03-26,76.43436329278377
1BD5TVT X 2020-03-27,79.85810446024355
1BD5TVT X 2020-03-28,49.782699352473514
1BD5TVT X 2020-03-29,54.78323645254372
1BD5TVT X 2020-03-30,46.35481199022152
1BD5TVT X 2020-03-31,60.44394852790002
1BD5TVT X 2020-04-01,81.7081036317888
1BD5TVT X 2020-04-02,72.18432730463141
1BD5TVT X 2020-04-03,80.6035819792034
1BD5TVT X 2020-04-04,44.02441351359329
1JJE0UY X 2020-01-02,21.675566337501856
1JJE0UY X 2020-01-03,22.059885070919858
1JJE0UY X 2020-01-04,30.623864056586882
1JJE0UY X 2020-01-05,27.267554541120482
1JJE0UY X 2020-01-06,20.86210078913456
1JJE0UY X 2020-01-07,28.413736815747427
1JJE0UY X 2020-01-08,30.9024960677946
1JJE0UY X 2020-01-09,16.914234379452584
1JJE0UY X 2020-01-10,39.24179181812558
1JJE0UY X 2020-01-11,20.72267640134834
1JJE0UY X 2020-01-12,10.600830853010354
1JJE0UY X 2020-01-13,17.678278244988192
1JJE0UY X 2020-01-14,20.683176481141626
1JJE0UY X 2020-01-15,21.041771032639904
1JJE0UY X 2020-01-16,38.71372662837806
1JJE0UY X 2020-01-17,27.196203915580895
1JJE0UY X 2020-01-18,28.624240083733746
1JJE0UY X 2020-01-19,48.31943876505166
1JJE0UY X 2020-01-20,70.04683654379869
1JJE0UY X 2020-01-21,61.67999456808995
1JJE0UY X 2020-01-22,64.22473511373624
1JJE0UY X 2020-01-23,54.06918074941858
1JJE0UY X 2020-01-24,47.111851993878744
1JJE0UY X 2020-01-25,50.087715184582905
1JJE0UY X 2020-01-26,38.63671927664856
1JJE0UY X 2020-01-27,14.975570954375623
1JJE0UY X 2020-01-28,13.404955070790159
1JJE0UY X 2020-01-29,16.03769818986626
1JJE0UY X 2020-01-30,15.457733666433317
1JJE0UY X 2020-01-31,21.05238908388957
1JJE0UY X 2020-02-01,20.30359585057426
1JJE0UY X 2020-02-02,29.772686998581058
1JJE0UY X 2020-02-03,21.792636818545454
1JJE0UY X 2020-02-04,29.96790077579415
1JJE0UY X 2020-02-05,68.88522777443997
1JJE0UY X 2020-02-06,65.44965101006474
1JJE0UY X 2020-02-07,67.55394808643113
1JJE0UY X 2020-02-08,21.101358490483573
1JJE0UY X 2020-02-09,9.328695872380788
1JJE0UY X 2020-02-10,9.782688988444917
1JJE0UY X 2020-02-11,14.99367871143864
1JJE0UY X 2020-02-12,16.64487301323683
1JJE0UY X 2020-02-13,22.930161931123937
1JJE0UY X 2020-02-14,46.65051380101938
1JJE0UY X 2020-02-15,14.265584356161774
1JJE0UY X 2020-02-16,12.35985413737922
1JJE0UY X 2020-02-17,20.16582487821899
1JJE0UY X 2020-02-18,19.998359485071596
1JJE0UY X 2020-02-19,20.730365038499027
1JJE0UY X 2020-02-20,17.543165680852006
1JJE0UY X 2020-02-21,23.818018582149115
1JJE0UY X 2020-02-22,17.82578062154483
1JJE0UY X 2020-02-23,18.783819538264908
1JJE0UY X 2020-02-24,27.316131442948205
1JJE0UY X 2020-02-25,15.318243242130812
1JJE0UY X 2020-02-26,18.624380228828404
1JJE0UY X 2020-02-27,26.230965448208444
1JJE0UY X 2020-02-28,15.07181363721499
1JJE0UY X 2020-02-29,10.090152629935861
1JJE0UY X 2020-03-01,16.477700959806707
1JJE0UY X 2020-03-02,27.725488487008832
1JJE0UY X 2020-03-03,32.766675463492255
1JJE0UY X 2020-03-04,28.554726418965153
1JJE0UY X 2020-03-05,34.42954964210989
1JJE0UY X 2020-03-06,58.847804807632414
1JJE0UY X 2020-03-07,27.896675949305987
1JJE0UY X 2020-03-08,13.90861964859733
1JJE0UY X 2020-03-09,19.06805047544326
1JJE0UY X 2020-03-10,16.75143343333005
1JJE0UY X 2020-03-11,31.117441567080874
1JJE0UY X 2020-03-12,18.209013220401896
1JJE0UY X 2020-03-13,25.529596308278578
1JJE0UY X 2020-03-14,36.41249439437271
1JJE0UY X 2020-03-15,18.65164824556489
1JJE0UY X 2020-03-16,30.69804195301922
1JJE0UY X 2020-03-17,15.612748416697194
1JJE0UY X 2020-03-18,10.410943721838347
1JJE0UY X 2020-03-19,43.27168149783307
1JJE0UY X 2020-03-20,32.11325499324908
1JJE0UY X 2020-03-21,28.70062151565726
1JJE0UY X 2020-03-22,34.56842428368291
1JJE0UY X 2020-03-23,44.752561342668365
1JJE0UY X 2020-03-24,72.37271796730666
1JJE0UY X 2020-03-25,59.06378387668349
1JJE0UY X 2020-03-26,78.23926038166285
1JJE0UY X 2020-03-27,79.54183185454538
1JJE0UY X 2020-03-28,19.796846801942248
1JJE0UY X 2020-03-29,19.01358328758048
1JJE0UY X 2020-03-30,16.654216612855347
1JJE0UY X 2020-03-31,28.60876136984632
1JJE0UY X 2020-04-01,20.966242520872704
1JJE0UY X 2020-04-02,18.36412151462614
1JJE0UY X 2020-04-03,26.29391768704601
1JJE0UY X 2020-04-04,32.52338928529311
1PILPB3 X 2020-01-02,54.34490485058423
1PILPB3 X 2020-01-03,71.0796668189514
1PILPB3 X 2020-01-04,57.82163172017245
1PILPB3 X 2020-01-05,63.71562298923031
1PILPB3 X 2020-01-06,64.61714516351066
1PILPB3 X 2020-01-07,44.687021015261905
1PILPB3 X 2020-01-08,44.545741681884564
1PILPB3 X 2020-01-09,86.36915963374298
1PILPB3 X 2020-01-10,42.386237495422606
1PILPB3 X 2020-01-11,55.346825649667025
1PILPB3 X 2020-01-12,58.67672809683387
1PILPB3 X 2020-01-13,61.59361861885169
1PILPB3 X 2020-01-14,66.95184683685649
1PILPB3 X 2020-01-15,55.77129961588331
1PILPB3 X 2020-01-16,65.8286781549544
1PILPB3 X 2020-01-17,86.58404337026198
1PILPB3 X 2020-01-18,49.595053465524146
1PILPB3 X 2020-01-19,89.8232128180877
1PILPB3 X 2020-01-20,69.67285159611919
1PILPB3 X 2020-01-21,62.631665179045896
1PILPB3 X 2020-01-22,79.38931694346523
1PILPB3 X 2020-01-23,66.1544312389255
1PILPB3 X 2020-01-24,56.36759924680658
1PILPB3 X 2020-01-25,75.44777167585826
1PILPB3 X 2020-01-26,67.2799437634433
1PILPB3 X 2020-01-27,84.9692670987257
1PILPB3 X 2020-01-28,32.290838395149216
1PILPB3 X 2020-01-29,42.44056335293671
1PILPB3 X 2020-01-30,44.84369364596227
1PILPB3 X 2020-01-31,52.472746071338186
1PILPB3 X 2020-02-01,49.64244342557269
1PILPB3 X 2020-02-02,110.05872319509074
1PILPB3 X 2020-02-03,90.11930063102946
1PILPB3 X 2020-02-04,106.48259290450802
1PILPB3 X 2020-02-05,44.36471608686958
1PILPB3 X 2020-02-06,59.83745094601153
1PILPB3 X 2020-02-07,48.09829216152788
1PILPB3 X 2020-02-08,42.647348236104754
1PILPB3 X 2020-02-09,70.00911585039769
1PILPB3 X 2020-02-10,43.163717584528655
1PILPB3 X 2020-02-11,79.19552296914623
1PILPB3 X 2020-02-12,46.25688550142854
1PILPB3 X 2020-02-13,95.58259433707737
1PILPB3 X 2020-02-14,103.57441287806344
1PILPB3 X 2020-02-15,89.94122332781446
1PILPB3 X 2020-02-16,64.91274329691764
1PILPB3 X 2020-02-17,85.05767276226521
1PILPB3 X 2020-02-18,51.05781561249785
1PILPB3 X 2020-02-19,51.07329826820635
1PILPB3 X 2020-02-20,58.25566277578584
1PILPB3 X 2020-02-21,71.71242321566936
1PILPB3 X 2020-02-22,52.93086376182118
1PILPB3 X 2020-02-23,43.07347564716925
1PILPB3 X 2020-02-24,60.86335944366893
1PILPB3 X 2020-02-25,76.5704984812142
1PILPB3 X 2020-02-26,60.4814111491054
1PILPB3 X 2020-02-27,62.327900529855
1PILPB3 X 2020-02-28,55.370781266535104
1PILPB3 X 2020-02-29,67.33364142898421
1PILPB3 X 2020-03-01,61.28634481713935
1PILPB3 X 2020-03-02,76.06011294284907
1PILPB3 X 2020-03-03,78.27110884684566
1PILPB3 X 2020-03-04,48.71184649549541
1PILPB3 X 2020-03-05,55.40492165198421
1PILPB3 X 2020-03-06,64.46650938351073
1PILPB3 X 2020-03-07,60.62548738587414
1PILPB3 X 2020-03-08,34.516878001556336
1PILPB3 X 2020-03-09,63.04263988719444
1PILPB3 X 2020-03-10,40.088873366785826
1PILPB3 X 2020-03-11,41.856995311704736
1PILPB3 X 2020-03-12,69.12070918319196
1PILPB3 X 2020-03-13,60.19951123180809
1PILPB3 X 2020-03-14,47.130127795173934
1PILPB3 X 2020-03-15,38.375129849693735
1PILPB3 X 2020-03-16,36.20514840587691
1PILPB3 X 2020-03-17,70.54696755059575
1PILPB3 X 2020-03-18,92.2509465475808
1PILPB3 X 2020-03-19,66.61039899994253
1PILPB3 X 2020-03-20,33.908697595182446
1PILPB3 X 2020-03-21,109.1453164974026
1PILPB3 X 2020-03-22,67.04358671262037
1PILPB3 X 2020-03-23,72.29476425474041
1PILPB3 X 2020-03-24,87.07630087930283
1PILPB3 X 2020-03-25,83.37968624135696
1PILPB3 X 2020-03-26,55.668047351239366
1PILPB3 X 2020-03-27,51.95772594814738
1PILPB3 X 2020-03-28,38.279161627680885
1PILPB3 X 2020-03-29,43.35771040857169
1PILPB3 X 2020-03-30,45.273874162230136
1PILPB3 X 2020-03-31,43.1931535262483
1PILPB3 X 2020-04-01,55.90744137352405
1PILPB3 X 2020-04-02,52.91566732978769
1PILPB3 X 2020-04-03,58.657305454607936
1PILPB3 X 2020-04-04,88.49701883410184
1WV2OIN X 2020-01-02,76.1604594501418
1WV2OIN X 2020-01-03,84.84147310196524
1WV2OIN X 2020-01-04,93.17769408278585
1WV2OIN X 2020-01-05,84.31240468815507
1WV2OIN X 2020-01-06,69.93505032312942
1WV2OIN X 2020-01-07,65.18792486036637
1WV2OIN X 2020-01-08,115.13817106795334
1WV2OIN X 2020-01-09,96.0882114126777
1WV2OIN X 2020-01-10,91.13525135146982
1WV2OIN X 2020-01-11,91.25791239864594
1WV2OIN X 2020-01-12,90.18871628844563
1WV2OIN X 2020-01-13,117.3174219278289
1WV2OIN X 2020-01-14,110.7714736580143
1WV2OIN X 2020-01-15,82.5762085185913
1WV2OIN X 2020-01-16,133.98799320750766
1WV2OIN X 2020-01-17,113.22629227303887
1WV2OIN X 2020-01-18,70.28136573971972
1WV2OIN X 2020-01-19,78.77766011048236
1WV2OIN X 2020-01-20,94.26453976650028
1WV2OIN X 2020-01-21,70.2584249023706
1WV2OIN X 2020-01-22,86.97205262980748
1WV2OIN X 2020-01-23,92.01704879559162
1WV2OIN X 2020-01-24,94.70675688349499
1WV2OIN X 2020-01-25,94.30287328849708
1WV2OIN X 2020-01-26,86.82837863081554
1WV2OIN X 2020-01-27,110.35497655939325
1WV2OIN X 2020-01-28,102.36147681966587
1WV2OIN X 2020-01-29,146.5542401386076
1WV2OIN X 2020-01-30,107.01240962387719
1WV2OIN X 2020-01-31,107.72345064914
1WV2OIN X 2020-02-01,88.68592586005892
1WV2OIN X 2020-02-02,76.42848836310797
1WV2OIN X 2020-02-03,95.34678168610101
1WV2OIN X 2020-02-04,85.71376002225027
1WV2OIN X 2020-02-05,80.5283798261533
1WV2OIN X 2020-02-06,102.11077603144147
1WV2OIN X 2020-02-07,98.0174101535187
1WV2OIN X 2020-02-08,91.88723040245492
1WV2OIN X 2020-02-09,87.12158207752691
1WV2OIN X 2020-02-10,83.81898995996441
1WV2OIN X 2020-02-11,92.22917489234244
1WV2OIN X 2020-02-12,74.51637472103587
1WV2OIN X 2020-02-13,96.47120195437648
1WV2OIN X 2020-02-14,144.321815104204
1WV2OIN X 2020-02-15,136.51191129491076
1WV2OIN X 2020-02-16,97.19082477724102
1WV2OIN X 2020-02-17,103.3112963352776
1WV2OIN X 2020-02-18,98.72073078314715
1WV2OIN X 2020-02-19,117.84871841386403
1WV2OIN X 2020-02-20,96.94866339356079
1WV2OIN X 2020-02-21,96.5582593518637
1WV2OIN X 2020-02-22,99.90193257952238
1WV2OIN X 2020-02-23,91.05210858033628
1WV2OIN X 2020-02-24,114.21373501250063
1WV2OIN X 2020-02-25,121.57682873767057
1WV2OIN X 2020-02-26,92.44191175838642
1WV2OIN X 2020-02-27,88.0122500294122
1WV2OIN X 2020-02-28,88.98709105290169
1WV2OIN X 2020-02-29,102.28235986401278
1WV2OIN X 2020-03-01,83.70144750083298
1WV2OIN X 2020-03-02,84.68156827731838
1WV2OIN X 2020-03-03,96.95290992970693
1WV2OIN X 2020-03-04,108.96680362157217
1WV2OIN X 2020-03-05,92.56147932992674
1WV2OIN X 2020-03-06,87.53517049110732
1WV2OIN X 2020-03-07,83.89818616647749
1WV2OIN X 2020-03-08,73.55596269699959
1WV2OIN X 2020-03-09,79.29676485411005
1WV2OIN X 2020-03-10,84.24354500874517
1WV2OIN X 2020-03-11,117.17478639299325
1WV2OIN X 2020-03-12,105.99122673159037
1WV2OIN X 2020-03-13,95.62969203616322
1WV2OIN X 2020-03-14,92.0983443326981
1WV2OIN X 2020-03-15,84.48822708563354
1WV2OIN X 2020-03-16,84.62642062919636
1WV2OIN X 2020-03-17,84.69700798656108
1WV2OIN X 2020-03-18,85.36583257605035
1WV2OIN X 2020-03-19,109.57201856642658
1WV2OIN X 2020-03-20,89.88488744653505
1WV2OIN X 2020-03-21,118.34511941852986
1WV2OIN X 2020-03-22,83.79500726181972
1WV2OIN X 2020-03-23,83.0530186972224
1WV2OIN X 2020-03-24,92.43430974543976
1WV2OIN X 2020-03-25,88.97789133256212
1WV2OIN X 2020-03-26,91.05787643132669
1WV2OIN X 2020-03-27,65.68766369689855
1WV2OIN X 2020-03-28,74.83520665777822
1WV2OIN X 2020-03-29,74.05218586029963
1WV2OIN X 2020-03-30,79.26741030629975
1WV2OIN X 2020-03-31,91.00296994910225
1WV2OIN X 2020-04-01,76.72740953879082
1WV2OIN X 2020-04-02,107.23496136038253
1WV2OIN X 2020-04-03,86.257654160802
1WV2OIN X 2020-04-04,105.79798960947662
27N3G71 X 2020-01-02,39.83406303036175
27N3G71 X 2020-01-03,46.11966696220143
27N3G71 X 2020-01-04,45.79979424550126
27N3G71 X 2020-01-05,33.85698586070958
27N3G71 X 2020-01-06,37.364972432563945
27N3G71 X 2020-01-07,67.52001422120067
27N3G71 X 2020-01-08,42.742292371625354
27N3G71 X 2020-01-09,26.409969867284005
27N3G71 X 2020-01-10,28.063209626777933
27N3G71 X 2020-01-11,47.67164802907813
27N3G71 X 2020-01-12,46.253615202235025
27N3G71 X 2020-01-13,32.53954206742811
27N3G71 X 2020-01-14,59.42628774741564
27N3G71 X 2020-01-15,48.85980802390271
27N3G71 X 2020-01-16,38.18980829941714
27N3G71 X 2020-01-17,89.65427832911752
27N3G71 X 2020-01-18,70.97936866576184
27N3G71 X 2020-01-19,41.3586665207382
27N3G71 X 2020-01-20,70.89421207393352
27N3G71 X 2020-01-21,39.67878081747492
27N3G71 X 2020-01-22,61.09502867999963
27N3G71 X 2020-01-23,42.915198795590314
27N3G71 X 2020-01-24,32.756865502369
27N3G71 X 2020-01-25,46.68924015277154
27N3G71 X 2020-01-26,34.446892536124516
27N3G71 X 2020-01-27,72.15045522323706
27N3G71 X 2020-01-28,48.489488815568734
27N3G71 X 2020-01-29,27.883614604634758
27N3G71 X 2020-01-30,26.03992146388738
27N3G71 X 2020-01-31,24.09631462737272
27N3G71 X 2020-02-01,20.603159868477764
27N3G71 X 2020-02-02,35.105153588944546
27N3G71 X 2020-02-03,61.30736866748943
27N3G71 X 2020-02-04,38.99554631634711
27N3G71 X 2020-02-05,60.59865034462118
27N3G71 X 2020-02-06,20.745463692477006
27N3G71 X 2020-02-07,34.58000449886351
27N3G71 X 2020-02-08,59.30978410033528
27N3G71 X 2020-02-09,26.58554991411701
27N3G71 X 2020-02-10,77.07655718644145
27N3G71 X 2020-02-11,45.14392233442511
27N3G71 X 2020-02-12,76.80717599467165
27N3G71 X 2020-02-13,51.67376908121992
27N3G71 X 2020-02-14,59.331369699965265
27N3G71 X 2020-02-15,55.53443168606252
27N3G71 X 2020-02-16,46.0081743410103
27N3G71 X 2020-02-17,39.480508010955994
27N3G71 X 2020-02-18,39.88689934830603
27N3G71 X 2020-02-19,44.0710326809434
27N3G71 X 2020-02-20,55.60429672898691
27N3G71 X 2020-02-21,51.697325812351096
27N3G71 X 2020-02-22,48.01409376051476
27N3G71 X 2020-02-23,36.96008871467598
27N3G71 X 2020-02-24,63.90298634337874
27N3G71 X 2020-02-25,68.30271286869015
27N3G71 X 2020-02-26,33.077662064036055
27N3G71 X 2020-02-27,24.3849557547562
27N3G71 X 2020-02-28,38.451431263541515
27N3G71 X 2020-02-29,57.56664801808816
27N3G71 X 2020-03-01,45.591781792476894
27N3G71 X 2020-03-02,54.6585567855993
27N3G71 X 2020-03-03,48.47961005842989
27N3G71 X 2020-03-04,40.73694955647618
27N3G71 X 2020-03-05,32.5202322259699
27N3G71 X 2020-03-06,30.924145113671393
27N3G71 X 2020-03-07,42.10548127888749
27N3G71 X 2020-03-08,48.174676490289755
27N3G71 X 2020-03-09,57.4226839532146
27N3G71 X 2020-03-10,46.816051148432166
27N3G71 X 2020-03-11,28.276763749170037
27N3G71 X 2020-03-12,47.53762560274811
27N3G71 X 2020-03-13,54.40943847143835
27N3G71 X 2020-03-14,53.904717602739
27N3G71 X 2020-03-15,20.280187323060122
27N3G71 X 2020-03-16,32.288735163386775
27N3G71 X 2020-03-17,48.94864196463717
27N3G71 X 2020-03-18,43.65744877527504
27N3G71 X 2020-03-19,65.6579164135631
27N3G71 X 2020-03-20,27.580497828996798
27N3G71 X 2020-03-21,81.06131510592719
27N3G71 X 2020-03-22,122.03428431090815
27N3G71 X 2020-03-23,35.733517185668916
27N3G71 X 2020-03-24,33.343818516064275
27N3G71 X 2020-03-25,42.63673582962583
27N3G71 X 2020-03-26,58.42544889325187
27N3G71 X 2020-03-27,56.19166703085939
27N3G71 X 2020-03-28,35.53062490772324
27N3G71 X 2020-03-29,36.027138928620374
27N3G71 X 2020-03-30,41.72526217666431
27N3G71 X 2020-03-31,41.955865216556646
27N3G71 X 2020-04-01,37.848950163007565
27N3G71 X 2020-04-02,54.82212515961528
27N3G71 X 2020-04-03,58.4149236898956
27N3G71 X 2020-04-04,97.63603957481504
2DIIB3S X 2020-01-02,31.96065944253381
2DIIB3S X 2020-01-03,23.314950033042237
2DIIB3S X 2020-01-04,25.548539460976414
2DIIB3S X 2020-01-05,36.28732740707877
2DIIB3S X 2020-01-06,35.79738385870285
2DIIB3S X 2020-01-07,25.48226419414243
2DIIB3S X 2020-01-08,28.874972980912325
2DIIB3S X 2020-01-09,19.62549064597694
2DIIB3S X 2020-01-10,48.56794455818427
2DIIB3S X 2020-01-11,21.184271578455874
2DIIB3S X 2020-01-12,16.8209016312923
2DIIB3S X 2020-01-13,24.539793439736947
2DIIB3S X 2020-01-14,22.45019107789149
2DIIB3S X 2020-01-15,33.19031575277249
2DIIB3S X 2020-01-16,22.04259689701004
2DIIB3S X 2020-01-17,34.498973381925225
2DIIB3S X 2020-01-18,22.44486656666289
2DIIB3S X 2020-01-19,52.01826140526832
2DIIB3S X 2020-01-20,60.855673902078195
2DIIB3S X 2020-01-21,46.23599124250065
2DIIB3S X 2020-01-22,38.272921810994156
2DIIB3S X 2020-01-23,50.94991870559821
2DIIB3S X 2020-01-24,40.36060119896242
2DIIB3S X 2020-01-25,35.71875220424554
2DIIB3S X 2020-01-26,35.24254240152451
2DIIB3S X 2020-01-27,22.337535148848097
2DIIB3S X 2020-01-28,28.310204397650573
2DIIB3S X 2020-01-29,12.656082333834775
2DIIB3S X 2020-01-30,21.47092626137217
2DIIB3S X 2020-01-31,28.72392666839744
2DIIB3S X 2020-02-01,18.503273446818103
2DIIB3S X 2020-02-02,32.76710780626862
2DIIB3S X 2020-02-03,20.190384745951242
2DIIB3S X 2020-02-04,26.215594710759632
2DIIB3S X 2020-02-05,46.423725344231634
2DIIB3S X 2020-02-06,62.211324970659504
2DIIB3S X 2020-02-07,60.68304602989868
2DIIB3S X 2020-02-11,19.9737616069493
2DIIB3S X 2020-02-12,18.448633546845645
2DIIB3S X 2020-02-13,32.17777239146936
2DIIB3S X 2020-02-14,21.57486419337863
2DIIB3S X 2020-02-15,21.166061511748808
2DIIB3S X 2020-02-16,19.70485992485564
2DIIB3S X 2020-02-17,29.48395712578109
2DIIB3S X 2020-02-18,22.984938103576173
2DIIB3S X 2020-02-19,21.70807040670683
2DIIB3S X 2020-02-20,17.236554150441528
2DIIB3S X 2020-02-21,21.750303086091094
2DIIB3S X 2020-02-22,15.76760892129678
2DIIB3S X 2020-02-23,19.851756354174228
2DIIB3S X 2020-02-24,48.3948504173692
2DIIB3S X 2020-02-25,19.889875934375585
2DIIB3S X 2020-02-26,17.848011640554702
2DIIB3S X 2020-02-27,25.48231209954782
2DIIB3S X 2020-02-28,15.630291102243536
2DIIB3S X 2020-02-29,13.821776703747275
2DIIB3S X 2020-03-01,18.296699829381332
2DIIB3S X 2020-03-02,32.36570923171025
2DIIB3S X 2020-03-03,30.408304948380263
2DIIB3S X 2020-03-04,34.78100305730412
2DIIB3S X 2020-03-05,44.06931148270654
2DIIB3S X 2020-03-06,64.3783351212084
2DIIB3S X 2020-03-07,31.082847828031156
2DIIB3S X 2020-03-08,14.245922868775864
2DIIB3S X 2020-03-09,24.85030786772368
2DIIB3S X 2020-03-10,15.558468628763908
2DIIB3S X 2020-03-11,32.57602042724319
2DIIB3S X 2020-03-12,21.986426933421313
2DIIB3S X 2020-03-13,25.980196280964577
2DIIB3S X 2020-03-14,38.800659742425815
2DIIB3S X 2020-03-15,24.43687604057265
2DIIB3S X 2020-03-16,32.64825590191694
2DIIB3S X 2020-03-17,29.036699276114348
2DIIB3S X 2020-03-18,12.592966663661855
2DIIB3S X 2020-03-19,47.911314287090164
2DIIB3S X 2020-03-20,29.2455174987996
2DIIB3S X 2020-03-21,45.813459159998885
2DIIB3S X 2020-03-22,50.60986280468701
2DIIB3S X 2020-03-23,45.56796916143477
2DIIB3S X 2020-03-24,45.5177439604865
2DIIB3S X 2020-03-25,68.62844277455949
2DIIB3S X 2020-03-26,81.60849390178055
2DIIB3S X 2020-03-27,73.07866654882562
2DIIB3S X 2020-03-28,21.17093945932443
2DIIB3S X 2020-03-29,17.791965857258248
2DIIB3S X 2020-03-30,32.70140589388345
2DIIB3S X 2020-03-31,22.0053180731679
2DIIB3S X 2020-04-01,31.400395092934986
2DIIB3S X 2020-04-02,18.526618792833574
2DIIB3S X 2020-04-03,22.60258322808554
2DIIB3S X 2020-04-04,34.355612224586444
33H2WX0 X 2020-01-02,36.12226940033294
33H2WX0 X 2020-01-03,30.20996297021763
33H2WX0 X 2020-01-04,49.127962720839534
33H2WX0 X 2020-01-05,27.192413995095414
33H2WX0 X 2020-01-06,73.3066100832158
33H2WX0 X 2020-01-07,65.78573911326446
33H2WX0 X 2020-01-08,76.56567570775017
33H2WX0 X 2020-01-09,33.89506105699339
33H2WX0 X 2020-01-10,50.68381504672716
33H2WX0 X 2020-01-11,57.155938607438685
33H2WX0 X 2020-01-12,27.39224022488318
33H2WX0 X 2020-01-13,41.879207212733206
33H2WX0 X 2020-01-14,51.68727021614084
33H2WX0 X 2020-01-15,74.48280739052164
33H2WX0 X 2020-01-16,58.61404334859037
33H2WX0 X 2020-01-17,44.30809128714584
33H2WX0 X 2020-01-18,36.357926292814085
33H2WX0 X 2020-01-19,58.36556449630905
33H2WX0 X 2020-01-20,57.97566792530647
33H2WX0 X 2020-01-21,46.61858023264023
33H2WX0 X 2020-01-22,40.44617752051455
33H2WX0 X 2020-01-23,48.18262711470539
33H2WX0 X 2020-01-24,46.77202300260576
33H2WX0 X 2020-01-25,52.89311711814308
33H2WX0 X 2020-01-26,42.707271240158015
33H2WX0 X 2020-01-27,63.355995341518906
33H2WX0 X 2020-01-28,39.24503596771931
33H2WX0 X 2020-01-29,39.015218016082464
33H2WX0 X 2020-01-30,37.18570549407869
33H2WX0 X 2020-01-31,48.92936119591067
33H2WX0 X 2020-02-01,37.83234568700221
33H2WX0 X 2020-02-02,25.27099989579139
33H2WX0 X 2020-02-03,57.50863512627164
33H2WX0 X 2020-02-04,68.41539940643177
33H2WX0 X 2020-02-05,55.69281651064861
33H2WX0 X 2020-02-06,48.29653930802425
33H2WX0 X 2020-02-07,50.51012310537256
33H2WX0 X 2020-02-08,38.251320814269775
33H2WX0 X 2020-02-09,39.633601311359214
33H2WX0 X 2020-02-10,35.82316062230532
33H2WX0 X 2020-02-11,72.69800148240307
33H2WX0 X 2020-02-12,33.473398010372556
33H2WX0 X 2020-02-13,62.070378973798725
33H2WX0 X 2020-02-14,64.3669527018483
33H2WX0 X 2020-02-15,47.01519237907096
33H2WX0 X 2020-02-16,61.27587453345002
33H2WX0 X 2020-02-17,40.83951869176961
33H2WX0 X 2020-02-18,30.05272637652113
33H2WX0 X 2020-02-19,44.28430378231422
33H2WX0 X 2020-02-20,50.27372290566575
33H2WX0 X 2020-02-21,53.18083963596899
33H2WX0 X 2020-02-22,43.39242276778914
33H2WX0 X 2020-02-23,45.54039232995102
33H2WX0 X 2020-02-24,59.289224983779675
33H2WX0 X 2020-02-25,56.36406159105992
33H2WX0 X 2020-02-26,74.81364538256864
33H2WX0 X 2020-02-27,39.85227496614613
33H2WX0 X 2020-02-28,52.31205448417316
33H2WX0 X 2020-02-29,57.724837127032
33H2WX0 X 2020-03-01,78.0732848883228
33H2WX0 X 2020-03-02,35.026304578625464
33H2WX0 X 2020-03-03,39.96904287301171
33H2WX0 X 2020-03-04,52.521377160997936
33H2WX0 X 2020-03-05,38.422063879922014
33H2WX0 X 2020-03-06,39.507297336652975
33H2WX0 X 2020-03-07,71.56138544683468
33H2WX0 X 2020-03-08,43.0263787382848
33H2WX0 X 2020-03-09,66.90233852825907
33H2WX0 X 2020-03-10,43.61215461633355
33H2WX0 X 2020-03-11,41.55094920045581
33H2WX0 X 2020-03-12,76.45880317332225
33H2WX0 X 2020-03-13,69.73364328772975
33H2WX0 X 2020-03-14,44.78570188453086
33H2WX0 X 2020-03-15,35.88799646681672
33H2WX0 X 2020-03-16,47.775877488525126
33H2WX0 X 2020-03-17,63.42140801168449
33H2WX0 X 2020-03-18,74.16916344075213
33H2WX0 X 2020-03-19,56.228135152920515
33H2WX0 X 2020-03-20,56.038257818114744
33H2WX0 X 2020-03-21,77.90670601337963
33H2WX0 X 2020-03-22,62.02203092240612
33H2WX0 X 2020-03-23,44.18083660563182
33H2WX0 X 2020-03-24,48.40619446737226
33H2WX0 X 2020-03-25,46.98732329118993
33H2WX0 X 2020-03-26,57.01372920321819
33H2WX0 X 2020-03-27,57.55013340361113
33H2WX0 X 2020-03-28,59.09682164860841
33H2WX0 X 2020-03-29,29.52192703349848
33H2WX0 X 2020-03-30,78.20550698177776
33H2WX0 X 2020-03-31,49.60517261640916
33H2WX0 X 2020-04-01,40.0793277876689
33H2WX0 X 2020-04-02,41.129343889591766
33H2WX0 X 2020-04-03,59.29128829857274
33H2WX0 X 2020-04-04,31.539354491924463
4B4QSFT X 2020-01-02,104.1721360232998
4B4QSFT X 2020-01-03,127.91632471562012
4B4QSFT X 2020-01-04,113.89447751237516
4B4QSFT X 2020-01-05,83.45409631661731
4B4QSFT X 2020-01-06,111.62871666679483
4B4QSFT X 2020-01-07,68.21051838035582
4B4QSFT X 2020-01-08,42.454158601518174
4B4QSFT X 2020-01-09,83.60040213793476
4B4QSFT X 2020-01-10,98.27472763354149
4B4QSFT X 2020-01-11,118.93429952237929
4B4QSFT X 2020-01-12,77.38289235257653
4B4QSFT X 2020-01-13,57.45064759892401
4B4QSFT X 2020-01-14,100.80055036209113
4B4QSFT X 2020-01-15,76.73797723982098
4B4QSFT X 2020-01-16,82.33810214254642
4B4QSFT X 2020-01-17,114.464591952075
4B4QSFT X 2020-01-18,86.96294503084548
4B4QSFT X 2020-01-19,116.35156737950987
4B4QSFT X 2020-01-20,110.06023699966453
4B4QSFT X 2020-01-21,67.45683735935032
4B4QSFT X 2020-01-22,105.49092001292478
4B4QSFT X 2020-01-23,90.61839511771564
4B4QSFT X 2020-01-24,103.77985132251027
4B4QSFT X 2020-01-25,62.751670300189915
4B4QSFT X 2020-01-26,122.32572012482406
4B4QSFT X 2020-01-27,26.473366823068623
4B4QSFT X 2020-01-28,36.22898471876465
4B4QSFT X 2020-01-29,66.38425100522737
4B4QSFT X 2020-01-30,53.579138094594086
4B4QSFT X 2020-01-31,106.19841427330309
4B4QSFT X 2020-02-01,100.33961606561438
4B4QSFT X 2020-02-02,120.44027895387678
4B4QSFT X 2020-02-03,79.60217362087732
4B4QSFT X 2020-02-04,60.116561702041025
4B4QSFT X 2020-02-05,43.293553020008275
4B4QSFT X 2020-02-06,55.70250309225143
4B4QSFT X 2020-02-07,91.41896150320733
4B4QSFT X 2020-02-08,74.35636021620434
4B4QSFT X 2020-02-09,73.68173744963288
4B4QSFT X 2020-02-10,92.56945774504337
4B4QSFT X 2020-02-11,95.52492561300556
4B4QSFT X 2020-02-12,86.74508824156139
4B4QSFT X 2020-02-13,65.41515046378929
4B4QSFT X 2020-02-14,64.16400202358955
4B4QSFT X 2020-02-15,84.77835397479788
4B4QSFT X 2020-02-16,50.51605808908124
4B4QSFT X 2020-02-17,29.685703228987393
4B4QSFT X 2020-02-18,56.470841849241296
4B4QSFT X 2020-02-19,60.95828691711287
4B4QSFT X 2020-02-20,74.82595956301273
4B4QSFT X 2020-02-21,79.35704674347956
4B4QSFT X 2020-02-22,54.83632501707834
4B4QSFT X 2020-02-23,49.752058678275255
4B4QSFT X 2020-02-24,66.5606116454
4B4QSFT X 2020-02-25,57.6395685428955
4B4QSFT X 2020-02-26,50.90135365102649
4B4QSFT X 2020-02-27,52.91262346559918
4B4QSFT X 2020-02-28,52.42529763517759
4B4QSFT X 2020-02-29,51.92191457133893
4B4QSFT X 2020-03-01,74.82619814727252
4B4QSFT X 2020-03-02,77.47942684706977
4B4QSFT X 2020-03-03,60.925574480268736
4B4QSFT X 2020-03-04,53.488127143826105
4B4QSFT X 2020-03-05,83.7545425377666
4B4QSFT X 2020-03-06,71.33909896254605
4B4QSFT X 2020-03-07,62.110821302825215
4B4QSFT X 2020-03-08,59.20099347515415
4B4QSFT X 2020-03-09,65.75210664593816
4B4QSFT X 2020-03-10,61.07634853095021
4B4QSFT X 2020-03-11,52.19375196687294
4B4QSFT X 2020-03-12,64.03320911111098
4B4QSFT X 2020-03-13,77.3400102915226
4B4QSFT X 2020-03-14,53.78428486263339
4B4QSFT X 2020-03-15,78.47630106078265
4B4QSFT X 2020-03-16,44.948712369763044
4B4QSFT X 2020-03-17,67.24568999162568
4B4QSFT X 2020-03-18,68.09992916588557
4B4QSFT X 2020-03-19,53.09596438839364
4B4QSFT X 2020-03-20,43.421483527855294
4B4QSFT X 2020-03-21,85.23532734261558
4B4QSFT X 2020-03-22,63.77716823761958
4B4QSFT X 2020-03-23,67.70790632935139
4B4QSFT X 2020-03-24,77.63905305864141
4B4QSFT X 2020-03-25,71.55315307323468
4B4QSFT X 2020-03-26,60.39119144135864
4B4QSFT X 2020-03-27,52.037842737017996
4B4QSFT X 2020-03-28,37.631419084344486
4B4QSFT X 2020-03-29,34.247279136157516
4B4QSFT X 2020-03-30,65.37350651605993
4B4QSFT X 2020-03-31,58.92193912876459
4B4QSFT X 2020-04-01,57.90269537488521
4B4QSFT X 2020-04-02,60.785591068661574
4B4QSFT X 2020-04-03,71.00844810369382
4B4QSFT X 2020-04-04,69.65671384666254
4DOKYIS X 2020-01-02,12.98855729324081
4DOKYIS X 2020-01-03,14.29062274973905
4DOKYIS X 2020-01-04,15.80617821353092
4DOKYIS X 2020-01-05,10.383943905114883
4DOKYIS X 2020-01-06,41.94745945884498
4DOKYIS X 2020-01-07,25.109414264955554
4DOKYIS X 2020-01-08,12.183305136398843
4DOKYIS X 2020-01-09,7.952784328475243
4DOKYIS X 2020-01-10,2.9482329504238365
4DOKYIS X 2020-01-11,25.367718112263766
4DOKYIS X 2020-01-12,16.433283857386556
4DOKYIS X 2020-01-13,22.126758126279867
4DOKYIS X 2020-01-14,5.18487205637526
4DOKYIS X 2020-01-15,9.565958692096842
4DOKYIS X 2020-01-16,25.70540620497499
4DOKYIS X 2020-01-17,24.245559858400377
4DOKYIS X 2020-01-18,16.835301347410816
4DOKYIS X 2020-01-19,21.283866801823685
4DOKYIS X 2020-01-20,20.718823076708635
4DOKYIS X 2020-01-21,18.43604892326073
4DOKYIS X 2020-01-22,22.856807140244292
4DOKYIS X 2020-01-23,23.36622844905135
4DOKYIS X 2020-01-24,10.423068574822928
4DOKYIS X 2020-01-25,23.61133908916171
4DOKYIS X 2020-01-26,11.94474772477393
4DOKYIS X 2020-01-27,12.570550113529507
4DOKYIS X 2020-01-28,20.520123411660855
4DOKYIS X 2020-01-29,8.442057689793355
4DOKYIS X 2020-01-30,16.187462816753296
4DOKYIS X 2020-01-31,15.234674691901041
4DOKYIS X 2020-02-01,13.606671507948793
4DOKYIS X 2020-02-02,12.15410957293814
4DOKYIS X 2020-02-03,11.467578422330025
4DOKYIS X 2020-02-04,10.616047757819075
4DOKYIS X 2020-02-05,5.674966009996366
4DOKYIS X 2020-02-06,8.250001896003052
4DOKYIS X 2020-02-07,11.944183506016227
4DOKYIS X 2020-02-08,14.281011681338267
4DOKYIS X 2020-02-09,18.887002817362976
4DOKYIS X 2020-02-10,14.548928509641364
4DOKYIS X 2020-02-11,28.94451233563958
4DOKYIS X 2020-02-12,10.073321402918268
4DOKYIS X 2020-02-13,9.23399807639926
4DOKYIS X 2020-02-14,17.315357115449693
4DOKYIS X 2020-02-15,14.209555971308237
4DOKYIS X 2020-02-16,6.678111828356441
4DOKYIS X 2020-02-17,6.591799963051741
4DOKYIS X 2020-02-18,6.720262342201776
4DOKYIS X 2020-02-19,17.07979005472128
4DOKYIS X 2020-02-20,16.756288626067565
4DOKYIS X 2020-02-21,15.593491521832195
4DOKYIS X 2020-02-22,27.426999806356164
4DOKYIS X 2020-02-23,12.011558492127051
4DOKYIS X 2020-02-24,11.355340482018708
4DOKYIS X 2020-02-25,9.097217788337105
4DOKYIS X 2020-02-26,13.374872841006177
4DOKYIS X 2020-02-27,9.062954577032027
4DOKYIS X 2020-02-28,13.123199321392605
4DOKYIS X 2020-02-29,22.724410548175612
4DOKYIS X 2020-03-01,10.673133439682214
4DOKYIS X 2020-03-02,15.678195060352941
4DOKYIS X 2020-03-03,20.797313506371534
4DOKYIS X 2020-03-04,22.236914135396674
4DOKYIS X 2020-03-05,24.569173822751154
4DOKYIS X 2020-03-06,23.846714214689307
4DOKYIS X 2020-03-07,16.841184469716698
4DOKYIS X 2020-03-08,13.072605673997128
4DOKYIS X 2020-03-09,13.703610901354686
4DOKYIS X 2020-03-10,15.036186320574497
4DOKYIS X 2020-03-11,12.686857293668453
4DOKYIS X 2020-03-12,15.78374895498154
4DOKYIS X 2020-03-13,8.655880241382487
4DOKYIS X 2020-03-14,11.450832313657273
4DOKYIS X 2020-03-15,18.953361810741168
4DOKYIS X 2020-03-16,12.572073050980038
4DOKYIS X 2020-03-17,11.21733763240423
4DOKYIS X 2020-03-18,11.570107431410271
4DOKYIS X 2020-03-19,14.897646351625795
4DOKYIS X 2020-03-20,15.248996552654162
4DOKYIS X 2020-03-21,18.260344369899364
4DOKYIS X 2020-03-22,15.606442812928542
4DOKYIS X 2020-03-23,16.856413192059144
4DOKYIS X 2020-03-24,18.764766492260584
4DOKYIS X 2020-03-25,22.46827454766956
4DOKYIS X 2020-03-26,20.542127690999084
4DOKYIS X 2020-03-27,19.697685683911597
4DOKYIS X 2020-03-28,19.69819469590432
4DOKYIS X 2020-03-29,22.251648764742406
4DOKYIS X 2020-03-30,32.44224806213839
4DOKYIS X 2020-03-31,17.984194879417686
4DOKYIS X 2020-04-01,28.824356708583416
4DOKYIS X 2020-04-02,27.538302419750323
4DOKYIS X 2020-04-03,27.988525208352065
4DOKYIS X 2020-04-04,35.58452151029909
4KBBZUA X 2020-01-02,16.87488993705805
4KBBZUA X 2020-01-03,37.8408482439414
4KBBZUA X 2020-01-04,31.47075834167518
4KBBZUA X 2020-01-05,12.651274678177678
4KBBZUA X 2020-01-06,23.82491718837131
4KBBZUA X 2020-01-07,14.186113354186581
4KBBZUA X 2020-01-08,19.377174815048917
4KBBZUA X 2020-01-09,19.95135201521495
4KBBZUA X 2020-01-10,27.578575334045624
4KBBZUA X 2020-01-11,16.643085426265795
4KBBZUA X 2020-01-12,19.39201902387815
4KBBZUA X 2020-01-13,18.531420327104993
4KBBZUA X 2020-01-14,81.03459585769315
4KBBZUA X 2020-01-15,50.06595625753807
4KBBZUA X 2020-01-16,23.82206612753368
4KBBZUA X 2020-01-17,28.582833581918322
4KBBZUA X 2020-01-18,16.521861682784795
4KBBZUA X 2020-01-19,47.990902080648134
4KBBZUA X 2020-01-20,10.527499489827147
4KBBZUA X 2020-01-21,20.56811777401747
4KBBZUA X 2020-01-22,15.137824344298195
4KBBZUA X 2020-01-23,13.796637226061037
4KBBZUA X 2020-01-24,12.17377384649319
4KBBZUA X 2020-01-25,10.15486782345791
4KBBZUA X 2020-01-26,15.974965007845604
4KBBZUA X 2020-01-27,14.709958710439267
4KBBZUA X 2020-01-28,19.833985850392416
4KBBZUA X 2020-01-29,25.13401959022994
4KBBZUA X 2020-01-30,24.37785684018524
4KBBZUA X 2020-01-31,54.66267058265204
4KBBZUA X 2020-02-01,7.619520059307895
4KBBZUA X 2020-02-02,10.332950840264498
4KBBZUA X 2020-02-03,18.996904194307767
4KBBZUA X 2020-02-04,15.497243723878785
4KBBZUA X 2020-02-05,11.651195977924452
4KBBZUA X 2020-02-06,21.97929127575516
4KBBZUA X 2020-02-07,13.976503501423956
4KBBZUA X 2020-02-08,17.52481730238697
4KBBZUA X 2020-02-09,11.261653726779272
4KBBZUA X 2020-02-10,4.570113605618186
4KBBZUA X 2020-02-11,17.77123219699367
4KBBZUA X 2020-02-12,14.47678223662826
4KBBZUA X 2020-02-13,16.36237701932602
4KBBZUA X 2020-02-14,11.148421758604346
4KBBZUA X 2020-02-15,13.554098418768113
4KBBZUA X 2020-02-16,14.917380482730344
4KBBZUA X 2020-02-17,10.276167875706093
4KBBZUA X 2020-02-18,19.350982787960284
4KBBZUA X 2020-02-19,10.963758515497606
4KBBZUA X 2020-02-20,10.547447613446238
4KBBZUA X 2020-02-21,10.133405025323889
4KBBZUA X 2020-02-22,19.503829518506624
4KBBZUA X 2020-02-23,10.327436199296784
4KBBZUA X 2020-02-24,16.01617636204317
4KBBZUA X 2020-02-25,4.64005517087284
4KBBZUA X 2020-02-26,4.524258249363108
4KBBZUA X 2020-02-27,16.24689415667451
4KBBZUA X 2020-02-28,20.110490746998146
4KBBZUA X 2020-02-29,9.684056686022995
4KBBZUA X 2020-03-01,10.274266695461286
4KBBZUA X 2020-03-02,14.446217808327628
4KBBZUA X 2020-03-03,13.464576664255613
4KBBZUA X 2020-03-04,13.573705038049884
4KBBZUA X 2020-03-05,16.85950122408155
4KBBZUA X 2020-03-06,10.42424904716708
4KBBZUA X 2020-03-07,13.050061003239577
4KBBZUA X 2020-03-08,13.621724019039121
4KBBZUA X 2020-03-09,22.11359875389299
4KBBZUA X 2020-03-10,12.269210044277632
4KBBZUA X 2020-03-11,17.49840515977231
4KBBZUA X 2020-03-12,18.404372433463116
4KBBZUA X 2020-03-13,9.188582883287328
4KBBZUA X 2020-03-14,14.573325904709826
4KBBZUA X 2020-03-15,11.993901121972993
4KBBZUA X 2020-03-16,14.833040325387664
4KBBZUA X 2020-03-17,10.703626807376693
4KBBZUA X 2020-03-18,10.737564219274283
4KBBZUA X 2020-03-19,21.588605341664685
4KBBZUA X 2020-03-20,10.558537483375357
4KBBZUA X 2020-03-21,10.831127453461875
4KBBZUA X 2020-03-22,11.568120164251393
4KBBZUA X 2020-03-23,10.76348134435625
4KBBZUA X 2020-03-24,10.261248587453405
4KBBZUA X 2020-03-25,21.24215468730481
4KBBZUA X 2020-03-26,11.949108280132386
4KBBZUA X 2020-03-27,17.269837618713247
4KBBZUA X 2020-03-28,19.335275268771852
4KBBZUA X 2020-03-29,21.817214992375433
4KBBZUA X 2020-03-30,12.027758379072171
4KBBZUA X 2020-04-01,19.620840410387693
4KBBZUA X 2020-04-02,16.7635660950168
4KBBZUA X 2020-04-03,24.31756964485311
4KBBZUA X 2020-04-04,37.045807826741125
4Y8QUA3 X 2020-01-02,16.20968948095868
4Y8QUA3 X 2020-01-03,12.62213055833481
4Y8QUA3 X 2020-01-04,14.264793613981215
4Y8QUA3 X 2020-01-05,33.86831736808357
4Y8QUA3 X 2020-01-06,18.671792053971906
4Y8QUA3 X 2020-01-07,29.43458141155277
4Y8QUA3 X 2020-01-08,13.64292774155063
4Y8QUA3 X 2020-01-09,12.220303089449295
4Y8QUA3 X 2020-01-10,28.158545931890814
4Y8QUA3 X 2020-01-11,18.49117212498069
4Y8QUA3 X 2020-01-12,13.963572564005702
4Y8QUA3 X 2020-01-13,21.093031509249748
4Y8QUA3 X 2020-01-14,14.954758102225902
4Y8QUA3 X 2020-01-15,15.842418706586898
4Y8QUA3 X 2020-01-16,14.073581021836105
4Y8QUA3 X 2020-01-17,20.06940371594898
4Y8QUA3 X 2020-01-18,18.08821622353959
4Y8QUA3 X 2020-01-19,19.00779055951413
4Y8QUA3 X 2020-01-20,15.977345792708189
4Y8QUA3 X 2020-01-21,14.58638484359497
4Y8QUA3 X 2020-01-22,12.487697514656777
4Y8QUA3 X 2020-01-23,19.43063947725866
4Y8QUA3 X 2020-01-24,15.607334707939906
4Y8QUA3 X 2020-01-25,13.488042482363564
4Y8QUA3 X 2020-01-26,20.382586500830804
4Y8QUA3 X 2020-01-27,12.901207380110385
4Y8QUA3 X 2020-01-28,30.382828503165385
4Y8QUA3 X 2020-01-29,20.081947546619002
4Y8QUA3 X 2020-01-30,19.73427915446009
4Y8QUA3 X 2020-01-31,21.953907643025637
4Y8QUA3 X 2020-02-01,32.085368925453885
4Y8QUA3 X 2020-02-02,17.65612647215044
4Y8QUA3 X 2020-02-03,12.612686654004474
4Y8QUA3 X 2020-02-04,16.14026391126727
4Y8QUA3 X 2020-02-05,50.82124233593128
4Y8QUA3 X 2020-02-06,19.620604488994694
4Y8QUA3 X 2020-02-07,43.14975261859688
4Y8QUA3 X 2020-02-08,39.08088530956284
4Y8QUA3 X 2020-02-09,27.684120746437884
4Y8QUA3 X 2020-02-10,14.14182446108736
4Y8QUA3 X 2020-02-11,13.936377688803635
4Y8QUA3 X 2020-02-12,26.05280536243965
4Y8QUA3 X 2020-02-13,28.878531485943903
4Y8QUA3 X 2020-02-14,25.816838753838084
4Y8QUA3 X 2020-02-15,29.149231374272887
4Y8QUA3 X 2020-02-16,22.5888660558223
4Y8QUA3 X 2020-02-17,7.262307367691664
4Y8QUA3 X 2020-02-18,16.590777263815262
4Y8QUA3 X 2020-02-19,19.514624550060056
4Y8QUA3 X 2020-02-20,33.05610790801176
4Y8QUA3 X 2020-02-21,34.07086275200122
4Y8QUA3 X 2020-02-22,22.41814226578561
4Y8QUA3 X 2020-02-23,7.83804411608083
4Y8QUA3 X 2020-02-24,9.951355545274623
4Y8QUA3 X 2020-02-25,12.825378546212043
4Y8QUA3 X 2020-02-26,17.846812994729497
4Y8QUA3 X 2020-02-27,21.52270261141593
4Y8QUA3 X 2020-02-28,23.05935300535006
4Y8QUA3 X 2020-02-29,32.1899580215021
4Y8QUA3 X 2020-03-01,30.579981707757163
4Y8QUA3 X 2020-03-02,25.59262244618921
4Y8QUA3 X 2020-03-03,32.6737299188768
4Y8QUA3 X 2020-03-04,17.804935654692674
4Y8QUA3 X 2020-03-05,21.63644108877472
4Y8QUA3 X 2020-03-06,20.06946066476766
4Y8QUA3 X 2020-03-07,29.829079229491242
4Y8QUA3 X 2020-03-08,32.42396107795486
4Y8QUA3 X 2020-03-09,27.71987906170287
4Y8QUA3 X 2020-03-10,27.72473515554912
4Y8QUA3 X 2020-03-11,22.59087269294689
4Y8QUA3 X 2020-03-12,15.73531989939233
4Y8QUA3 X 2020-03-13,9.734695352733016
4Y8QUA3 X 2020-03-14,13.250605531526318
4Y8QUA3 X 2020-03-15,14.302834193070371
4Y8QUA3 X 2020-03-16,17.010874558242293
4Y8QUA3 X 2020-03-17,32.07817180212141
4Y8QUA3 X 2020-03-18,19.988206904261048
4Y8QUA3 X 2020-03-19,15.373360097728664
4Y8QUA3 X 2020-03-20,13.482439975418046
4Y8QUA3 X 2020-03-21,11.264821914923438
4Y8QUA3 X 2020-03-22,33.47433238917605
4Y8QUA3 X 2020-03-23,15.53645441360598
4Y8QUA3 X 2020-03-24,21.032407953411262
4Y8QUA3 X 2020-03-25,28.88621246783765
4Y8QUA3 X 2020-03-26,26.72286038212279
4Y8QUA3 X 2020-03-27,33.768905564059494
4Y8QUA3 X 2020-03-28,17.043473260443193
4Y8QUA3 X 2020-03-29,12.139802838349368
4Y8QUA3 X 2020-03-30,21.51965464635655
4Y8QUA3 X 2020-03-31,33.699675509572266
4Y8QUA3 X 2020-04-01,17.05694177702113
4Y8QUA3 X 2020-04-02,17.617437062920043
4Y8QUA3 X 2020-04-03,11.054282924477292
4Y8QUA3 X 2020-04-04,16.46790121701976
5PXQINB X 2020-01-02,85.08475597521338
5PXQINB X 2020-01-03,77.85506838429856
5PXQINB X 2020-01-04,109.66958141174212
5PXQINB X 2020-03-03,48.97920827899485
5PXQINB X 2020-03-04,68.90434783336745
5PXQINB X 2020-03-05,101.26648072748152
5PXQINB X 2020-03-06,94.4750539360771
5PXQINB X 2020-03-07,100.37414710033238
5PXQINB X 2020-03-08,115.43947596471843
5PXQINB X 2020-03-09,66.44734105566395
5PXQINB X 2020-03-10,68.21633960546112
5PXQINB X 2020-03-11,77.78566777749843
5PXQINB X 2020-03-13,60.790238374473105
5PXQINB X 2020-03-14,50.1696095128231
5PXQINB X 2020-03-15,72.99019224567597
5PXQINB X 2020-03-16,75.99630941082476
5PXQINB X 2020-03-17,91.88923636524798
5PXQINB X 2020-03-18,59.757586363082154
5PXQINB X 2020-03-19,61.94465265332987
5PXQINB X 2020-03-20,56.551649345892145
5PXQINB X 2020-03-21,99.58551790285762
5PXQINB X 2020-03-22,57.872745713392916
5PXQINB X 2020-03-23,48.00786165223562
5PXQINB X 2020-03-24,100.3223518007098
5PXQINB X 2020-03-25,79.86590705923268
5PXQINB X 2020-03-26,82.8936373375069
5PXQINB X 2020-03-27,83.37804938979637
5PXQINB X 2020-03-28,53.22738751890917
5PXQINB X 2020-03-29,67.81299910065974
5PXQINB X 2020-03-30,52.07936074578009
5PXQINB X 2020-03-31,78.95836175758794
5PXQINB X 2020-04-01,79.48898388490935
5PXQINB X 2020-04-02,87.82514566036309
5PXQINB X 2020-04-03,61.99803147851043
5PXQINB X 2020-04-04,66.98449855797263
5RGROX5 X 2020-01-02,67.53936501187441
5RGROX5 X 2020-01-03,72.19448400748524
5RGROX5 X 2020-01-04,44.486027148237675
5RGROX5 X 2020-01-05,58.1843345411056
5RGROX5 X 2020-01-06,76.88415080047989
5RGROX5 X 2020-01-07,61.370495639959145
5RGROX5 X 2020-01-08,61.97164984880655
5RGROX5 X 2020-01-09,40.60784540295958
5RGROX5 X 2020-01-10,25.68123721310905
5RGROX5 X 2020-01-11,68.37511561395561
5RGROX5 X 2020-01-12,79.83352789589303
5RGROX5 X 2020-01-13,51.566105875210695
5RGROX5 X 2020-01-14,43.456173394784706
5RGROX5 X 2020-01-15,36.63608636028801
5RGROX5 X 2020-01-16,46.27236806361688
5RGROX5 X 2020-01-17,26.022998197638188
5RGROX5 X 2020-01-18,54.42557514650784
5RGROX5 X 2020-01-19,46.60235325150927
5RGROX5 X 2020-01-20,36.23482624306081
5RGROX5 X 2020-01-21,66.26869500986058
5RGROX5 X 2020-01-22,62.011224735444216
5RGROX5 X 2020-01-23,71.01672223696441
5RGROX5 X 2020-01-24,51.50508614096281
5RGROX5 X 2020-01-25,55.61694348124301
5RGROX5 X 2020-01-26,69.710205418516
5RGROX5 X 2020-01-27,32.344687645341274
5RGROX5 X 2020-01-28,31.198005405795854
5RGROX5 X 2020-01-29,57.633165608985394
5RGROX5 X 2020-01-30,21.685571300396077
5RGROX5 X 2020-01-31,42.84430754797573
5RGROX5 X 2020-02-01,33.830222435942794
5RGROX5 X 2020-02-02,26.43339277543972
5RGROX5 X 2020-02-03,36.6061798513979
5RGROX5 X 2020-02-04,44.422157168408475
5RGROX5 X 2020-02-05,50.43630834907768
5RGROX5 X 2020-02-06,67.95327543739802
5RGROX5 X 2020-02-07,50.08934938434038
5RGROX5 X 2020-02-08,52.20433818617582
5RGROX5 X 2020-02-09,50.24059153761269
5RGROX5 X 2020-02-10,32.66634384007474
5RGROX5 X 2020-02-11,69.44339594512411
5RGROX5 X 2020-02-12,65.26737010155213
5RGROX5 X 2020-02-13,43.82660922737291
5RGROX5 X 2020-02-14,63.366736675905145
5RGROX5 X 2020-02-15,58.6261449224247
5RGROX5 X 2020-02-16,29.6356629759838
5RGROX5 X 2020-02-17,42.58746015157099
5RGROX5 X 2020-02-18,38.81252922794069
5RGROX5 X 2020-02-19,54.84818068180706
5RGROX5 X 2020-02-20,53.22618158435225
5RGROX5 X 2020-02-21,57.60699277965287
5RGROX5 X 2020-02-22,80.09720074607746
5RGROX5 X 2020-02-23,68.7679254274487
5RGROX5 X 2020-02-24,79.51393769970149
5RGROX5 X 2020-02-25,73.28418586369447
5RGROX5 X 2020-02-26,31.584928043841572
5RGROX5 X 2020-02-27,52.55860440694515
5RGROX5 X 2020-02-28,56.41399772281122
5RGROX5 X 2020-02-29,46.7624013084976
5RGROX5 X 2020-03-01,56.68933968084822
5RGROX5 X 2020-03-02,29.796412901082704
5RGROX5 X 2020-03-03,32.74223846231038
5RGROX5 X 2020-03-04,54.90513186881596
5RGROX5 X 2020-03-05,23.284169091783674
5RGROX5 X 2020-03-06,60.76985811436731
5RGROX5 X 2020-03-07,39.29552017356728
5RGROX5 X 2020-03-08,48.264547223216375
5RGROX5 X 2020-03-09,39.276387293588655
5RGROX5 X 2020-03-10,60.4407414158685
5RGROX5 X 2020-03-11,69.65756098678784
5RGROX5 X 2020-03-12,58.93319136550251
5RGROX5 X 2020-03-13,46.504544427994574
5RGROX5 X 2020-03-14,63.87228882706418
5RGROX5 X 2020-03-15,66.56728732412999
5RGROX5 X 2020-03-16,41.48169287773294
5RGROX5 X 2020-03-17,63.26643166323832
5RGROX5 X 2020-03-18,63.277011489201826
5RGROX5 X 2020-03-19,54.83128822014196
5RGROX5 X 2020-03-20,49.98781804152184
5RGROX5 X 2020-03-21,42.62099290313589
5RGROX5 X 2020-03-22,42.72193456544793
5RGROX5 X 2020-03-23,48.83190856507641
5RGROX5 X 2020-03-24,50.29245171990264
5RGROX5 X 2020-03-25,55.66646678228483
5RGROX5 X 2020-03-26,33.89241628101612
5RGROX5 X 2020-03-27,58.585125150413916
5RGROX5 X 2020-03-28,69.1883761753194
5RGROX5 X 2020-03-29,59.89669266716422
5RGROX5 X 2020-03-30,31.091334844628037
5RGROX5 X 2020-03-31,67.3166611630689
5RGROX5 X 2020-04-01,60.50564760615477
5RGROX5 X 2020-04-02,47.23786815253098
5RGROX5 X 2020-04-03,61.04285034276724
5RGROX5 X 2020-04-04,48.754262472580066
63PPI0D X 2020-01-02,72.84056571182153
63PPI0D X 2020-01-03,73.14043212745952
63PPI0D X 2020-01-04,66.6632784534018
63PPI0D X 2020-01-05,91.50196859654653
63PPI0D X 2020-01-06,43.61034218181116
63PPI0D X 2020-01-07,35.88671536749063
63PPI0D X 2020-01-08,51.284986601410026
63PPI0D X 2020-01-09,59.65664043903364
63PPI0D X 2020-01-10,100.30648855331842
63PPI0D X 2020-01-11,81.9707859417598
63PPI0D X 2020-01-12,45.2441034512658
63PPI0D X 2020-01-13,41.905979087500675
63PPI0D X 2020-01-14,97.04763021850229
63PPI0D X 2020-01-15,81.23115037326889
63PPI0D X 2020-01-16,123.13331745989932
63PPI0D X 2020-01-17,95.81317032995295
63PPI0D X 2020-01-18,49.417389922274154
63PPI0D X 2020-01-19,79.81773305398147
63PPI0D X 2020-01-20,84.17615649571333
63PPI0D X 2020-01-21,80.91490935804171
63PPI0D X 2020-01-22,57.689194875178075
63PPI0D X 2020-01-23,69.36826256496775
63PPI0D X 2020-01-24,83.68463222946487
63PPI0D X 2020-01-25,32.75990998339167
63PPI0D X 2020-01-26,61.97571715648513
63PPI0D X 2020-01-27,16.38789914619864
63PPI0D X 2020-01-28,43.82609864543317
63PPI0D X 2020-01-29,55.61126872269875
63PPI0D X 2020-01-30,45.84073573737163
63PPI0D X 2020-01-31,63.63585252527882
63PPI0D X 2020-02-01,121.9639688079947
63PPI0D X 2020-02-02,118.11680039886319
63PPI0D X 2020-02-03,63.21244756831703
63PPI0D X 2020-02-04,55.27512405728221
63PPI0D X 2020-02-05,35.33528580175771
63PPI0D X 2020-02-06,64.3248928173752
63PPI0D X 2020-02-07,68.10960510168496
63PPI0D X 2020-02-08,63.99202622118857
63PPI0D X 2020-02-09,45.668292396920876
63PPI0D X 2020-02-10,104.97665019176655
63PPI0D X 2020-02-11,81.30330903356378
63PPI0D X 2020-02-12,53.599085459868164
63PPI0D X 2020-02-13,56.10936542719335
63PPI0D X 2020-02-14,112.18301688043844
63PPI0D X 2020-02-15,44.120818636198884
63PPI0D X 2020-02-16,45.85416692162513
63PPI0D X 2020-02-17,46.05969660898798
63PPI0D X 2020-02-18,47.83782608701969
63PPI0D X 2020-02-19,62.9780995418933
63PPI0D X 2020-02-20,100.24521813461332
63PPI0D X 2020-02-21,41.658948249016134
63PPI0D X 2020-02-22,69.32381838958388
63PPI0D X 2020-02-23,46.400740397898275
63PPI0D X 2020-02-24,39.75874649164203
63PPI0D X 2020-02-25,52.57894457870079
63PPI0D X 2020-02-26,63.56210993678124
63PPI0D X 2020-02-27,54.08316384930325
63PPI0D X 2020-02-28,42.97322676198159
63PPI0D X 2020-02-29,37.32701777463356
63PPI0D X 2020-03-01,63.88311357908931
63PPI0D X 2020-03-02,57.911098925457836
63PPI0D X 2020-03-03,40.202076182432364
63PPI0D X 2020-03-04,47.21657120977513
63PPI0D X 2020-03-05,58.86792803633102
63PPI0D X 2020-03-06,56.62822427164262
63PPI0D X 2020-03-07,46.06088752416292
63PPI0D X 2020-03-08,63.4330731568228
63PPI0D X 2020-03-09,49.44472972796869
63PPI0D X 2020-03-10,55.240940617301085
63PPI0D X 2020-03-11,37.17682113727658
63PPI0D X 2020-03-12,43.10476696998068
63PPI0D X 2020-03-13,50.560689630468175
63PPI0D X 2020-03-14,42.10238427478772
63PPI0D X 2020-03-15,44.78869697614042
63PPI0D X 2020-03-16,71.39343093951986
63PPI0D X 2020-03-17,48.60623682298109
63PPI0D X 2020-03-18,69.68009206692773
63PPI0D X 2020-03-19,75.65774183739025
63PPI0D X 2020-03-20,45.39342031199949
63PPI0D X 2020-03-21,64.26513519287094
63PPI0D X 2020-03-22,76.35392840567489
63PPI0D X 2020-03-23,47.51501614012131
63PPI0D X 2020-03-24,75.32070470503199
63PPI0D X 2020-03-25,73.09782788480908
63PPI0D X 2020-03-26,48.88802666111232
63PPI0D X 2020-03-27,67.4258275293218
63PPI0D X 2020-03-28,37.30481528610683
63PPI0D X 2020-03-29,43.03496361052509
63PPI0D X 2020-03-30,49.31978507576935
63PPI0D X 2020-03-31,42.800944534343905
63PPI0D X 2020-04-01,57.75895646092877
63PPI0D X 2020-04-02,61.84805203179518
63PPI0D X 2020-04-03,71.31822894771696
63PPI0D X 2020-04-04,44.24693502136111
68WXEMV X 2020-01-02,22.653104993911274
68WXEMV X 2020-01-03,18.714671881287703
68WXEMV X 2020-01-04,31.786875025170396
68WXEMV X 2020-01-05,19.94690584384274
68WXEMV X 2020-01-06,19.83393041422908
68WXEMV X 2020-01-07,26.17454060845982
68WXEMV X 2020-01-08,29.431626422738894
68WXEMV X 2020-01-09,17.62864001559936
68WXEMV X 2020-01-10,24.334151729403082
68WXEMV X 2020-01-11,26.63342805868858
68WXEMV X 2020-01-12,6.178642685413738
68WXEMV X 2020-01-13,17.909963513853373
68WXEMV X 2020-01-14,16.58623862805455
68WXEMV X 2020-01-15,15.720035832231531
68WXEMV X 2020-01-16,19.021440799609476
68WXEMV X 2020-01-17,19.7738096415064
68WXEMV X 2020-01-18,24.4128217054906
68WXEMV X 2020-01-19,42.3958631649317
68WXEMV X 2020-01-20,70.75255818959886
68WXEMV X 2020-01-21,62.616898170118745
68WXEMV X 2020-01-22,61.122090798615375
68WXEMV X 2020-01-23,48.20030229787706
68WXEMV X 2020-01-24,50.119330684445416
68WXEMV X 2020-01-25,49.34493135650172
68WXEMV X 2020-01-26,26.316498393915573
68WXEMV X 2020-01-27,13.876281761539914
68WXEMV X 2020-01-28,12.340163846273423
68WXEMV X 2020-01-29,26.42496463828784
68WXEMV X 2020-01-30,17.97841936112852
68WXEMV X 2020-01-31,12.964235782719793
68WXEMV X 2020-02-01,25.11619763393078
68WXEMV X 2020-02-02,28.028673752357335
68WXEMV X 2020-02-03,20.903395345398057
68WXEMV X 2020-02-04,18.958279714524156
68WXEMV X 2020-02-05,58.50075647015166
68WXEMV X 2020-02-06,45.77370047746734
68WXEMV X 2020-02-07,44.770383591780316
68WXEMV X 2020-02-08,22.032279931189727
68WXEMV X 2020-02-09,23.302834765476724
68WXEMV X 2020-02-10,27.634899547873502
68WXEMV X 2020-02-11,20.31228805357572
68WXEMV X 2020-02-12,20.356013720922896
68WXEMV X 2020-02-13,18.453837982147157
68WXEMV X 2020-02-14,21.931226003977596
68WXEMV X 2020-02-15,17.702164434080636
68WXEMV X 2020-02-16,19.360418539684886
68WXEMV X 2020-02-17,17.742335835506015
68WXEMV X 2020-02-18,15.84891269831736
68WXEMV X 2020-02-19,25.532274445548794
68WXEMV X 2020-02-20,11.406170861043417
68WXEMV X 2020-02-21,17.313357593854285
68WXEMV X 2020-02-22,23.034660279804584
68WXEMV X 2020-02-23,12.938473948489257
68WXEMV X 2020-02-24,21.53705278818365
68WXEMV X 2020-02-25,14.514617200000853
68WXEMV X 2020-02-26,15.656808085284915
68WXEMV X 2020-02-27,21.589902940922904
68WXEMV X 2020-02-28,19.83320214703467
68WXEMV X 2020-02-29,17.044175839346636
68WXEMV X 2020-03-01,15.576362289221969
68WXEMV X 2020-03-02,18.17068161592742
68WXEMV X 2020-03-03,19.52308390924219
68WXEMV X 2020-03-04,21.823441245698003
68WXEMV X 2020-03-05,33.68288542156426
68WXEMV X 2020-03-06,44.027196676894704
68WXEMV X 2020-03-07,22.22018230621506
68WXEMV X 2020-03-08,20.330786927397675
68WXEMV X 2020-03-09,24.566745300889536
68WXEMV X 2020-03-10,16.525540714870182
68WXEMV X 2020-03-11,14.44016580287527
68WXEMV X 2020-03-12,20.896562151095452
68WXEMV X 2020-03-13,22.5979558684471
68WXEMV X 2020-03-14,23.898247757761432
68WXEMV X 2020-03-15,15.80115764912344
68WXEMV X 2020-03-16,32.56083185914378
68WXEMV X 2020-03-17,15.728834974736635
68WXEMV X 2020-03-18,14.62297944985103
68WXEMV X 2020-03-19,25.56913599453045
68WXEMV X 2020-03-20,25.658005601804412
68WXEMV X 2020-03-21,23.29577438012198
68WXEMV X 2020-03-22,31.60605329053682
68WXEMV X 2020-03-23,32.061078241085205
68WXEMV X 2020-03-24,74.8074537310555
68WXEMV X 2020-03-25,64.16085983585204
68WXEMV X 2020-03-26,56.250949181364035
68WXEMV X 2020-03-27,48.626267556205164
68WXEMV X 2020-03-28,31.681214843232688
68WXEMV X 2020-03-29,22.772286624121342
68WXEMV X 2020-03-30,21.941633638994812
68WXEMV X 2020-03-31,26.09395980352781
68WXEMV X 2020-04-01,31.665964427742928
68WXEMV X 2020-04-02,30.07597940071132
68WXEMV X 2020-04-03,30.343281639570684
68WXEMV X 2020-04-04,34.24372291081643
6IHI634 X 2020-01-02,75.54149828671464
6IHI634 X 2020-01-03,61.53323138914514
6IHI634 X 2020-01-04,53.550133541470665
6IHI634 X 2020-01-05,57.80604498056975
6IHI634 X 2020-01-06,90.80838705205444
6IHI634 X 2020-01-07,70.00759287404598
6IHI634 X 2020-01-08,61.26893709857363
6IHI634 X 2020-01-09,54.39756247352073
6IHI634 X 2020-01-10,57.508713811270084
6IHI634 X 2020-01-11,73.43749927404343
6IHI634 X 2020-01-12,95.80418521266361
6IHI634 X 2020-01-13,71.46871623204814
6IHI634 X 2020-01-14,41.500049333517524
6IHI634 X 2020-01-15,56.82947543510252
6IHI634 X 2020-01-16,46.61252185657671
6IHI634 X 2020-01-17,38.84548866602735
6IHI634 X 2020-01-18,59.06608917785222
6IHI634 X 2020-01-19,33.34135352830065
6IHI634 X 2020-01-20,22.090583652685115
6IHI634 X 2020-01-21,42.88896511276535
6IHI634 X 2020-01-22,42.1798896186504
6IHI634 X 2020-01-23,90.99369848470701
6IHI634 X 2020-01-24,54.94342651641651
6IHI634 X 2020-01-25,57.15937016003984
6IHI634 X 2020-01-26,74.72719509842695
6IHI634 X 2020-01-27,31.41380270444212
6IHI634 X 2020-01-28,28.64013721421214
6IHI634 X 2020-01-29,64.01490394472013
6IHI634 X 2020-01-30,21.69356678095685
6IHI634 X 2020-01-31,51.722266854107495
6IHI634 X 2020-02-01,29.096440541081
6IHI634 X 2020-02-02,34.07492435473358
6IHI634 X 2020-02-03,38.737616364018166
6IHI634 X 2020-02-04,37.884727209985655
6IHI634 X 2020-02-05,50.95119492541528
6IHI634 X 2020-02-06,72.45318827249976
6IHI634 X 2020-02-07,78.89799364056296
6IHI634 X 2020-02-08,49.50698520657479
6IHI634 X 2020-02-09,72.9099398419332
6IHI634 X 2020-02-10,26.3895778797459
6IHI634 X 2020-02-11,54.99933993896141
6IHI634 X 2020-02-12,65.47088040535435
6IHI634 X 2020-02-13,44.072787759590184
6IHI634 X 2020-02-14,60.137061344363005
6IHI634 X 2020-02-15,86.93697110384046
6IHI634 X 2020-02-16,46.49031677783973
6IHI634 X 2020-02-17,24.325937686386403
6IHI634 X 2020-02-18,59.12257888339256
6IHI634 X 2020-02-19,76.75298472594893
6IHI634 X 2020-02-20,56.2573309631472
6IHI634 X 2020-02-21,61.054978726675756
6IHI634 X 2020-02-22,75.80098083958963
6IHI634 X 2020-02-23,70.37078495031781
6IHI634 X 2020-02-24,76.99190636530608
6IHI634 X 2020-02-25,51.261900827902586
6IHI634 X 2020-02-26,44.406261712628144
6IHI634 X 2020-02-27,48.0722900881747
6IHI634 X 2020-02-28,59.82887775469018
6IHI634 X 2020-02-29,61.12634939613402
6IHI634 X 2020-03-01,31.167622698963115
6IHI634 X 2020-03-02,14.799322735874199
6IHI634 X 2020-03-03,53.669395151873076
6IHI634 X 2020-03-04,61.20615699254273
6IHI634 X 2020-03-05,20.954929784117965
6IHI634 X 2020-03-06,50.05728703489903
6IHI634 X 2020-03-07,32.91466571044599
6IHI634 X 2020-03-08,71.37516392238436
6IHI634 X 2020-03-09,37.55923348847075
6IHI634 X 2020-03-10,58.70653327599544
6IHI634 X 2020-03-11,52.48317531978638
6IHI634 X 2020-03-12,56.015075349745146
6IHI634 X 2020-03-13,37.61982486236649
6IHI634 X 2020-03-14,65.86162295145742
6IHI634 X 2020-03-15,77.24719908940251
6IHI634 X 2020-03-16,47.50743431212946
6IHI634 X 2020-03-17,45.39252643435419
6IHI634 X 2020-03-18,72.00700190026787
6IHI634 X 2020-03-19,65.79886382878838
6IHI634 X 2020-03-20,52.11974851648101
6IHI634 X 2020-03-21,46.996626187986834
6IHI634 X 2020-03-22,47.29936458546551
6IHI634 X 2020-03-23,54.17978401650496
6IHI634 X 2020-03-24,27.380089178074336
6IHI634 X 2020-03-25,55.51352628148156
6IHI634 X 2020-03-26,31.32301267035605
6IHI634 X 2020-03-27,62.05571562627877
6IHI634 X 2020-03-28,69.17268154074677
6IHI634 X 2020-03-29,52.89555064453765
6IHI634 X 2020-03-30,29.49163147177657
6IHI634 X 2020-03-31,79.90160904509487
6IHI634 X 2020-04-01,17.234836270415705
6IHI634 X 2020-04-02,56.6541742930726
6IHI634 X 2020-04-03,40.814544966797875
6IHI634 X 2020-04-04,53.30528695792602
6L6T45C X 2020-01-02,92.17610611661563
6L6T45C X 2020-01-03,72.13051921786786
6L6T45C X 2020-01-04,25.19839113300266
6L6T45C X 2020-01-05,37.350029805419624
6L6T45C X 2020-01-06,83.52003792880927
6L6T45C X 2020-01-07,73.9818364451078
6L6T45C X 2020-01-08,46.91679504357985
6L6T45C X 2020-01-09,68.59616507839242
6L6T45C X 2020-01-10,40.61882797948498
6L6T45C X 2020-01-11,40.599880564135745
6L6T45C X 2020-01-12,61.08176589534777
6L6T45C X 2020-01-13,51.15961548291046
6L6T45C X 2020-01-14,66.75178183328781
6L6T45C X 2020-01-15,68.20197454856128
6L6T45C X 2020-01-16,63.20093208716368
6L6T45C X 2020-01-17,81.08686135081564
6L6T45C X 2020-01-18,88.62098597741455
6L6T45C X 2020-01-19,62.840026863046944
6L6T45C X 2020-01-20,54.046089800087564
6L6T45C X 2020-01-21,63.112649198156745
6L6T45C X 2020-01-22,54.5303633452026
6L6T45C X 2020-01-23,69.55398486388779
6L6T45C X 2020-01-24,84.42954286019484
6L6T45C X 2020-01-25,89.7826722481349
6L6T45C X 2020-01-26,82.75622356360037
6L6T45C X 2020-01-27,100.19784385522392
6L6T45C X 2020-01-28,62.36674179231957
6L6T45C X 2020-01-29,39.25905681368296
6L6T45C X 2020-01-30,53.47463353844514
6L6T45C X 2020-01-31,37.745375366907865
6L6T45C X 2020-02-01,52.984402980900285
6L6T45C X 2020-02-02,27.02841908975003
6L6T45C X 2020-02-03,28.538542414636055
6L6T45C X 2020-02-04,42.95052312014896
6L6T45C X 2020-02-05,28.188810890932714
6L6T45C X 2020-02-06,51.225269026649464
6L6T45C X 2020-02-07,38.07282922664955
6L6T45C X 2020-02-08,91.5584381311477
6L6T45C X 2020-02-09,73.66093611841835
6L6T45C X 2020-02-10,61.491350869228526
6L6T45C X 2020-02-11,29.337819304864738
6L6T45C X 2020-02-12,41.32464316188054
6L6T45C X 2020-02-13,35.545699683209804
6L6T45C X 2020-02-14,89.41658169094852
6L6T45C X 2020-02-15,45.89918062276987
6L6T45C X 2020-02-16,49.69050534612859
6L6T45C X 2020-02-17,46.68587366485891
6L6T45C X 2020-02-18,37.85727238939171
6L6T45C X 2020-02-19,34.46816494682878
6L6T45C X 2020-02-20,39.63129834216759
6L6T45C X 2020-02-21,53.77326832766732
6L6T45C X 2020-02-22,45.096826429963
6L6T45C X 2020-02-23,53.89878206881672
6L6T45C X 2020-02-24,39.41317785618472
6L6T45C X 2020-02-25,57.045819032492076
6L6T45C X 2020-02-26,51.58278107646543
6L6T45C X 2020-02-27,38.84498919239596
6L6T45C X 2020-02-28,65.243065559883
6L6T45C X 2020-02-29,37.06421544126489
6L6T45C X 2020-03-01,23.621529364913343
6L6T45C X 2020-03-02,53.30945174760697
6L6T45C X 2020-03-03,46.63655770300717
6L6T45C X 2020-03-04,27.054488742450154
6L6T45C X 2020-03-05,41.924558456433694
6L6T45C X 2020-03-06,41.33598614092058
6L6T45C X 2020-03-07,53.741707871576175
6L6T45C X 2020-03-08,40.039575145323155
6L6T45C X 2020-03-09,66.90604250101008
6L6T45C X 2020-03-10,50.17852210081283
6L6T45C X 2020-03-11,23.659609028913344
6L6T45C X 2020-03-12,33.736951214461016
6L6T45C X 2020-03-13,29.373827552172195
6L6T45C X 2020-03-14,25.085131579796723
6L6T45C X 2020-03-15,53.39703565280868
6L6T45C X 2020-03-16,51.704328777026866
6L6T45C X 2020-03-17,55.2244545465094
6L6T45C X 2020-03-18,62.87987937648418
6L6T45C X 2020-03-19,48.98424574043843
6L6T45C X 2020-03-20,51.17012331930424
6L6T45C X 2020-03-21,27.734746202620933
6L6T45C X 2020-03-22,23.753498469852076
6L6T45C X 2020-03-23,40.095395947311644
6L6T45C X 2020-03-24,70.13758277580435
6L6T45C X 2020-03-25,73.70813822061578
6L6T45C X 2020-03-26,61.977284022829295
6L6T45C X 2020-03-27,64.60178025224228
6L6T45C X 2020-03-28,116.6839324448154
6L6T45C X 2020-03-29,62.3331612071443
6L6T45C X 2020-03-30,27.664426341928362
6L6T45C X 2020-03-31,30.765375918406754
6L6T45C X 2020-04-01,40.27179267031279
6L6T45C X 2020-04-02,30.599884270547648
6L6T45C X 2020-04-03,54.379753743545734
6L6T45C X 2020-04-04,51.811962582436216
6Q5AZWX X 2020-01-02,64.35214281440587
6Q5AZWX X 2020-01-03,34.80542964094926
6Q5AZWX X 2020-01-04,36.67898889859929
6Q5AZWX X 2020-01-05,26.893783469512123
6Q5AZWX X 2020-01-06,31.689689859416973
6Q5AZWX X 2020-01-07,78.34418876922828
6Q5AZWX X 2020-01-08,54.86911361300749
6Q5AZWX X 2020-01-09,45.801873874551994
6Q5AZWX X 2020-01-10,25.279548540452723
6Q5AZWX X 2020-01-11,37.901248565444924
6Q5AZWX X 2020-01-12,29.039325953203416
6Q5AZWX X 2020-01-13,35.756542230483795
6Q5AZWX X 2020-01-14,42.9906386557627
6Q5AZWX X 2020-01-15,38.5977887522001
6Q5AZWX X 2020-01-16,36.13545764507674
6Q5AZWX X 2020-01-17,38.4881403694549
6Q5AZWX X 2020-01-18,49.1038584792637
6Q5AZWX X 2020-01-19,31.384456941071697
6Q5AZWX X 2020-01-20,48.95972801591759
6Q5AZWX X 2020-01-21,42.788983770813296
6Q5AZWX X 2020-01-22,45.72786833088818
6Q5AZWX X 2020-01-23,31.121043061246816
6Q5AZWX X 2020-01-24,53.65056636396011
6Q5AZWX X 2020-01-25,40.089413697981
6Q5AZWX X 2020-01-26,42.135409496925796
6Q5AZWX X 2020-01-27,45.144585866247745
6Q5AZWX X 2020-01-28,48.704899504141316
6Q5AZWX X 2020-01-29,58.0973383432336
6Q5AZWX X 2020-01-30,58.11253953013764
6Q5AZWX X 2020-01-31,46.753151263687556
6Q5AZWX X 2020-02-01,43.55928131973199
6Q5AZWX X 2020-02-02,33.07559255862889
6Q5AZWX X 2020-02-03,23.492449680086203
6Q5AZWX X 2020-02-04,54.474840268280325
6Q5AZWX X 2020-02-05,28.89415980627586
6Q5AZWX X 2020-02-06,48.02516260106213
6Q5AZWX X 2020-02-07,43.314116949151206
6Q5AZWX X 2020-02-08,42.71592111378742
6Q5AZWX X 2020-02-09,42.109078522913066
6Q5AZWX X 2020-02-10,26.506270803518312
6Q5AZWX X 2020-02-11,33.48198011335778
6Q5AZWX X 2020-02-12,36.96418170517903
6Q5AZWX X 2020-02-13,48.42641403385888
6Q5AZWX X 2020-02-14,54.976723656117
6Q5AZWX X 2020-02-15,32.48849945648572
6Q5AZWX X 2020-02-16,27.070417942913984
6Q5AZWX X 2020-02-17,30.785449838767178
6Q5AZWX X 2020-02-18,96.90059894249063
6Q5AZWX X 2020-02-19,61.35131066599796
6Q5AZWX X 2020-02-20,79.93546127370352
6Q5AZWX X 2020-02-21,78.86883277454234
6Q5AZWX X 2020-02-22,36.03438319132064
6Q5AZWX X 2020-02-23,64.91891640972484
6Q5AZWX X 2020-02-24,50.92929679535271
6Q5AZWX X 2020-02-25,53.961082783675494
6Q5AZWX X 2020-02-26,50.24623855408333
6Q5AZWX X 2020-02-27,30.445661045729274
6Q5AZWX X 2020-02-28,60.838697013942124
6Q5AZWX X 2020-02-29,75.63298899741767
6Q5AZWX X 2020-03-01,25.76354565070214
6Q5AZWX X 2020-03-02,45.417130794630545
6Q5AZWX X 2020-03-03,33.026981600531926
6Q5AZWX X 2020-03-04,47.635095772974296
6Q5AZWX X 2020-03-05,70.8025991224911
6Q5AZWX X 2020-03-06,49.69899827746287
6Q5AZWX X 2020-03-07,53.272394326745584
6Q5AZWX X 2020-03-08,48.66625560479698
6Q5AZWX X 2020-03-09,60.393989288768125
6Q5AZWX X 2020-03-10,62.048418484721196
6Q5AZWX X 2020-03-11,29.88551090305154
6Q5AZWX X 2020-03-12,42.15006393583385
6Q5AZWX X 2020-03-13,39.653458039405045
6Q5AZWX X 2020-03-14,38.06991335448547
6Q5AZWX X 2020-03-15,32.301903873184834
6Q5AZWX X 2020-03-16,47.879560867891946
6Q5AZWX X 2020-03-17,37.07120650487316
6Q5AZWX X 2020-03-18,42.44827820565311
6Q5AZWX X 2020-03-19,30.059296102639138
6Q5AZWX X 2020-03-20,51.893683531648236
6Q5AZWX X 2020-03-21,62.01918612566713
6Q5AZWX X 2020-03-22,39.29353863581379
6Q5AZWX X 2020-03-23,44.6338457624379
6Q5AZWX X 2020-03-24,46.021329009134895
6Q5AZWX X 2020-03-25,57.769025791807465
6Q5AZWX X 2020-03-26,29.37423843931704
6Q5AZWX X 2020-03-27,29.132082561382788
6Q5AZWX X 2020-03-28,44.78442027336695
6Q5AZWX X 2020-03-29,30.72411328746717
6Q5AZWX X 2020-03-30,58.279097195455435
6Q5AZWX X 2020-03-31,45.79650747558392
6Q5AZWX X 2020-04-01,38.43463578805172
6Q5AZWX X 2020-04-02,25.50215421176071
6Q5AZWX X 2020-04-03,52.00495757617185
6Q5AZWX X 2020-04-04,61.985329226265094
6UUG3GR X 2020-01-02,23.685830568189672
6UUG3GR X 2020-01-03,111.64911003642507
6UUG3GR X 2020-01-04,71.76045470900455
6UUG3GR X 2020-01-05,64.40051875068075
6UUG3GR X 2020-01-06,25.41588578723306
6UUG3GR X 2020-01-07,82.97542470320482
6UUG3GR X 2020-01-08,76.0675351513935
6UUG3GR X 2020-01-09,54.344129845465325
6UUG3GR X 2020-01-10,111.68553716982403
6UUG3GR X 2020-01-11,65.95571059047595
6UUG3GR X 2020-01-12,73.68782340253127
6UUG3GR X 2020-01-13,67.23563448590862
6UUG3GR X 2020-01-14,105.86583911652072
6UUG3GR X 2020-01-15,116.56636774231768
6UUG3GR X 2020-01-16,65.8383852514635
6UUG3GR X 2020-01-17,79.9860175743352
6UUG3GR X 2020-01-18,106.60756537552692
6UUG3GR X 2020-01-19,92.82052702654549
6UUG3GR X 2020-01-20,83.46815617262236
6UUG3GR X 2020-01-21,11.85578311698308
6UUG3GR X 2020-01-22,105.49763655136788
6UUG3GR X 2020-01-23,89.52098674334742
6UUG3GR X 2020-01-24,21.32771779245388
6UUG3GR X 2020-01-25,32.699586563223875
6UUG3GR X 2020-01-26,70.13564815047175
6UUG3GR X 2020-01-27,52.45750093367936
6UUG3GR X 2020-01-28,80.25792409757516
6UUG3GR X 2020-01-29,49.19711210182948
6UUG3GR X 2020-01-30,33.613544834036645
6UUG3GR X 2020-01-31,16.450650198004524
6UUG3GR X 2020-02-01,34.3011768641474
6UUG3GR X 2020-02-02,64.93848512631659
6UUG3GR X 2020-02-03,112.81001953128215
6UUG3GR X 2020-02-04,29.83881761139284
6UUG3GR X 2020-02-05,83.63367798407616
6UUG3GR X 2020-02-06,80.00262954877601
6UUG3GR X 2020-02-07,58.57579095964837
6UUG3GR X 2020-02-08,75.65156958726514
6UUG3GR X 2020-02-09,83.57190935429254
6UUG3GR X 2020-02-10,42.52470261679778
6UUG3GR X 2020-02-11,74.14438327009897
6UUG3GR X 2020-02-12,65.64609831957691
6UUG3GR X 2020-02-13,78.37873049705793
6UUG3GR X 2020-02-14,94.62767330889754
6UUG3GR X 2020-02-15,41.87628620742758
6UUG3GR X 2020-02-16,88.68290844237313
6UUG3GR X 2020-02-17,38.320144220250455
6UUG3GR X 2020-02-18,56.638883491776284
6UUG3GR X 2020-02-19,53.94947738606749
6UUG3GR X 2020-02-20,59.10603012479963
6UUG3GR X 2020-02-21,39.46603795019696
6UUG3GR X 2020-02-22,50.56465513300408
6UUG3GR X 2020-02-23,53.70131614382967
6UUG3GR X 2020-02-24,71.66774876122194
6UUG3GR X 2020-02-25,72.91340117065886
6UUG3GR X 2020-02-26,72.42993683377807
6UUG3GR X 2020-02-27,59.12187104622099
6UUG3GR X 2020-02-28,59.37303108311326
6UUG3GR X 2020-02-29,84.96211367563478
6UUG3GR X 2020-03-01,65.32168148835957
6UUG3GR X 2020-03-02,72.17201559763356
6UUG3GR X 2020-03-03,80.45373664570242
6UUG3GR X 2020-03-04,70.93781663622136
6UUG3GR X 2020-03-05,38.66930522995282
6UUG3GR X 2020-03-06,35.18894440680817
6UUG3GR X 2020-03-07,61.21606796445644
6UUG3GR X 2020-03-08,58.4281036692788
6UUG3GR X 2020-03-09,71.0655560179939
6UUG3GR X 2020-03-10,56.67821816119428
6UUG3GR X 2020-03-11,32.91276629236693
6UUG3GR X 2020-03-12,50.68813686997978
6UUG3GR X 2020-03-13,30.968366888950307
6UUG3GR X 2020-03-14,52.84138733846931
6UUG3GR X 2020-03-15,36.39294427638886
6UUG3GR X 2020-03-16,42.416938385084734
6UUG3GR X 2020-03-17,38.61256033727693
6UUG3GR X 2020-03-18,78.68803715822654
6UUG3GR X 2020-03-19,71.34636737961779
6UUG3GR X 2020-03-20,33.525243236009345
6UUG3GR X 2020-03-21,31.537366658346926
6UUG3GR X 2020-03-22,56.832661730443135
6UUG3GR X 2020-03-23,47.444263617528314
6UUG3GR X 2020-03-24,34.04951504738503
6UUG3GR X 2020-03-25,36.33356955040858
6UUG3GR X 2020-03-26,30.71181948116351
6UUG3GR X 2020-03-27,104.7758047045342
6UUG3GR X 2020-03-28,41.33645555251829
6UUG3GR X 2020-03-29,73.12093768359733
6UUG3GR X 2020-03-30,61.74687098627423
6UUG3GR X 2020-03-31,56.50892238561897
6UUG3GR X 2020-04-01,66.46511432571846
6UUG3GR X 2020-04-02,17.199491650536455
6UUG3GR X 2020-04-03,72.14112008898361
6UUG3GR X 2020-04-04,37.30595105856828
6VP6JSW X 2020-01-02,158.58552188720773
6VP6JSW X 2020-01-03,50.00862581277083
6VP6JSW X 2020-01-04,106.19105517573034
6VP6JSW X 2020-01-05,73.34551660041751
6VP6JSW X 2020-01-06,76.17812682488568
6VP6JSW X 2020-01-07,52.68361645088256
6VP6JSW X 2020-01-08,80.8053924371266
6VP6JSW X 2020-01-09,176.681002879848
6VP6JSW X 2020-01-10,156.97954456618208
6VP6JSW X 2020-01-11,71.11095685197112
6VP6JSW X 2020-01-12,65.23787306997026
6VP6JSW X 2020-01-13,54.32086906596902
6VP6JSW X 2020-01-14,54.170785657834685
6VP6JSW X 2020-01-15,151.7176144214293
6VP6JSW X 2020-01-16,128.58744436690387
6VP6JSW X 2020-01-17,151.69055266994974
6VP6JSW X 2020-01-18,159.17985928432955
6VP6JSW X 2020-01-19,110.26109736168256
6VP6JSW X 2020-01-20,148.66515672769742
6VP6JSW X 2020-01-21,62.862524100708214
6VP6JSW X 2020-01-22,70.60551300276082
6VP6JSW X 2020-01-23,78.74356357642863
6VP6JSW X 2020-01-24,77.73834029367353
6VP6JSW X 2020-01-25,52.723133552639865
6VP6JSW X 2020-01-26,99.75897980626225
6VP6JSW X 2020-01-27,103.71176018930205
6VP6JSW X 2020-01-28,65.31116499139418
6VP6JSW X 2020-01-29,60.08197918330298
6VP6JSW X 2020-01-30,150.69110949011252
6VP6JSW X 2020-01-31,135.03725214255985
6VP6JSW X 2020-02-01,109.96270433489704
6VP6JSW X 2020-02-02,82.51965515183659
6VP6JSW X 2020-02-03,128.8750174155689
6VP6JSW X 2020-02-04,63.37530630595022
6VP6JSW X 2020-02-05,79.04579618082555
6VP6JSW X 2020-02-06,91.35976003206962
6VP6JSW X 2020-02-07,172.14380077051106
6VP6JSW X 2020-02-08,109.57513254525352
6VP6JSW X 2020-02-09,142.48322184911
6VP6JSW X 2020-02-10,135.97710278348063
6VP6JSW X 2020-02-11,72.48907948788013
6VP6JSW X 2020-02-12,56.6455559906085
6VP6JSW X 2020-02-13,101.9568432458072
6VP6JSW X 2020-02-14,56.82004153319433
6VP6JSW X 2020-02-15,97.71187500229009
6VP6JSW X 2020-02-16,67.70220802869174
6VP6JSW X 2020-02-17,43.406744357739356
6VP6JSW X 2020-02-18,115.64076272652404
6VP6JSW X 2020-02-19,49.18068139890621
6VP6JSW X 2020-02-20,43.070578703810135
6VP6JSW X 2020-02-21,105.50096362066496
6VP6JSW X 2020-02-22,90.99154346494969
6VP6JSW X 2020-02-23,97.21899900565185
6VP6JSW X 2020-02-24,125.54576103069782
6VP6JSW X 2020-02-25,138.09569227663656
6VP6JSW X 2020-02-26,111.50788841052092
6VP6JSW X 2020-02-27,103.3544052438715
6VP6JSW X 2020-02-28,57.442817680437116
6VP6JSW X 2020-02-29,58.06102390846935
6VP6JSW X 2020-03-01,93.64125476927593
6VP6JSW X 2020-03-02,136.58372893936775
6VP6JSW X 2020-03-03,77.82290104979538
6VP6JSW X 2020-03-04,72.93506512206424
6VP6JSW X 2020-03-05,43.28676519831967
6VP6JSW X 2020-03-06,50.91615124474277
6VP6JSW X 2020-03-07,47.63502617544496
6VP6JSW X 2020-03-08,31.44184282366753
6VP6JSW X 2020-03-09,49.46724144391638
6VP6JSW X 2020-03-10,91.96524077713529
6VP6JSW X 2020-03-11,71.47457336457651
6VP6JSW X 2020-03-12,34.76987971762224
6VP6JSW X 2020-03-13,112.77160691019743
6VP6JSW X 2020-03-14,67.95163035430197
6VP6JSW X 2020-03-15,82.89898788601549
6VP6JSW X 2020-03-16,87.60297469265923
6VP6JSW X 2020-03-17,109.4214886752558
6VP6JSW X 2020-03-18,130.1952225937289
6VP6JSW X 2020-03-19,113.30427456003264
6VP6JSW X 2020-03-20,85.53027771677937
6VP6JSW X 2020-03-21,60.567957888259514
6VP6JSW X 2020-03-22,66.56322091465813
6VP6JSW X 2020-03-23,133.4991061970619
6VP6JSW X 2020-03-24,36.563957399655045
6VP6JSW X 2020-03-25,79.21109854093494
6VP6JSW X 2020-03-26,69.97658980024882
6VP6JSW X 2020-03-27,58.29164382264345
6VP6JSW X 2020-03-28,49.37687227964097
6VP6JSW X 2020-03-29,46.50211665422498
6VP6JSW X 2020-03-30,57.02548987407155
6VP6JSW X 2020-03-31,32.711995305887115
6VP6JSW X 2020-04-01,66.74182581660567
6VP6JSW X 2020-04-02,55.96183570218409
6VP6JSW X 2020-04-03,79.95468856294035
6VP6JSW X 2020-04-04,103.58987076710092
7647I73 X 2020-01-02,103.11893857036591
7647I73 X 2020-01-03,70.83904771946949
7647I73 X 2020-01-04,24.73948508224339
7647I73 X 2020-01-05,55.148249737677496
7647I73 X 2020-01-06,73.52104711052097
7647I73 X 2020-01-07,75.24203425681551
7647I73 X 2020-01-08,57.548840441325694
7647I73 X 2020-01-09,44.45546424479641
7647I73 X 2020-01-10,51.63650619500973
7647I73 X 2020-01-11,40.55852664217152
7647I73 X 2020-01-12,71.06729740137781
7647I73 X 2020-01-13,47.424289149558284
7647I73 X 2020-01-14,75.20761585431288
7647I73 X 2020-01-15,71.88333826061758
7647I73 X 2020-01-16,87.84023463057206
7647I73 X 2020-01-17,74.75912363453693
7647I73 X 2020-01-18,44.111387278132405
7647I73 X 2020-01-19,35.60534186841531
7647I73 X 2020-01-20,65.73098537851403
7647I73 X 2020-01-21,85.70835600197267
7647I73 X 2020-01-22,88.04636703158208
7647I73 X 2020-01-23,78.14260852101648
7647I73 X 2020-01-24,80.01056950479364
7647I73 X 2020-01-25,103.08550455097746
7647I73 X 2020-01-26,84.29036890861858
7647I73 X 2020-01-27,92.2680468273586
7647I73 X 2020-01-28,39.948605289528686
7647I73 X 2020-01-29,26.287184012879294
7647I73 X 2020-01-30,39.18186219564158
7647I73 X 2020-01-31,19.221947734609195
7647I73 X 2020-02-01,18.48268268330181
7647I73 X 2020-02-02,22.222763370937727
7647I73 X 2020-02-03,21.658190869812927
7647I73 X 2020-02-04,15.779381833910872
7647I73 X 2020-02-05,22.6820849133758
7647I73 X 2020-02-06,37.5577995219888
7647I73 X 2020-02-07,56.672465708741925
7647I73 X 2020-02-08,60.09354685795502
7647I73 X 2020-02-09,75.86613436323597
7647I73 X 2020-02-10,22.95805174002359
7647I73 X 2020-02-11,13.364433141239825
7647I73 X 2020-02-12,23.53589194261494
7647I73 X 2020-02-13,28.111736276387695
7647I73 X 2020-02-14,25.119004451917895
7647I73 X 2020-02-15,60.3693789130017
7647I73 X 2020-02-16,36.80288817235792
7647I73 X 2020-02-17,20.699091433099795
7647I73 X 2020-02-18,13.915821339285127
7647I73 X 2020-02-19,29.46896050006317
7647I73 X 2020-02-20,36.17693838684575
7647I73 X 2020-02-21,19.480546395533683
7647I73 X 2020-02-22,41.36239638234183
7647I73 X 2020-02-23,18.53202025562676
7647I73 X 2020-02-24,30.849993402743856
7647I73 X 2020-02-25,23.107871392312717
7647I73 X 2020-02-26,17.086238587581178
7647I73 X 2020-02-27,23.39231540278262
7647I73 X 2020-02-28,29.199217760097255
7647I73 X 2020-02-29,49.778322487015906
7647I73 X 2020-03-01,19.984587872465443
7647I73 X 2020-03-02,20.135997910005923
7647I73 X 2020-03-03,43.11449191092448
7647I73 X 2020-03-04,28.40053011911111
7647I73 X 2020-03-05,51.343084129140806
7647I73 X 2020-03-06,47.749199385596
7647I73 X 2020-03-07,29.71158783201863
7647I73 X 2020-03-08,48.095476794979234
7647I73 X 2020-03-09,60.941452516215335
7647I73 X 2020-03-10,36.142660424922
7647I73 X 2020-03-11,20.280430815176267
7647I73 X 2020-03-12,23.528124842920043
7647I73 X 2020-03-13,22.238993120253486
7647I73 X 2020-03-14,32.37695804655892
7647I73 X 2020-03-15,50.95481918542621
7647I73 X 2020-03-16,58.908090202543974
7647I73 X 2020-03-17,45.546664868412904
7647I73 X 2020-03-18,56.005497613065444
7647I73 X 2020-03-19,48.27552239413413
7647I73 X 2020-03-20,52.84241069863103
7647I73 X 2020-03-21,39.84251080046329
7647I73 X 2020-03-22,27.343548269127524
7647I73 X 2020-03-23,61.31541188389298
7647I73 X 2020-03-24,50.95791049190225
7647I73 X 2020-03-25,56.42116037231628
7647I73 X 2020-03-26,53.08010431921862
7647I73 X 2020-03-27,51.19200125498121
7647I73 X 2020-03-28,73.42193923049176
7647I73 X 2020-03-29,45.81992124990125
7647I73 X 2020-03-30,36.35383562321501
7647I73 X 2020-03-31,58.00613129176209
76RSX1D X 2020-01-02,114.54614277216244
76RSX1D X 2020-01-03,79.07493974849625
76RSX1D X 2020-01-04,131.75484701583355
76RSX1D X 2020-01-05,195.69192206354074
76RSX1D X 2020-01-06,77.96382499439376
76RSX1D X 2020-01-07,35.95804871573343
76RSX1D X 2020-01-08,107.13956504994907
76RSX1D X 2020-01-09,35.895617168572315
76RSX1D X 2020-01-10,41.64525736917844
76RSX1D X 2020-01-11,46.40465844209688
76RSX1D X 2020-01-12,88.56219903474873
76RSX1D X 2020-01-13,37.61185112802692
76RSX1D X 2020-01-14,62.036365975831174
76RSX1D X 2020-01-15,55.231789562819536
76RSX1D X 2020-01-16,38.61868309745272
76RSX1D X 2020-01-17,53.39892449852641
76RSX1D X 2020-01-18,36.24336734832605
76RSX1D X 2020-01-19,26.99117648092988
76RSX1D X 2020-01-20,39.91580330889087
76RSX1D X 2020-01-21,39.28852220446056
76RSX1D X 2020-01-22,40.27213449019784
76RSX1D X 2020-01-23,55.43866737494497
76RSX1D X 2020-01-24,45.453106783506634
76RSX1D X 2020-01-25,31.35266119765192
76RSX1D X 2020-01-26,29.28053373425717
76RSX1D X 2020-01-27,38.33125108355969
76RSX1D X 2020-01-28,37.97146529881147
76RSX1D X 2020-01-29,40.050085480081776
76RSX1D X 2020-01-30,48.821652433037684
76RSX1D X 2020-01-31,34.345613068864196
76RSX1D X 2020-02-01,39.9245346266218
76RSX1D X 2020-02-02,34.30241108905526
76RSX1D X 2020-02-03,41.89511014973091
76RSX1D X 2020-02-04,24.23583945891913
76RSX1D X 2020-02-05,48.793753775993565
76RSX1D X 2020-02-06,16.37685451555199
76RSX1D X 2020-02-07,15.75396950308324
76RSX1D X 2020-02-08,13.47701205715607
76RSX1D X 2020-02-09,11.912439085643758
76RSX1D X 2020-02-10,24.503448395051088
76RSX1D X 2020-02-11,19.393872469477074
76RSX1D X 2020-02-12,10.764878999241564
76RSX1D X 2020-02-13,16.482913276054948
76RSX1D X 2020-02-14,19.202151915317753
76RSX1D X 2020-02-15,14.019930748792355
76RSX1D X 2020-02-16,16.030536052655002
76RSX1D X 2020-02-17,12.084768071222566
76RSX1D X 2020-02-18,26.666760909918466
76RSX1D X 2020-02-19,21.533570557777807
76RSX1D X 2020-02-20,24.439126062816115
76RSX1D X 2020-02-21,17.57667016024741
76RSX1D X 2020-02-22,17.03495366637768
76RSX1D X 2020-02-23,16.037502617936543
76RSX1D X 2020-02-24,19.466750877441466
76RSX1D X 2020-02-25,26.199825478626096
76RSX1D X 2020-02-26,27.91247164778391
76RSX1D X 2020-02-27,18.91877496308261
76RSX1D X 2020-02-28,26.393733363983173
76RSX1D X 2020-02-29,33.28827332564033
76RSX1D X 2020-03-01,24.303602283289216
76RSX1D X 2020-03-02,47.0954426807059
76RSX1D X 2020-03-03,25.28738529876633
76RSX1D X 2020-03-04,20.323010597602668
76RSX1D X 2020-03-05,14.54316564556849
76RSX1D X 2020-03-06,15.549004612296507
76RSX1D X 2020-03-07,15.77432562998289
76RSX1D X 2020-03-08,11.479490239660663
76RSX1D X 2020-03-09,16.253058554693155
76RSX1D X 2020-03-10,21.36229490443675
76RSX1D X 2020-03-11,19.43915626009644
76RSX1D X 2020-03-12,13.577906679426675
76RSX1D X 2020-03-13,28.268761008438993
76RSX1D X 2020-03-14,16.599455666950917
76RSX1D X 2020-03-15,13.266929689617509
76RSX1D X 2020-03-16,12.203126916928468
76RSX1D X 2020-03-17,15.070630418844846
76RSX1D X 2020-03-18,27.57035314292621
76RSX1D X 2020-03-19,30.48881228530277
76RSX1D X 2020-03-20,37.293312978156024
76RSX1D X 2020-03-21,14.629767463541715
76RSX1D X 2020-03-22,43.20021749834149
76RSX1D X 2020-03-23,14.109432975940393
76RSX1D X 2020-03-24,17.056418176337125
76RSX1D X 2020-03-25,16.865601119437247
76RSX1D X 2020-03-26,13.443728536572646
76RSX1D X 2020-03-27,11.766492179899846
76RSX1D X 2020-03-28,20.10098601147319
76RSX1D X 2020-03-29,10.659269736220743
76RSX1D X 2020-03-30,19.141410325470375
76RSX1D X 2020-03-31,15.224150663029022
76RSX1D X 2020-04-01,18.086135315907452
76RSX1D X 2020-04-02,20.19482970061368
76RSX1D X 2020-04-03,16.88200304541965
76RSX1D X 2020-04-04,19.063917702004783
7G7AG28 X 2020-01-02,99.35508580034323
7G7AG28 X 2020-01-03,126.24818232038432
7G7AG28 X 2020-01-04,120.3577620593269
7G7AG28 X 2020-01-05,115.05432259322367
7G7AG28 X 2020-01-06,72.46293210878534
7G7AG28 X 2020-01-07,87.84793516746184
7G7AG28 X 2020-01-08,132.83567939537113
7G7AG28 X 2020-01-09,102.90622318662874
7G7AG28 X 2020-01-10,85.26324274491029
7G7AG28 X 2020-01-11,128.7798137638369
7G7AG28 X 2020-01-12,156.44361084481272
7G7AG28 X 2020-01-13,175.24447050684404
7G7AG28 X 2020-01-14,162.83344444375138
7G7AG28 X 2020-01-15,99.3377533568087
7G7AG28 X 2020-01-16,83.99914480052614
7G7AG28 X 2020-01-17,123.77085199404952
7G7AG28 X 2020-01-18,138.24049715058095
7G7AG28 X 2020-01-19,169.73048371838388
7G7AG28 X 2020-01-20,156.11946167911913
7G7AG28 X 2020-01-21,155.29843833655656
7G7AG28 X 2020-01-22,99.7302714247912
7G7AG28 X 2020-01-23,81.303027560801
7G7AG28 X 2020-01-24,66.51256939373204
7G7AG28 X 2020-01-25,78.41962142120346
7G7AG28 X 2020-01-26,55.77770906193207
7G7AG28 X 2020-01-27,116.09941625663579
7G7AG28 X 2020-01-28,97.92379565507868
7G7AG28 X 2020-01-29,149.4838764209705
7G7AG28 X 2020-01-30,148.31643540781045
7G7AG28 X 2020-01-31,116.73736180287946
7G7AG28 X 2020-02-01,129.9241731456928
7G7AG28 X 2020-02-02,81.01329722838439
7G7AG28 X 2020-02-03,148.49506440985908
7G7AG28 X 2020-02-04,142.34607948141377
7G7AG28 X 2020-02-05,133.8380733647823
7G7AG28 X 2020-02-06,66.57735422646181
7G7AG28 X 2020-02-07,82.12423477692252
7G7AG28 X 2020-02-08,85.11491995026934
7G7AG28 X 2020-02-09,113.66147108106132
7G7AG28 X 2020-02-10,102.66112693315127
7G7AG28 X 2020-02-11,95.96276170329547
7G7AG28 X 2020-02-12,114.95061450372113
7G7AG28 X 2020-02-13,95.92269220709719
7G7AG28 X 2020-02-14,65.30988985426767
7G7AG28 X 2020-02-15,46.475631894323975
7G7AG28 X 2020-02-16,87.50161600358454
7G7AG28 X 2020-02-17,116.19448986304245
7G7AG28 X 2020-02-18,96.37601670853407
7G7AG28 X 2020-02-19,84.10390841214728
7G7AG28 X 2020-02-20,123.0837310203094
7G7AG28 X 2020-02-21,116.05224935823641
7G7AG28 X 2020-02-22,119.74543822875732
7G7AG28 X 2020-02-23,129.6481440518338
7G7AG28 X 2020-02-24,88.53032267598813
7G7AG28 X 2020-02-25,70.5045400980533
7G7AG28 X 2020-02-26,66.76166713690468
7G7AG28 X 2020-02-27,81.84491322439948
7G7AG28 X 2020-02-28,69.81495450143159
7G7AG28 X 2020-02-29,79.04859198197865
7G7AG28 X 2020-03-01,74.92133426536452
7G7AG28 X 2020-03-02,45.514139642306596
7G7AG28 X 2020-03-03,62.49072066925875
7G7AG28 X 2020-03-04,121.7894125247178
7G7AG28 X 2020-03-05,79.69893624914087
7G7AG28 X 2020-03-06,66.67701602474237
7G7AG28 X 2020-03-07,99.49584838749736
7G7AG28 X 2020-03-08,93.51941419973136
7G7AG28 X 2020-03-09,72.18774980761077
7G7AG28 X 2020-03-10,95.09990127156206
7G7AG28 X 2020-03-11,111.75719148718362
7G7AG28 X 2020-03-12,74.35005641256507
7G7AG28 X 2020-03-13,77.21573824698119
7G7AG28 X 2020-03-14,129.0185671229492
7G7AG28 X 2020-03-15,103.39667064709201
7G7AG28 X 2020-03-16,61.735662444587874
7G7AG28 X 2020-03-17,96.88225874701875
7G7AG28 X 2020-03-18,110.35060154362496
7G7AG28 X 2020-03-19,86.49984438442972
7G7AG28 X 2020-03-20,84.84448268519462
7G7AG28 X 2020-03-21,103.02138264950813
7G7AG28 X 2020-03-22,80.99460950884978
7G7AG28 X 2020-03-23,84.69444114241236
7G7AG28 X 2020-03-24,104.50325584184911
7G7AG28 X 2020-03-25,71.54650361804137
7G7AG28 X 2020-03-26,91.64919851334521
7G7AG28 X 2020-03-27,48.65871647531768
7G7AG28 X 2020-03-28,50.32298550369603
7G7AG28 X 2020-03-29,39.64685926063688
7G7AG28 X 2020-03-30,41.94324690121174
7G7AG28 X 2020-03-31,79.42765952984091
7G7AG28 X 2020-04-01,63.82576418926915
7G7AG28 X 2020-04-02,82.17310572268097
7G7AG28 X 2020-04-03,86.39283628779938
7G7AG28 X 2020-04-04,105.532969767242
7N5XYRU X 2020-01-02,89.38725483059235
7N5XYRU X 2020-01-03,86.29910836285747
7N5XYRU X 2020-01-04,119.2055489809879
7N5XYRU X 2020-01-05,118.96461419143141
7N5XYRU X 2020-01-06,86.58524789376021
7N5XYRU X 2020-01-07,139.22361042043934
7N5XYRU X 2020-01-08,54.67513755747234
7N5XYRU X 2020-01-09,119.69820440184647
7N5XYRU X 2020-01-10,132.58338812724764
7N5XYRU X 2020-01-11,53.046740001240245
7N5XYRU X 2020-01-12,58.101060856969596
7N5XYRU X 2020-01-13,51.710310931182356
7N5XYRU X 2020-01-14,162.7369272407775
7N5XYRU X 2020-01-15,198.56957976187027
7N5XYRU X 2020-01-16,84.83096437199394
7N5XYRU X 2020-01-17,124.97788861531116
7N5XYRU X 2020-01-18,120.18523745423205
7N5XYRU X 2020-01-19,170.5068743605542
7N5XYRU X 2020-01-20,184.03047727720127
7N5XYRU X 2020-01-21,157.01901075916084
7N5XYRU X 2020-01-22,85.23087826586574
7N5XYRU X 2020-01-23,51.60354267438532
7N5XYRU X 2020-01-24,75.94134417426802
7N5XYRU X 2020-01-25,184.82577017262662
7N5XYRU X 2020-01-26,128.57995016818262
7N5XYRU X 2020-01-27,178.08473817823142
7N5XYRU X 2020-01-28,86.16530853798648
7N5XYRU X 2020-01-29,46.79328352986343
7N5XYRU X 2020-01-30,105.27443993314355
7N5XYRU X 2020-01-31,188.83271966916095
7N5XYRU X 2020-02-01,63.878332988033065
7N5XYRU X 2020-02-02,43.61294611992091
7N5XYRU X 2020-02-03,51.41601469151088
7N5XYRU X 2020-02-04,64.07838270266812
7N5XYRU X 2020-02-05,62.23013042573231
7N5XYRU X 2020-02-06,78.02541309973462
7N5XYRU X 2020-02-07,79.12135856423848
7N5XYRU X 2020-02-08,98.26006714181392
7N5XYRU X 2020-02-09,82.55023710102478
7N5XYRU X 2020-02-10,149.82102088050027
7N5XYRU X 2020-02-11,106.484897043848
7N5XYRU X 2020-02-12,90.41903748148667
7N5XYRU X 2020-02-13,35.670724837935914
7N5XYRU X 2020-02-14,67.35714206173137
7N5XYRU X 2020-02-15,62.528220913232516
7N5XYRU X 2020-02-16,44.161253165253555
7N5XYRU X 2020-02-17,69.97611468336235
7N5XYRU X 2020-02-18,37.15940466819783
7N5XYRU X 2020-02-19,61.47299849961992
7N5XYRU X 2020-02-20,94.60893274039995
7N5XYRU X 2020-02-21,105.86545386321902
7N5XYRU X 2020-02-22,68.6218544622687
7N5XYRU X 2020-02-23,69.50140543471637
7N5XYRU X 2020-02-24,37.39154586951702
7N5XYRU X 2020-02-25,53.950393409896435
7N5XYRU X 2020-02-26,64.300346314881
7N5XYRU X 2020-02-27,73.75432084423073
7N5XYRU X 2020-02-28,72.28287353236968
7N5XYRU X 2020-02-29,63.95620972803424
7N5XYRU X 2020-03-01,82.71042918009456
7N5XYRU X 2020-03-02,104.78313565306206
7N5XYRU X 2020-03-03,86.94533131854787
7N5XYRU X 2020-03-04,61.36772100974106
7N5XYRU X 2020-03-05,68.80232795093131
7N5XYRU X 2020-03-06,111.19966289203461
7N5XYRU X 2020-03-07,100.67059798492032
7N5XYRU X 2020-03-08,48.38075305647305
7N5XYRU X 2020-03-09,67.29615933070976
7N5XYRU X 2020-03-10,83.06576288252936
7N5XYRU X 2020-03-11,85.60920130926118
7N5XYRU X 2020-03-12,29.53163468386613
7N5XYRU X 2020-03-13,48.085159241286945
7N5XYRU X 2020-03-14,40.18172905592941
7N5XYRU X 2020-03-15,41.99602428361685
7N5XYRU X 2020-03-16,73.98235390018921
7N5XYRU X 2020-03-17,45.28544034061754
7N5XYRU X 2020-03-18,44.79299422386955
7N5XYRU X 2020-03-19,31.932752471568755
7N5XYRU X 2020-03-20,56.59512186405017
7N5XYRU X 2020-03-21,32.84582186851389
7N5XYRU X 2020-03-22,47.38139304597874
7N5XYRU X 2020-03-23,40.62451917426071
7N5XYRU X 2020-03-24,65.08363012418205
7N5XYRU X 2020-03-25,89.17672834960509
7N5XYRU X 2020-03-26,31.4953412633444
7N5XYRU X 2020-03-27,40.82703023086702
7N5XYRU X 2020-03-28,53.6718432166778
7N5XYRU X 2020-03-29,81.6176903309411
7N5XYRU X 2020-03-30,97.17533795715842
7N5XYRU X 2020-03-31,38.2901366827955
7N5XYRU X 2020-04-01,54.86177338609385
7N5XYRU X 2020-04-02,44.23931822340368
7N5XYRU X 2020-04-03,28.708037744361512
7N5XYRU X 2020-04-04,80.99229760631816
7SZW1UF X 2020-01-02,91.89758832253517
7SZW1UF X 2020-01-03,84.4596735022933
7SZW1UF X 2020-01-04,33.22915472904473
7SZW1UF X 2020-01-05,43.34839690028801
7SZW1UF X 2020-01-06,61.7054816203499
7SZW1UF X 2020-01-07,82.94664881469764
7SZW1UF X 2020-01-08,74.8468660287826
7SZW1UF X 2020-01-09,44.310311563410984
7SZW1UF X 2020-01-10,58.4163214056436
7SZW1UF X 2020-01-11,54.2170165135942
7SZW1UF X 2020-01-12,74.04558412955433
7SZW1UF X 2020-01-13,46.383235362705584
7SZW1UF X 2020-01-14,48.87341758293586
7SZW1UF X 2020-01-15,63.39525073554891
7SZW1UF X 2020-01-16,61.40940949887619
7SZW1UF X 2020-01-17,87.49884188515695
7SZW1UF X 2020-01-18,38.54903693204189
7SZW1UF X 2020-01-19,72.36551996997612
7SZW1UF X 2020-01-20,53.075147773106586
7SZW1UF X 2020-01-21,79.50515342744214
7SZW1UF X 2020-01-22,50.936659455431055
7SZW1UF X 2020-01-23,66.6242914683379
7SZW1UF X 2020-01-24,97.47220353997061
7SZW1UF X 2020-01-25,67.92520062195865
7SZW1UF X 2020-01-26,76.07623844915726
7SZW1UF X 2020-01-27,78.36319156100826
7SZW1UF X 2020-01-28,73.25065306054023
7SZW1UF X 2020-01-29,16.572335166161473
7SZW1UF X 2020-01-30,33.614722352120666
7SZW1UF X 2020-01-31,49.19453920569494
7SZW1UF X 2020-02-01,26.866576986730358
7SZW1UF X 2020-02-02,24.540324644954346
7SZW1UF X 2020-02-03,36.57057255620681
7SZW1UF X 2020-02-04,28.609179031803393
7SZW1UF X 2020-02-05,35.59821387367684
7SZW1UF X 2020-02-06,50.35225185599563
7SZW1UF X 2020-02-07,64.42124390238344
7SZW1UF X 2020-02-08,73.76171829884409
7SZW1UF X 2020-02-09,57.85118904379776
7SZW1UF X 2020-02-10,46.70848581466382
7SZW1UF X 2020-02-11,34.27489400557814
7SZW1UF X 2020-02-12,25.552133228280965
7SZW1UF X 2020-02-13,37.694112914001245
7SZW1UF X 2020-02-14,46.77143909950399
7SZW1UF X 2020-02-15,49.69654373714219
7SZW1UF X 2020-02-16,40.44388768595236
7SZW1UF X 2020-02-17,46.040951856968036
7SZW1UF X 2020-02-18,29.88660965622534
7SZW1UF X 2020-02-19,30.163706469893533
7SZW1UF X 2020-02-20,39.72356609325212
7SZW1UF X 2020-02-21,41.38442917507505
7SZW1UF X 2020-02-22,60.740964520858455
7SZW1UF X 2020-02-23,41.366293768789724
7SZW1UF X 2020-02-24,29.8167923342953
7SZW1UF X 2020-02-25,33.699119057683205
7SZW1UF X 2020-02-26,37.343885675776136
7SZW1UF X 2020-02-27,42.618341752333876
7SZW1UF X 2020-02-28,57.68896222922044
7SZW1UF X 2020-02-29,45.224554221052365
7SZW1UF X 2020-03-01,32.855658261394176
7SZW1UF X 2020-03-02,40.00048877158717
7SZW1UF X 2020-03-03,48.63645364412701
7SZW1UF X 2020-03-04,39.49058529749462
7SZW1UF X 2020-03-05,52.34133802807212
7SZW1UF X 2020-03-06,49.21625779103293
7SZW1UF X 2020-03-07,32.62839922414333
7SZW1UF X 2020-03-08,51.239005268759065
7SZW1UF X 2020-03-09,57.26681884115058
7SZW1UF X 2020-03-10,49.98384519242521
7SZW1UF X 2020-03-11,16.2962103961818
7SZW1UF X 2020-03-12,16.633434392016294
7SZW1UF X 2020-03-13,30.73974806526858
7SZW1UF X 2020-03-14,29.3638553396717
7SZW1UF X 2020-03-15,63.251598760660855
7SZW1UF X 2020-03-16,63.55034134304384
7SZW1UF X 2020-03-17,76.21750466638916
7SZW1UF X 2020-03-18,83.75739041404498
7SZW1UF X 2020-03-19,48.19740388327465
7SZW1UF X 2020-03-20,54.33726653568445
7SZW1UF X 2020-03-21,42.23520985596817
7SZW1UF X 2020-03-22,33.99731612845514
7SZW1UF X 2020-03-23,38.194662897262134
7SZW1UF X 2020-03-24,57.582103561913996
7SZW1UF X 2020-03-25,47.08418960541381
7SZW1UF X 2020-03-26,74.62473900935179
7SZW1UF X 2020-03-27,91.10103866516774
7SZW1UF X 2020-03-28,107.54453489203611
7SZW1UF X 2020-03-29,79.96949509113821
7SZW1UF X 2020-03-30,24.966619181679512
7SZW1UF X 2020-03-31,60.457562667627315
7SZZTH1 X 2020-01-02,38.96340235318162
7SZZTH1 X 2020-01-03,21.07572738003454
7SZZTH1 X 2020-01-04,17.22763744518775
7SZZTH1 X 2020-01-05,22.74633444695777
7SZZTH1 X 2020-01-06,30.883205065818885
7SZZTH1 X 2020-01-07,29.474289750338308
7SZZTH1 X 2020-01-08,9.004583327297308
7SZZTH1 X 2020-01-09,16.482352149144653
7SZZTH1 X 2020-01-10,14.664366250644804
7SZZTH1 X 2020-01-11,23.836278559768843
7SZZTH1 X 2020-01-12,25.745246989107926
7SZZTH1 X 2020-01-13,26.191040486709994
7SZZTH1 X 2020-01-14,25.142257254755535
7SZZTH1 X 2020-01-15,12.096463786659886
7SZZTH1 X 2020-01-16,25.165561511679243
7SZZTH1 X 2020-01-17,36.387052099235106
7SZZTH1 X 2020-01-18,15.047926412639296
7SZZTH1 X 2020-01-19,19.914704120269565
7SZZTH1 X 2020-01-20,24.64551941255518
7SZZTH1 X 2020-01-21,30.505076686435373
7SZZTH1 X 2020-01-22,28.67125123765397
7SZZTH1 X 2020-01-23,34.897342968885674
7SZZTH1 X 2020-01-24,27.850197571266477
7SZZTH1 X 2020-01-25,27.85952242198219
7SZZTH1 X 2020-01-26,26.661795734469663
7SZZTH1 X 2020-01-27,25.13509633934048
7SZZTH1 X 2020-01-28,22.89958189193395
7SZZTH1 X 2020-01-29,15.19701878111935
7SZZTH1 X 2020-01-30,17.97337324091889
7SZZTH1 X 2020-01-31,17.95922757529366
7SZZTH1 X 2020-02-01,17.76715325034172
7SZZTH1 X 2020-02-02,21.943844449592852
7SZZTH1 X 2020-02-03,14.579073200720597
7SZZTH1 X 2020-02-04,20.809265709256962
7SZZTH1 X 2020-02-05,27.34392438457631
7SZZTH1 X 2020-02-06,25.978657802981132
7SZZTH1 X 2020-02-07,32.73686582692804
7SZZTH1 X 2020-02-08,30.652555804599174
7SZZTH1 X 2020-02-09,20.211277224259554
7SZZTH1 X 2020-02-10,19.65221037990644
7SZZTH1 X 2020-02-11,17.525681186534236
7SZZTH1 X 2020-02-12,17.171350968012213
7SZZTH1 X 2020-02-13,20.64925005425199
7SZZTH1 X 2020-02-14,41.2833576873146
7SZZTH1 X 2020-02-15,22.57762576895336
7SZZTH1 X 2020-02-16,20.132784040776603
7SZZTH1 X 2020-02-17,22.41295940660747
7SZZTH1 X 2020-02-18,16.150711717087596
7SZZTH1 X 2020-02-19,18.370885690856888
7SZZTH1 X 2020-02-20,22.878544173751173
7SZZTH1 X 2020-02-21,23.676871263437178
7SZZTH1 X 2020-02-22,19.91501188357148
7SZZTH1 X 2020-02-23,21.809355729640764
7SZZTH1 X 2020-02-24,23.01190494729539
7SZZTH1 X 2020-02-25,26.966107030809724
7SZZTH1 X 2020-02-26,22.893236403559378
7SZZTH1 X 2020-02-27,26.063228361184017
7SZZTH1 X 2020-02-28,29.40097553534296
7SZZTH1 X 2020-02-29,24.523366980626427
7SZZTH1 X 2020-03-01,20.8405968071925
7SZZTH1 X 2020-03-02,24.96226984030347
7SZZTH1 X 2020-03-03,32.05991822652003
7SZZTH1 X 2020-03-04,25.481568146242132
7SZZTH1 X 2020-03-05,24.912350153996613
7SZZTH1 X 2020-03-06,29.45162499086301
7SZZTH1 X 2020-03-07,25.923199823828824
7SZZTH1 X 2020-03-08,24.5999151886747
7SZZTH1 X 2020-03-09,29.6964350901456
7SZZTH1 X 2020-03-10,20.535756682356634
7SZZTH1 X 2020-03-11,18.471744446978427
7SZZTH1 X 2020-03-12,20.038068503175722
7SZZTH1 X 2020-03-13,21.064325973293748
7SZZTH1 X 2020-03-14,29.08916224710054
7SZZTH1 X 2020-03-15,40.50378565571903
7SZZTH1 X 2020-03-16,25.40451870642348
7SZZTH1 X 2020-03-17,28.18319093252964
7SZZTH1 X 2020-03-18,26.295662436781996
7SZZTH1 X 2020-03-19,29.195073381764317
7SZZTH1 X 2020-03-20,25.879581280881737
7SZZTH1 X 2020-03-21,20.15955647201009
7SZZTH1 X 2020-03-22,30.659509391870586
7SZZTH1 X 2020-03-23,34.318599051764025
7SZZTH1 X 2020-03-24,46.855639681941256
7SZZTH1 X 2020-03-25,57.45168648498132
7SZZTH1 X 2020-03-26,45.086545754317086
7SZZTH1 X 2020-03-27,45.275127449264204
7SZZTH1 X 2020-03-28,48.539699511778586
7SZZTH1 X 2020-03-29,24.12447952642104
7SZZTH1 X 2020-03-30,21.985019420049344
7SZZTH1 X 2020-03-31,30.796457383002327
7SZZTH1 X 2020-04-01,21.597916228471533
7SZZTH1 X 2020-04-02,25.052542741670806
7SZZTH1 X 2020-04-03,28.177549851415122
7SZZTH1 X 2020-04-04,27.605063072026425
7VQXRXL X 2020-01-02,29.759131899790844
7VQXRXL X 2020-01-03,42.53044524366744
7VQXRXL X 2020-01-04,60.17612986277743
7VQXRXL X 2020-01-05,115.9132203093135
7VQXRXL X 2020-01-06,116.19001272826988
7VQXRXL X 2020-01-07,80.10207020180128
7VQXRXL X 2020-01-08,107.61762427255535
7VQXRXL X 2020-01-09,90.18950817047832
7VQXRXL X 2020-01-10,45.4876375834935
7VQXRXL X 2020-01-11,50.61392770159879
7VQXRXL X 2020-01-12,68.17907985777492
7VQXRXL X 2020-01-13,36.553114625836805
7VQXRXL X 2020-01-14,44.07967180907716
7VQXRXL X 2020-01-15,124.61342899849846
7VQXRXL X 2020-01-16,106.49058316295697
7VQXRXL X 2020-01-17,70.97827018859904
7VQXRXL X 2020-01-18,57.904993761773554
7VQXRXL X 2020-01-19,92.24849071627048
7VQXRXL X 2020-01-20,83.93658804084139
7VQXRXL X 2020-01-21,105.84418712391253
7VQXRXL X 2020-01-22,42.02807089182224
7VQXRXL X 2020-01-23,34.21000740907598
7VQXRXL X 2020-01-24,25.177680505222504
7VQXRXL X 2020-01-25,30.330616255195253
7VQXRXL X 2020-01-26,48.54336858908245
7VQXRXL X 2020-01-27,85.1204709642519
7VQXRXL X 2020-01-28,105.47433126974063
7VQXRXL X 2020-01-29,80.07610811868909
7VQXRXL X 2020-01-30,88.93883006029216
7VQXRXL X 2020-01-31,92.11163851151998
7VQXRXL X 2020-02-01,28.88810362886141
7VQXRXL X 2020-02-02,28.52935786699399
7VQXRXL X 2020-02-03,57.00787073139273
7VQXRXL X 2020-02-04,60.274201007997235
7VQXRXL X 2020-02-05,59.972783347302865
7VQXRXL X 2020-02-06,91.2048004957892
7VQXRXL X 2020-02-07,72.52981921599925
7VQXRXL X 2020-02-08,47.66059092070226
7VQXRXL X 2020-02-09,25.061599150441914
7VQXRXL X 2020-02-10,43.90743856350479
7VQXRXL X 2020-02-11,107.83068798260861
7VQXRXL X 2020-02-12,83.72070426254236
7VQXRXL X 2020-02-13,79.62007426434315
7VQXRXL X 2020-02-14,26.388488879169714
7VQXRXL X 2020-02-15,76.80537622573335
7VQXRXL X 2020-02-16,82.56688456625464
7VQXRXL X 2020-02-17,87.83145985735571
7VQXRXL X 2020-02-18,83.20668470277853
7VQXRXL X 2020-02-19,91.27006166268059
7VQXRXL X 2020-02-20,61.62574483505283
7VQXRXL X 2020-02-21,85.91249424349623
7VQXRXL X 2020-02-22,61.93136724086685
7VQXRXL X 2020-02-23,79.66834992666023
7VQXRXL X 2020-02-24,46.31785420960622
7VQXRXL X 2020-02-25,54.88026412409366
7VQXRXL X 2020-02-26,30.879120956288382
7VQXRXL X 2020-02-27,97.57416669063852
7VQXRXL X 2020-02-28,68.64586593662334
7VQXRXL X 2020-02-29,59.23588057282332
7VQXRXL X 2020-03-01,58.93970045430946
7VQXRXL X 2020-03-02,46.73200514440974
7VQXRXL X 2020-03-03,77.94049208626818
7VQXRXL X 2020-03-04,62.0038955443835
7VQXRXL X 2020-03-05,66.64550775646512
7VQXRXL X 2020-03-06,85.04806786553821
7VQXRXL X 2020-03-07,72.32139494356434
7VQXRXL X 2020-03-08,81.95525933571558
7VQXRXL X 2020-03-09,78.85095475606975
7VQXRXL X 2020-03-10,72.37974576879186
7VQXRXL X 2020-03-11,62.70769231919296
7VQXRXL X 2020-03-12,48.927321020102895
7VQXRXL X 2020-03-13,43.65395890417439
7VQXRXL X 2020-03-14,67.0050082312139
7VQXRXL X 2020-03-15,21.95279773833269
7VQXRXL X 2020-03-16,67.88682162267607
7VQXRXL X 2020-03-17,40.544383339798316
7VQXRXL X 2020-03-18,63.59181652588667
7VQXRXL X 2020-03-19,70.88051861928233
7VQXRXL X 2020-03-20,50.87713692029118
7VQXRXL X 2020-03-21,43.422748687361626
7VQXRXL X 2020-03-22,43.52204733250805
7VQXRXL X 2020-03-23,57.07866548942805
7VQXRXL X 2020-03-24,46.40505240235731
7VQXRXL X 2020-03-25,64.7217895667734
7VQXRXL X 2020-03-26,48.63104764853701
7VQXRXL X 2020-03-27,61.25408171184661
7VQXRXL X 2020-03-28,73.96961317301796
7VQXRXL X 2020-03-29,31.711013251852457
7VQXRXL X 2020-03-30,56.931186343430866
7VQXRXL X 2020-03-31,23.948512936917226
7VQXRXL X 2020-04-01,49.37851417094316
8196WE6 X 2020-01-02,21.51281481553656
8196WE6 X 2020-01-03,12.086184144295402
8196WE6 X 2020-01-04,12.877004953575458
8196WE6 X 2020-01-05,20.020386830365958
8196WE6 X 2020-01-06,12.537109455660396
8196WE6 X 2020-01-07,14.717351767568761
8196WE6 X 2020-01-08,12.90729968581909
8196WE6 X 2020-01-09,16.85715907811104
8196WE6 X 2020-01-10,35.670727862207215
8196WE6 X 2020-01-11,32.68699008981317
8196WE6 X 2020-01-12,11.615183569879086
8196WE6 X 2020-01-13,16.211720102948497
8196WE6 X 2020-01-14,15.072394044091752
8196WE6 X 2020-01-15,14.185657927795688
8196WE6 X 2020-01-16,18.540243529693033
8196WE6 X 2020-01-17,20.30978490590457
8196WE6 X 2020-01-18,23.595171239790055
8196WE6 X 2020-01-19,12.73792432497737
8196WE6 X 2020-01-20,12.070580580211455
8196WE6 X 2020-01-21,9.338895939195329
8196WE6 X 2020-01-22,14.3514739343719
8196WE6 X 2020-01-23,23.009211122507182
8196WE6 X 2020-01-24,13.15308494938608
8196WE6 X 2020-01-25,20.897603960226355
8196WE6 X 2020-01-26,20.13365154340616
8196WE6 X 2020-01-27,15.580170898234485
8196WE6 X 2020-01-28,17.620811070119736
8196WE6 X 2020-01-29,49.373457795552085
8196WE6 X 2020-01-30,23.609720780206978
8196WE6 X 2020-01-31,25.593145232713326
8196WE6 X 2020-02-01,12.551384112148433
8196WE6 X 2020-02-02,11.797881323310591
8196WE6 X 2020-02-03,11.811286550453502
8196WE6 X 2020-02-04,9.669480305606708
8196WE6 X 2020-02-05,8.975407222135082
8196WE6 X 2020-02-06,18.996179715504553
8196WE6 X 2020-02-07,14.399742461699695
8196WE6 X 2020-02-08,14.74392621197239
8196WE6 X 2020-02-09,24.688511760836555
8196WE6 X 2020-02-10,15.46830988145176
8196WE6 X 2020-02-11,16.19612504958706
8196WE6 X 2020-02-12,13.479983553184308
8196WE6 X 2020-02-13,26.52000005646751
8196WE6 X 2020-02-14,24.790738297981463
8196WE6 X 2020-02-15,16.095202505282387
8196WE6 X 2020-02-16,20.254218100606373
8196WE6 X 2020-02-17,13.25495590373793
8196WE6 X 2020-02-18,15.203556851282244
8196WE6 X 2020-02-19,17.305649649537653
8196WE6 X 2020-02-20,33.43809132405764
8196WE6 X 2020-02-21,16.809260482497457
8196WE6 X 2020-02-22,13.997126934059299
8196WE6 X 2020-02-23,6.58013175143167
8196WE6 X 2020-02-24,13.732062053817728
8196WE6 X 2020-02-25,19.42781975234186
8196WE6 X 2020-02-26,14.322142349268518
8196WE6 X 2020-02-27,11.5436661214735
8196WE6 X 2020-02-28,22.749763546770858
8196WE6 X 2020-02-29,23.395673348382807
8196WE6 X 2020-03-01,18.503778747547557
8196WE6 X 2020-03-02,20.050787953508795
8196WE6 X 2020-03-03,32.054526800786206
8196WE6 X 2020-03-04,15.482574205900704
8196WE6 X 2020-03-05,17.796559672991663
8196WE6 X 2020-03-06,18.62829363171765
8196WE6 X 2020-03-07,30.959156954202385
8196WE6 X 2020-03-08,34.040223265781584
8196WE6 X 2020-03-09,38.90127935114418
8196WE6 X 2020-03-10,30.76816213445298
8196WE6 X 2020-03-11,20.603145208314963
8196WE6 X 2020-03-12,14.007591715249095
8196WE6 X 2020-03-13,16.018115765188526
8196WE6 X 2020-03-14,9.392487369335228
8196WE6 X 2020-03-15,16.06213822975625
8196WE6 X 2020-03-16,22.608780398878363
8196WE6 X 2020-03-17,33.10714369512823
8196WE6 X 2020-03-18,22.868707869933417
8196WE6 X 2020-03-19,13.523406390744583
8196WE6 X 2020-03-20,20.67664529519293
8196WE6 X 2020-03-21,15.382537587615325
8196WE6 X 2020-03-22,23.803438117183198
8196WE6 X 2020-03-23,21.69260036318687
8196WE6 X 2020-03-24,22.9909263595141
8196WE6 X 2020-03-25,33.18821098519231
8196WE6 X 2020-03-26,37.08580239891237
8196WE6 X 2020-03-27,34.09081440437048
8196WE6 X 2020-03-28,24.811228502367534
8196WE6 X 2020-03-29,3.281163452771537
8196WE6 X 2020-03-30,20.838482079439682
8196WE6 X 2020-03-31,25.998542915083917
8196WE6 X 2020-04-01,11.009593532867068
8196WE6 X 2020-04-02,17.45229775714139
8196WE6 X 2020-04-03,7.388847315866229
8196WE6 X 2020-04-04,8.841124817622763
8CPKUI4 X 2020-01-02,29.523011125932435
8CPKUI4 X 2020-01-03,27.19503987356616
8CPKUI4 X 2020-01-04,31.431300223974887
8CPKUI4 X 2020-01-05,44.54673667615141
8CPKUI4 X 2020-01-06,36.93184927933
8CPKUI4 X 2020-01-07,31.66064847556106
8CPKUI4 X 2020-01-08,26.751477490483182
8CPKUI4 X 2020-01-09,27.144815045092564
8CPKUI4 X 2020-01-10,34.79127544954342
8CPKUI4 X 2020-01-11,30.46983807547145
8CPKUI4 X 2020-01-12,31.043897436572863
8CPKUI4 X 2020-01-13,30.402094873408366
8CPKUI4 X 2020-01-14,31.65883212091336
8CPKUI4 X 2020-01-15,29.463982533008007
8CPKUI4 X 2020-01-16,28.578710213167582
8CPKUI4 X 2020-01-17,34.29523802523832
8CPKUI4 X 2020-01-18,35.966263371073815
8CPKUI4 X 2020-01-19,30.880624419174787
8CPKUI4 X 2020-01-20,32.59240295955805
8CPKUI4 X 2020-01-21,30.221254114833698
8CPKUI4 X 2020-01-22,30.494410359654097
8CPKUI4 X 2020-01-23,23.496400623557506
8CPKUI4 X 2020-01-24,31.985167704713454
8CPKUI4 X 2020-01-25,29.417087054744073
8CPKUI4 X 2020-01-26,19.94699991283915
8CPKUI4 X 2020-01-27,43.35446557114508
8CPKUI4 X 2020-01-28,36.316626232233794
8CPKUI4 X 2020-01-29,32.3059396344024
8CPKUI4 X 2020-01-30,33.16951380533458
8CPKUI4 X 2020-01-31,42.80817687340747
8CPKUI4 X 2020-02-01,25.904401875347162
8CPKUI4 X 2020-02-02,22.137459565718107
8CPKUI4 X 2020-02-03,23.26438753644488
8CPKUI4 X 2020-02-04,24.80321054079704
8CPKUI4 X 2020-02-05,23.75096969464922
8D39BT5 X 2020-01-02,31.962083080489364
8D39BT5 X 2020-01-03,75.66867509781827
8D39BT5 X 2020-01-04,75.57210303039074
8D39BT5 X 2020-01-05,75.3630032936755
8D39BT5 X 2020-01-06,56.5418018730186
8D39BT5 X 2020-01-07,23.443270086562364
8D39BT5 X 2020-01-08,48.54455049684803
8D39BT5 X 2020-01-09,103.26809615425786
8D39BT5 X 2020-01-10,73.4549352049399
8D39BT5 X 2020-01-11,81.8882234597815
8D39BT5 X 2020-01-12,24.50852553080685
8D39BT5 X 2020-01-13,78.65450075413722
8D39BT5 X 2020-01-14,78.65121674049057
8D39BT5 X 2020-01-15,78.70198169745336
8D39BT5 X 2020-01-16,73.25040888459358
8D39BT5 X 2020-01-17,90.06570449036091
8D39BT5 X 2020-01-18,77.43387484291897
8D39BT5 X 2020-01-19,81.84039962412174
8D39BT5 X 2020-01-20,70.00263299321237
8D39BT5 X 2020-01-21,51.40627120326698
8D39BT5 X 2020-01-22,44.013627917351954
8D39BT5 X 2020-01-23,23.152381700685204
8D39BT5 X 2020-01-24,38.62636207759438
8D39BT5 X 2020-01-25,58.42865595231076
8D39BT5 X 2020-01-26,72.2348371838321
8D39BT5 X 2020-02-02,79.22828797743593
8D39BT5 X 2020-02-03,22.767352021993663
8D39BT5 X 2020-02-04,23.743407871313906
8D39BT5 X 2020-02-05,38.93245953349768
8D39BT5 X 2020-02-06,27.851060599626045
8D39BT5 X 2020-02-07,25.849770588992655
8D39BT5 X 2020-02-08,31.352305879533723
8D39BT5 X 2020-02-09,44.236169629688405
8D39BT5 X 2020-02-10,41.75412977936864
8D39BT5 X 2020-02-11,33.58027751723002
8D39BT5 X 2020-02-12,38.741990972282196
8D39BT5 X 2020-02-13,31.61577455490655
8D39BT5 X 2020-02-14,47.67836608465914
8D39BT5 X 2020-02-15,52.03596873504193
8D39BT5 X 2020-02-16,56.905198655229626
8D39BT5 X 2020-02-17,62.00020977161009
8D39BT5 X 2020-02-18,47.3019803914291
8D39BT5 X 2020-02-19,72.60103642702002
8D39BT5 X 2020-02-20,38.035346724724015
8D39BT5 X 2020-02-21,43.60370586498784
8D39BT5 X 2020-02-22,48.57438805552978
8D39BT5 X 2020-02-23,35.237754701445354
8D39BT5 X 2020-02-24,42.52384999606044
8D39BT5 X 2020-02-25,19.626544463470672
8D39BT5 X 2020-02-26,29.56845434836844
8D39BT5 X 2020-02-27,36.17954719338078
8D39BT5 X 2020-02-28,25.138356580429495
8D39BT5 X 2020-02-29,58.2886888249282
8D39BT5 X 2020-03-01,61.216636780714566
8D39BT5 X 2020-03-02,42.19833552432702
8D39BT5 X 2020-03-03,42.14541432016161
8D39BT5 X 2020-03-04,28.944785263048843
8D39BT5 X 2020-03-05,31.373533225036276
8D39BT5 X 2020-03-06,32.09167709948322
8D39BT5 X 2020-03-07,44.709562708990426
8D39BT5 X 2020-03-08,47.93343273909238
8D39BT5 X 2020-03-09,44.39218861338536
8D39BT5 X 2020-03-10,39.58717864142094
8D39BT5 X 2020-03-11,53.09494466462406
8D39BT5 X 2020-03-12,18.750546982773464
8D39BT5 X 2020-03-13,36.88203230019857
8D39BT5 X 2020-03-14,25.03095454173291
8D39BT5 X 2020-03-15,19.305009439730764
8D39BT5 X 2020-03-16,26.54055033821711
8D39BT5 X 2020-03-17,55.82295118087282
8D39BT5 X 2020-03-18,59.16303402468752
8D39BT5 X 2020-03-19,62.61578400884572
8D39BT5 X 2020-03-20,49.746312597637264
8D39BT5 X 2020-03-21,70.48000886466785
8D39BT5 X 2020-03-22,30.937414782232345
8D39BT5 X 2020-03-23,20.900895984111724
8D39BT5 X 2020-03-24,27.084105909608553
8D39BT5 X 2020-03-25,39.15829417946502
8D39BT5 X 2020-03-26,36.41176725504427
8D39BT5 X 2020-03-27,37.728821269870004
8D39BT5 X 2020-03-28,31.69637915738096
8D39BT5 X 2020-03-29,35.350683977345305
8D39BT5 X 2020-03-30,46.84473241384306
8D39BT5 X 2020-03-31,42.151169713331136
8D39BT5 X 2020-04-01,14.611887524654328
8D39BT5 X 2020-04-02,50.93531383032105
8D39BT5 X 2020-04-03,53.38638918026725
8D39BT5 X 2020-04-04,54.76784852835268
8F0DFNG X 2020-01-03,52.727686021414186
8F0DFNG X 2020-01-07,42.23905372828921
8F0DFNG X 2020-01-08,37.94055791944816
8F0DFNG X 2020-01-09,32.04507071300657
8F0DFNG X 2020-01-10,47.65011335142468
8F0DFNG X 2020-01-11,19.415525333007146
8F0DFNG X 2020-01-12,45.11110234678014
8F0DFNG X 2020-01-13,49.33109082007915
8F0DFNG X 2020-01-14,25.405678133778295
8F0DFNG X 2020-01-15,34.60650296428612
8F0DFNG X 2020-01-16,51.38423601956682
8F0DFNG X 2020-01-17,33.801198382834514
8F0DFNG X 2020-01-18,28.696235658201957
8F0DFNG X 2020-01-19,25.326904788750795
8F0DFNG X 2020-01-20,31.592603443452703
8F0DFNG X 2020-01-21,44.56171691831687
8F0DFNG X 2020-01-22,34.33063468031548
8F0DFNG X 2020-01-23,48.853415329536645
8F0DFNG X 2020-01-24,40.38006719486006
8F0DFNG X 2020-01-25,42.58875548487701
8F0DFNG X 2020-01-26,54.61906425370512
8F0DFNG X 2020-01-27,31.840222925555736
8F0DFNG X 2020-01-29,27.57812073404753
8F0DFNG X 2020-01-30,37.701465450770485
8F0DFNG X 2020-01-31,45.962764654255125
8F0DFNG X 2020-02-01,46.15547861854193
8F0DFNG X 2020-02-02,43.84004219745968
8F0DFNG X 2020-02-03,50.00515781129441
8F0DFNG X 2020-02-04,31.445725986502723
8F0DFNG X 2020-02-05,30.615829758985953
8F0DFNG X 2020-02-06,47.44521655884362
8F0DFNG X 2020-02-07,41.08318866478341
8F0DFNG X 2020-02-08,48.80687443519621
8F0DFNG X 2020-02-09,56.487282045846754
8F0DFNG X 2020-02-10,27.68487470431156
8F0DFNG X 2020-02-11,52.402081892309425
8F0DFNG X 2020-02-12,58.4442317784237
8F0DFNG X 2020-02-13,28.121992878596814
8F0DFNG X 2020-02-14,49.39034023428678
8F0DFNG X 2020-02-17,37.41267474759589
8F0DFNG X 2020-02-18,35.01914070713252
8F0DFNG X 2020-02-19,47.18601437109059
8F0DFNG X 2020-02-20,35.3185752769205
8F0DFNG X 2020-02-21,49.85432264480256
8F0DFNG X 2020-02-22,46.6247868426789
8F0DFNG X 2020-02-23,45.24127835651127
8F0DFNG X 2020-02-24,38.7733714785844
8F0DFNG X 2020-02-25,40.72197330415553
8F0DFNG X 2020-02-26,35.573863376746324
8F0DFNG X 2020-02-27,30.69879560830929
8F0DFNG X 2020-02-28,26.377094468700697
8F0DFNG X 2020-02-29,45.85405158371324
8F0DFNG X 2020-03-01,22.15647939128875
8F0DFNG X 2020-03-02,28.00502156830494
8F0DFNG X 2020-03-03,24.159703889700573
8F0DFNG X 2020-03-04,28.30024794763741
8F0DFNG X 2020-03-05,31.399786949922486
8F0DFNG X 2020-03-06,17.31510653271205
8F0DFNG X 2020-03-07,22.31967873367746
8F0DFNG X 2020-03-08,42.06637378871516
8F0DFNG X 2020-03-09,54.599804683640855
8F0DFNG X 2020-03-10,32.85974640736219
8F0DFNG X 2020-03-11,39.61716370463071
8F0DFNG X 2020-03-12,50.57095299466284
8F0DFNG X 2020-03-13,44.64355119926356
8F0DFNG X 2020-03-14,28.080697772660237
8F0DFNG X 2020-03-15,39.147938174180936
8F0DFNG X 2020-03-16,59.643721388798184
8F0DFNG X 2020-03-17,43.95622474191265
8F0DFNG X 2020-03-18,45.62716176322547
8F0DFNG X 2020-03-19,33.10956633339357
8F0DFNG X 2020-03-20,37.51901959836253
8F0DFNG X 2020-03-21,38.11620206502279
8F0DFNG X 2020-03-22,46.93276514864333
8F0DFNG X 2020-03-23,32.581116695272456
8F0DFNG X 2020-03-27,32.24389141006121
8F0DFNG X 2020-03-28,55.52162696160873
8F0DFNG X 2020-03-29,54.415222546792094
8F0DFNG X 2020-03-30,27.2481190630391
8F0DFNG X 2020-03-31,28.240918448850167
8F0DFNG X 2020-04-01,27.466353896881778
8F0DFNG X 2020-04-02,51.98610824370981
8F0DFNG X 2020-04-03,25.641696084591928
8F0DFNG X 2020-04-04,57.900984991757156
8RC2FY4 X 2020-01-02,98.43593933911563
8RC2FY4 X 2020-01-03,117.66064738429138
8RC2FY4 X 2020-01-04,95.68969157764447
8RC2FY4 X 2020-01-05,111.98772380557385
8RC2FY4 X 2020-01-06,73.76822856019338
8RC2FY4 X 2020-01-07,88.5742501505551
8RC2FY4 X 2020-01-08,106.22335039766152
8RC2FY4 X 2020-01-09,114.82578109016019
8RC2FY4 X 2020-01-10,89.5282563563727
8RC2FY4 X 2020-01-11,98.93271429114147
8RC2FY4 X 2020-01-12,69.88140420778576
8RC2FY4 X 2020-01-13,111.95913234971124
8RC2FY4 X 2020-01-14,114.2680358386447
8RC2FY4 X 2020-01-15,102.01839129652085
8RC2FY4 X 2020-01-16,108.1542897058348
8RC2FY4 X 2020-01-17,81.8234295150377
8RC2FY4 X 2020-01-18,117.09338398820036
8RC2FY4 X 2020-01-19,93.87554266250436
8RC2FY4 X 2020-01-20,101.39237031549675
8RC2FY4 X 2020-01-21,100.60305764439204
8RC2FY4 X 2020-01-22,100.63716057072608
8RC2FY4 X 2020-01-23,93.48217987565607
8RC2FY4 X 2020-01-24,113.69339825588298
8RC2FY4 X 2020-01-25,66.24390814054463
8RC2FY4 X 2020-01-26,87.14115580114705
8RC2FY4 X 2020-01-27,94.52180065247335
8RC2FY4 X 2020-01-28,106.9579471521152
8RC2FY4 X 2020-01-29,101.51592947106879
8RC2FY4 X 2020-01-30,102.8452166929146
8RC2FY4 X 2020-01-31,110.3055314436031
8RC2FY4 X 2020-02-01,86.82613276600121
8RC2FY4 X 2020-02-02,94.56214360960556
8RC2FY4 X 2020-02-03,73.58665595793157
8RC2FY4 X 2020-02-04,68.68864104339269
8RC2FY4 X 2020-02-05,64.03024233535238
8RC2FY4 X 2020-02-06,76.52222603220409
8RC2FY4 X 2020-02-07,67.05417150447231
8RC2FY4 X 2020-02-08,73.78441808835049
8RC2FY4 X 2020-02-09,82.11843369020417
8RC2FY4 X 2020-02-10,90.60420009518843
8RC2FY4 X 2020-02-11,73.92891652125095
8RC2FY4 X 2020-02-12,82.70106354530857
8RC2FY4 X 2020-02-13,75.72619620092546
8RC2FY4 X 2020-02-14,56.65004584971743
8RC2FY4 X 2020-02-15,58.31025211112042
8RC2FY4 X 2020-02-16,76.41057559049031
8RC2FY4 X 2020-02-17,82.12205525474623
8RC2FY4 X 2020-02-18,87.42567593281503
8RC2FY4 X 2020-02-19,107.69796346570332
8RC2FY4 X 2020-02-20,87.56458804198752
8RC2FY4 X 2020-02-21,102.78458848769424
8RC2FY4 X 2020-02-22,105.93476656097631
8RC2FY4 X 2020-02-23,95.133985712636
8RC2FY4 X 2020-02-24,98.0639660109842
8RC2FY4 X 2020-02-25,93.02366048250387
8RC2FY4 X 2020-02-26,77.1159685590575
8RC2FY4 X 2020-02-27,90.53496955862387
8RC2FY4 X 2020-02-28,80.02464816881762
8RC2FY4 X 2020-02-29,82.34724289416792
8RC2FY4 X 2020-03-01,74.9181116788849
8RC2FY4 X 2020-03-02,69.64227100579497
8RC2FY4 X 2020-03-03,75.11316423256294
8RC2FY4 X 2020-03-04,61.165864615812126
8RC2FY4 X 2020-03-05,69.40860773954832
8RC2FY4 X 2020-03-06,74.57237807284336
8RC2FY4 X 2020-03-07,62.55749202240058
8RC2FY4 X 2020-03-08,61.78515350875013
8RC2FY4 X 2020-03-09,61.70285717235814
8RC2FY4 X 2020-03-10,89.99344059624055
8RC2FY4 X 2020-03-11,87.27689879320424
8RC2FY4 X 2020-03-12,88.37189575256015
8RC2FY4 X 2020-03-13,68.63536689982423
8RC2FY4 X 2020-03-14,79.12348064056731
8RC2FY4 X 2020-03-15,99.84345322910384
8RC2FY4 X 2020-03-16,80.72083767932001
8RC2FY4 X 2020-03-17,83.31782847350007
8RC2FY4 X 2020-03-18,97.28769013093046
8RC2FY4 X 2020-03-19,65.13291277283295
8RC2FY4 X 2020-03-20,76.23671941912734
8RC2FY4 X 2020-03-21,64.70232026238156
8RC2FY4 X 2020-03-22,76.40154145751887
8RC2FY4 X 2020-03-23,82.60940897369734
8RC2FY4 X 2020-03-24,73.53603515187872
8RC2FY4 X 2020-03-25,74.34851043553992
8RC2FY4 X 2020-03-26,62.91796465543564
8RC2FY4 X 2020-03-27,64.33345536891493
8RC2FY4 X 2020-03-28,54.40991163204296
8RC2FY4 X 2020-03-29,81.61796459075146
8RC2FY4 X 2020-03-30,65.33411182747328
8RC2FY4 X 2020-03-31,65.81728378749641
8RC2FY4 X 2020-04-01,87.80237227247383
8RC2FY4 X 2020-04-02,71.29796760658535
8RC2FY4 X 2020-04-03,75.50218704119779
8RC2FY4 X 2020-04-04,65.16539015219618
8V3GY99 X 2020-01-02,107.78506159125834
8V3GY99 X 2020-01-03,87.42988252867183
8V3GY99 X 2020-01-04,30.13701711555604
8V3GY99 X 2020-01-05,41.190463506378926
8V3GY99 X 2020-01-06,89.12780930875455
8V3GY99 X 2020-01-07,103.9456096476801
8V3GY99 X 2020-01-08,117.25157329520279
8V3GY99 X 2020-01-09,69.14017767062008
8V3GY99 X 2020-01-10,63.53310533606857
8V3GY99 X 2020-01-11,49.898827410707426
8V3GY99 X 2020-01-12,69.43194669766724
8V3GY99 X 2020-01-13,33.100076652150015
8V3GY99 X 2020-01-14,72.12540734846955
8V3GY99 X 2020-01-15,77.15678174354683
8V3GY99 X 2020-01-16,71.8829970228265
8V3GY99 X 2020-01-17,89.39902645196916
8V3GY99 X 2020-01-18,54.33719636018608
8V3GY99 X 2020-01-19,54.42838130923945
8V3GY99 X 2020-01-20,62.96147281620061
8V3GY99 X 2020-01-21,91.73629303769287
8V3GY99 X 2020-01-22,67.59441518926417
8V3GY99 X 2020-01-23,61.2801349662398
8V3GY99 X 2020-01-24,111.13923123479847
8V3GY99 X 2020-01-25,87.45110481883368
8V3GY99 X 2020-01-26,97.39765048772826
8V3GY99 X 2020-01-27,94.47884563727531
8V3GY99 X 2020-01-28,78.12151342448432
8V3GY99 X 2020-01-29,22.691483460939565
8V3GY99 X 2020-01-30,31.43795286981193
8V3GY99 X 2020-01-31,32.61026175643107
8V3GY99 X 2020-02-01,35.71824137285767
8V3GY99 X 2020-02-02,34.19855939585982
8V3GY99 X 2020-02-03,35.598642000811545
8V3GY99 X 2020-02-04,31.201023696365013
8V3GY99 X 2020-02-05,26.416865305781258
8V3GY99 X 2020-02-06,48.34332241475741
8V3GY99 X 2020-02-07,40.2467264519101
8V3GY99 X 2020-02-08,86.2099509332704
8V3GY99 X 2020-02-09,75.54878093892198
8V3GY99 X 2020-02-10,34.80713834164644
8V3GY99 X 2020-02-11,23.404789948029915
8V3GY99 X 2020-02-12,26.225024462419228
8V3GY99 X 2020-02-13,36.074899691474556
8V3GY99 X 2020-02-14,65.93475894382014
8V3GY99 X 2020-02-15,51.25635777604914
8V3GY99 X 2020-02-16,52.388673884600145
8V3GY99 X 2020-02-17,44.87633478026175
8V3GY99 X 2020-02-18,20.637346494886387
8V3GY99 X 2020-02-19,29.405906175946456
8V3GY99 X 2020-02-20,35.14725015952293
8V3GY99 X 2020-02-21,43.73680342594488
8V3GY99 X 2020-02-22,55.474164052278056
8V3GY99 X 2020-02-23,34.31562608359851
8V3GY99 X 2020-02-24,37.506503595078
8V3GY99 X 2020-02-25,37.996924201277345
8V3GY99 X 2020-02-26,46.47631027840576
8V3GY99 X 2020-02-27,26.7780895512173
8V3GY99 X 2020-02-28,57.39461756442378
8V3GY99 X 2020-02-29,45.77335354961123
8V3GY99 X 2020-03-01,39.79662024825853
8V3GY99 X 2020-03-02,45.63335397492513
8V3GY99 X 2020-03-03,38.95280473504681
8V3GY99 X 2020-03-04,30.079194587639137
8V3GY99 X 2020-03-05,64.11869439378314
8V3GY99 X 2020-03-06,56.293781027521106
8V3GY99 X 2020-03-07,34.096322078090495
8V3GY99 X 2020-03-08,47.43231961653503
8V3GY99 X 2020-03-09,61.04496499227845
8V3GY99 X 2020-03-10,63.34310964578138
8V3GY99 X 2020-03-11,23.967099940578628
8V3GY99 X 2020-03-12,19.057869298135337
8V3GY99 X 2020-03-13,39.80746700708217
8V3GY99 X 2020-03-14,21.2527503603962
8V3GY99 X 2020-03-15,51.90582368722558
8V3GY99 X 2020-03-16,63.54701940812642
8V3GY99 X 2020-03-17,65.9390193063224
8V3GY99 X 2020-03-18,62.44827351634203
8V3GY99 X 2020-03-19,55.07266631653343
8V3GY99 X 2020-03-20,50.428812892831644
8V3GY99 X 2020-03-21,40.95437865880234
8V3GY99 X 2020-03-22,30.7239551551072
8V3GY99 X 2020-03-23,44.84708988854755
8V3GY99 X 2020-03-24,66.37192919493091
8V3GY99 X 2020-03-25,49.1584520013942
8V3GY99 X 2020-03-26,65.66402745419325
8V3GY99 X 2020-03-27,67.98101382650749
8V3GY99 X 2020-03-28,90.17889520303954
8V3GY99 X 2020-03-29,86.1062940536137
8V3GY99 X 2020-03-30,25.85448441878851
8V3GY99 X 2020-03-31,60.36412979204579
8V3GY99 X 2020-04-01,57.41868540618701
8V3GY99 X 2020-04-02,56.608736417698466
8V3GY99 X 2020-04-03,73.43849408545725
8V3GY99 X 2020-04-04,59.039382863976925
96AWIMD X 2020-01-02,145.4320995603137
96AWIMD X 2020-01-03,161.02071550681313
96AWIMD X 2020-01-04,205.52337943225194
96AWIMD X 2020-01-05,108.13705801063547
96AWIMD X 2020-01-06,80.19803322065
96AWIMD X 2020-01-07,181.87007814523332
96AWIMD X 2020-01-08,149.5492577436235
96AWIMD X 2020-01-09,131.8765958430639
96AWIMD X 2020-01-10,177.65444003470742
96AWIMD X 2020-01-11,163.56206707515412
96AWIMD X 2020-01-12,183.55194667445124
96AWIMD X 2020-01-13,161.50844929331868
96AWIMD X 2020-01-14,181.65923261693712
96AWIMD X 2020-01-15,163.8288762194142
96AWIMD X 2020-01-16,188.80128277991287
96AWIMD X 2020-01-17,183.8652232879217
96AWIMD X 2020-01-18,129.31503028870736
96AWIMD X 2020-01-19,108.31953418125543
96AWIMD X 2020-01-20,143.3283137367012
96AWIMD X 2020-01-21,201.13827263489748
96AWIMD X 2020-01-22,186.50674463819354
96AWIMD X 2020-01-23,93.76354009721506
96AWIMD X 2020-01-24,106.6203594179836
96AWIMD X 2020-01-25,150.1992407593275
96AWIMD X 2020-01-26,136.65783756318166
96AWIMD X 2020-01-27,154.77225898300725
96AWIMD X 2020-01-28,154.84471942266038
96AWIMD X 2020-01-29,155.93593038831517
96AWIMD X 2020-01-30,146.16121735673437
96AWIMD X 2020-01-31,173.02206192236616
96AWIMD X 2020-02-01,134.13064551727064
96AWIMD X 2020-02-02,74.4278776635847
96AWIMD X 2020-02-03,135.4250894967712
96AWIMD X 2020-02-04,170.3994596936019
96AWIMD X 2020-02-05,119.34857851631331
96AWIMD X 2020-02-06,106.59711222457834
96AWIMD X 2020-02-07,80.61427162032
96AWIMD X 2020-02-08,149.4202610675286
96AWIMD X 2020-02-09,114.41027488592174
96AWIMD X 2020-02-10,142.08482722398122
96AWIMD X 2020-02-11,165.4803926866748
96AWIMD X 2020-02-12,161.7912562492818
96AWIMD X 2020-02-13,160.62095060933245
96AWIMD X 2020-02-14,80.31118440611831
96AWIMD X 2020-02-15,82.61011787141976
96AWIMD X 2020-02-16,68.58489704825365
96AWIMD X 2020-02-17,71.0220490869784
96AWIMD X 2020-02-18,123.02702939117181
96AWIMD X 2020-02-19,148.95106855441514
96AWIMD X 2020-02-20,92.0059649307938
96AWIMD X 2020-02-21,80.36005195344688
96AWIMD X 2020-02-22,125.21015348435778
96AWIMD X 2020-02-23,152.80235577872924
96AWIMD X 2020-02-24,114.39904271945515
96AWIMD X 2020-02-25,171.73127810154068
96AWIMD X 2020-02-26,144.4136181907619
96AWIMD X 2020-02-27,82.62160625039294
96AWIMD X 2020-02-28,103.5498895946143
96AWIMD X 2020-02-29,155.1227535765983
96AWIMD X 2020-03-01,80.07184689582296
96AWIMD X 2020-03-02,76.21832860448181
96AWIMD X 2020-03-03,90.36903292776717
96AWIMD X 2020-03-04,131.73872477442706
96AWIMD X 2020-03-05,121.06508891906127
96AWIMD X 2020-03-06,146.738621952838
96AWIMD X 2020-03-07,135.54676593325894
96AWIMD X 2020-03-08,82.99949080965692
96AWIMD X 2020-03-09,83.46903415096399
96AWIMD X 2020-03-10,58.4055391866617
96AWIMD X 2020-03-11,88.14619318488485
96AWIMD X 2020-03-12,60.515068597379596
96AWIMD X 2020-03-13,110.23154288219229
96AWIMD X 2020-03-14,84.24378697758982
96AWIMD X 2020-03-15,99.63869071719185
96AWIMD X 2020-03-16,83.57963295114423
96AWIMD X 2020-03-17,86.60648008466026
96AWIMD X 2020-03-18,75.02312555243432
96AWIMD X 2020-03-19,87.4556177711954
96AWIMD X 2020-03-20,130.53748169845625
96AWIMD X 2020-03-21,84.80597177922637
96AWIMD X 2020-03-22,111.51986601889946
96AWIMD X 2020-03-23,140.7127516290305
96AWIMD X 2020-03-24,133.75768035500772
96AWIMD X 2020-03-25,136.23222218595106
96AWIMD X 2020-03-26,93.30622335716562
96AWIMD X 2020-03-27,68.63924893904486
96AWIMD X 2020-03-28,49.737286042385705
96AWIMD X 2020-03-29,67.4821228450443
96AWIMD X 2020-03-30,81.47884954064978
96AWIMD X 2020-03-31,102.38827681704403
96AWIMD X 2020-04-01,62.33488440764933
96AWIMD X 2020-04-02,95.59166122050111
96AWIMD X 2020-04-03,68.31247818681317
96AWIMD X 2020-04-04,66.7968457279699
9IOQQ4T X 2020-01-02,63.40873072519871
9IOQQ4T X 2020-01-03,21.154123999577287
9IOQQ4T X 2020-01-04,26.78848255833774
9IOQQ4T X 2020-01-05,35.437346070527624
9IOQQ4T X 2020-01-06,38.890569178471516
9IOQQ4T X 2020-01-07,37.10767790135597
9IOQQ4T X 2020-01-08,15.324509587729686
9IOQQ4T X 2020-01-09,25.072850541391013
9IOQQ4T X 2020-01-10,15.411644177825892
9IOQQ4T X 2020-01-11,43.99317682931223
9IOQQ4T X 2020-01-12,24.602976249973672
9IOQQ4T X 2020-01-13,39.570552393331596
9IOQQ4T X 2020-01-14,11.409306807598405
9IOQQ4T X 2020-01-15,13.330422663845102
9IOQQ4T X 2020-01-16,32.973557858441474
9IOQQ4T X 2020-01-17,17.92719151618076
9IOQQ4T X 2020-01-18,16.226916293253428
9IOQQ4T X 2020-01-19,34.984301275829864
9IOQQ4T X 2020-01-20,49.73865879553686
9IOQQ4T X 2020-01-21,76.75461760269492
9IOQQ4T X 2020-01-22,69.10476842244849
9IOQQ4T X 2020-01-23,68.93021527777873
9IOQQ4T X 2020-01-24,87.99821406430861
9IOQQ4T X 2020-01-25,79.42791803213508
9IOQQ4T X 2020-01-26,81.38997290122383
9IOQQ4T X 2020-01-27,20.354993763976168
9IOQQ4T X 2020-01-28,12.260318168075944
9IOQQ4T X 2020-01-29,25.81838235942714
9IOQQ4T X 2020-01-30,33.097795198069235
9IOQQ4T X 2020-01-31,18.07283183123905
9IOQQ4T X 2020-02-01,25.205160251564486
9IOQQ4T X 2020-02-02,24.314644509615434
9IOQQ4T X 2020-02-03,36.28195105794006
9IOQQ4T X 2020-02-04,20.421568036206157
9IOQQ4T X 2020-02-05,50.55583445679459
9IOQQ4T X 2020-02-06,51.41583650422596
9IOQQ4T X 2020-02-07,68.46767039890736
9IOQQ4T X 2020-02-08,43.21107634556048
9IOQQ4T X 2020-02-09,19.37447037505986
9IOQQ4T X 2020-02-10,14.55390541572828
9IOQQ4T X 2020-02-11,16.547574288878742
9IOQQ4T X 2020-02-12,24.172047205590772
9IOQQ4T X 2020-02-13,22.784607723002317
9IOQQ4T X 2020-02-14,24.243058617861088
9IOQQ4T X 2020-02-15,25.9430418451891
9IOQQ4T X 2020-02-16,10.283747639069336
9IOQQ4T X 2020-02-17,26.47622606547509
9IOQQ4T X 2020-02-18,24.74343184137885
9IOQQ4T X 2020-02-19,19.9859559128723
9IOQQ4T X 2020-02-20,17.970422329810667
9IOQQ4T X 2020-02-21,23.864957893786027
9IOQQ4T X 2020-02-22,22.24283523465306
9IOQQ4T X 2020-02-23,17.56922260055532
9IOQQ4T X 2020-02-24,16.061006381107997
9IOQQ4T X 2020-02-25,13.879008952928455
9IOQQ4T X 2020-02-26,25.03661300452861
9IOQQ4T X 2020-02-27,18.13100791003625
9IOQQ4T X 2020-02-28,25.391125792534474
9IOQQ4T X 2020-02-29,34.382442681159866
9IOQQ4T X 2020-03-01,15.607015551924611
9IOQQ4T X 2020-03-02,24.661789796443344
9IOQQ4T X 2020-03-03,32.20056873609211
9IOQQ4T X 2020-03-04,38.54904797539311
9IOQQ4T X 2020-03-05,37.12292355939183
9IOQQ4T X 2020-03-06,46.658981287365265
9IOQQ4T X 2020-03-07,43.8297568261657
9IOQQ4T X 2020-03-08,22.565412307337986
9IOQQ4T X 2020-03-09,23.790630250176875
9IOQQ4T X 2020-03-10,18.575836403598768
9IOQQ4T X 2020-03-11,22.182983054317376
9IOQQ4T X 2020-03-12,15.102379763841075
9IOQQ4T X 2020-03-13,25.804589140291284
9IOQQ4T X 2020-03-14,46.183283956289614
9IOQQ4T X 2020-03-15,26.29650435388477
9IOQQ4T X 2020-03-16,48.08727938680144
9IOQQ4T X 2020-03-17,39.05183481842462
9IOQQ4T X 2020-03-18,28.90364148860762
9IOQQ4T X 2020-03-19,38.83477658385008
9IOQQ4T X 2020-03-20,29.642237673527376
9IOQQ4T X 2020-03-21,25.55292180038129
9IOQQ4T X 2020-03-22,24.640110345991957
9IOQQ4T X 2020-03-23,47.24728412996795
9IOQQ4T X 2020-03-24,53.78911216174805
9IOQQ4T X 2020-03-25,51.36144833294084
9IOQQ4T X 2020-03-26,68.40719886058645
9IOQQ4T X 2020-03-27,74.98299889038664
9IOQQ4T X 2020-03-28,75.94155547198872
9IOQQ4T X 2020-03-29,22.70216106401939
9IOQQ4T X 2020-03-30,18.982348179340946
9IOQQ4T X 2020-03-31,28.50932987004586
9IOQQ4T X 2020-04-01,31.367382257903287
9IOQQ4T X 2020-04-02,31.849826920131882
9IOQQ4T X 2020-04-03,27.241356753702462
9IOQQ4T X 2020-04-04,46.55271314202963
9RXF2KR X 2020-01-02,36.70354459519575
9RXF2KR X 2020-01-03,25.825522018475617
9RXF2KR X 2020-01-04,48.204725130975504
9RXF2KR X 2020-01-05,45.658326218599974
9RXF2KR X 2020-01-06,45.02323202886745
9RXF2KR X 2020-01-07,35.36017600605377
9RXF2KR X 2020-01-08,27.38646304441143
9RXF2KR X 2020-01-09,18.334265820256036
9RXF2KR X 2020-01-10,23.46095123685258
9RXF2KR X 2020-01-11,53.75591448506559
9RXF2KR X 2020-01-12,47.97445590492832
9RXF2KR X 2020-01-13,27.064283620583957
9RXF2KR X 2020-01-14,27.034281649085365
9RXF2KR X 2020-01-15,26.870182516773752
9RXF2KR X 2020-01-16,41.42301441968402
9RXF2KR X 2020-01-17,22.559871563494134
9RXF2KR X 2020-01-18,27.013911452086546
9RXF2KR X 2020-01-19,44.65540839060964
9RXF2KR X 2020-01-20,34.77783658513946
9RXF2KR X 2020-01-21,53.56365467580482
9RXF2KR X 2020-01-22,65.49849851266112
9RXF2KR X 2020-01-23,69.97228826044802
9RXF2KR X 2020-01-24,106.65111330568291
9RXF2KR X 2020-01-25,91.40436259747871
9RXF2KR X 2020-01-26,62.69958015731018
9RXF2KR X 2020-01-27,22.58757593286998
9RXF2KR X 2020-01-28,19.860489930089344
9RXF2KR X 2020-01-29,25.27987350370652
9RXF2KR X 2020-01-30,33.85689769649102
9RXF2KR X 2020-01-31,14.23274042190501
9RXF2KR X 2020-02-01,15.012377186904917
9RXF2KR X 2020-02-02,10.359845818276877
9RXF2KR X 2020-02-03,26.94663421754865
9RXF2KR X 2020-02-04,19.940197857915813
9RXF2KR X 2020-02-05,42.97747064064071
9RXF2KR X 2020-02-06,43.710717729609655
9RXF2KR X 2020-02-07,56.71810603473941
9RXF2KR X 2020-02-08,43.21381217882157
9RXF2KR X 2020-02-09,21.86616335873167
9RXF2KR X 2020-02-11,21.844874837329314
9RXF2KR X 2020-02-12,20.520957872363454
9RXF2KR X 2020-02-13,21.39175683109066
9RXF2KR X 2020-02-14,27.26199912722926
9RXF2KR X 2020-02-15,27.91966055471397
9RXF2KR X 2020-02-16,21.79978526524788
9RXF2KR X 2020-02-17,16.146802895378123
9RXF2KR X 2020-02-18,16.967822603549294
9RXF2KR X 2020-02-19,23.584459804533353
9RXF2KR X 2020-02-20,19.832193208714575
9RXF2KR X 2020-02-21,42.79381227212435
9RXF2KR X 2020-02-22,37.00807820147289
9RXF2KR X 2020-02-23,14.293529449012325
9RXF2KR X 2020-02-24,16.565783349304674
9RXF2KR X 2020-02-25,13.314500126140587
9RXF2KR X 2020-02-26,13.445993183175904
9RXF2KR X 2020-02-27,30.910070210346426
9RXF2KR X 2020-02-28,40.64737137279808
9RXF2KR X 2020-02-29,27.627968749106742
9RXF2KR X 2020-03-01,17.283488000224832
9RXF2KR X 2020-03-02,13.886119953014884
9RXF2KR X 2020-03-03,19.49425795086099
9RXF2KR X 2020-03-04,39.79240000199388
9RXF2KR X 2020-03-05,29.95221938376133
9RXF2KR X 2020-03-06,22.796455637833574
9RXF2KR X 2020-03-07,33.32899709354718
9RXF2KR X 2020-03-08,33.1979594529585
9RXF2KR X 2020-03-09,23.553586424225998
9RXF2KR X 2020-03-10,16.803144536779627
9RXF2KR X 2020-03-11,14.180721442370231
9RXF2KR X 2020-03-12,15.298178556167251
9RXF2KR X 2020-03-13,25.9603804228433
9RXF2KR X 2020-03-14,52.44372128540965
9RXF2KR X 2020-03-15,31.8627761159811
9RXF2KR X 2020-03-16,41.39597183105308
9RXF2KR X 2020-03-17,55.304588988590595
9RXF2KR X 2020-03-18,50.87139991216033
9RXF2KR X 2020-03-19,58.705169452684174
9RXF2KR X 2020-03-20,64.97110600205092
9RXF2KR X 2020-03-21,60.98493434503334
9RXF2KR X 2020-03-22,41.106253849577726
9RXF2KR X 2020-03-23,45.3637825234709
9RXF2KR X 2020-03-24,47.95791072867525
9RXF2KR X 2020-03-25,51.22257455353526
9RXF2KR X 2020-03-26,42.494444456572204
9RXF2KR X 2020-03-27,63.54342113766258
9RXF2KR X 2020-03-28,105.39511811467953
9RXF2KR X 2020-03-29,20.20497968627725
9RXF2KR X 2020-03-30,21.116025440273166
9RXF2KR X 2020-03-31,26.7436589055185
9RXF2KR X 2020-04-01,52.09855163682235
9RXF2KR X 2020-04-02,60.085644774363715
9RXF2KR X 2020-04-03,44.97768961908247
9RXF2KR X 2020-04-04,55.084422269227694
9VUX9AI X 2020-01-02,69.14268731794517
9VUX9AI X 2020-01-03,88.32175496256029
9VUX9AI X 2020-01-04,84.1047338837533
9VUX9AI X 2020-01-05,62.924707589540404
9VUX9AI X 2020-01-06,72.09637738362099
9VUX9AI X 2020-01-07,84.30495087718317
9VUX9AI X 2020-01-08,116.46762347531197
9VUX9AI X 2020-01-09,66.74638533590948
9VUX9AI X 2020-01-10,58.946460732431134
9VUX9AI X 2020-01-11,57.158833398091446
9VUX9AI X 2020-01-12,59.641863820521195
9VUX9AI X 2020-01-13,103.8612810719816
9VUX9AI X 2020-01-14,64.46009033612931
9VUX9AI X 2020-01-15,76.81202511035562
9VUX9AI X 2020-01-16,108.76263366887453
9VUX9AI X 2020-01-17,82.27216567150006
9VUX9AI X 2020-01-18,75.33926397545142
9VUX9AI X 2020-01-19,74.24927476983537
9VUX9AI X 2020-01-20,58.991172977680804
9VUX9AI X 2020-01-21,88.63392567418471
9VUX9AI X 2020-01-22,66.79485472101318
9VUX9AI X 2020-01-23,59.759013112847725
9VUX9AI X 2020-01-24,80.74129109696842
9VUX9AI X 2020-01-25,73.4909863911492
9VUX9AI X 2020-01-26,79.86034239971441
9VUX9AI X 2020-01-27,103.71267377279453
9VUX9AI X 2020-01-28,88.0336403217456
9VUX9AI X 2020-01-29,120.61709365480631
9VUX9AI X 2020-01-30,46.38203606636358
9VUX9AI X 2020-01-31,75.87369893914641
9VUX9AI X 2020-02-01,82.78444270474377
9VUX9AI X 2020-02-02,51.01583115340729
9VUX9AI X 2020-02-03,67.23022384535467
9VUX9AI X 2020-02-04,82.09955526401
9VUX9AI X 2020-02-05,69.08713896136842
9VUX9AI X 2020-02-06,76.05441957821678
9VUX9AI X 2020-02-07,57.86173451543539
9VUX9AI X 2020-02-08,59.66054411619892
9VUX9AI X 2020-02-09,66.45390303721965
9VUX9AI X 2020-02-10,79.10293344292424
9VUX9AI X 2020-02-11,62.80860932322564
9VUX9AI X 2020-02-12,70.59980765152939
9VUX9AI X 2020-02-13,81.67840682504485
9VUX9AI X 2020-02-14,74.59608508283833
9VUX9AI X 2020-02-15,69.50350918879123
9VUX9AI X 2020-02-16,72.00113938650779
9VUX9AI X 2020-02-17,88.8045543596002
9VUX9AI X 2020-02-18,80.35649235918267
9VUX9AI X 2020-02-19,76.84487042858028
9VUX9AI X 2020-02-20,41.22350302634108
9VUX9AI X 2020-02-21,85.21689024724802
9VUX9AI X 2020-02-22,77.73550741097868
9VUX9AI X 2020-02-23,71.17748161442766
9VUX9AI X 2020-02-24,78.48544722892193
9VUX9AI X 2020-02-25,60.53239660432526
9VUX9AI X 2020-02-26,45.95178801974852
9VUX9AI X 2020-02-27,60.015941695819365
9VUX9AI X 2020-02-28,90.65095692460993
9VUX9AI X 2020-02-29,73.01492607180019
9VUX9AI X 2020-03-01,93.01313879955747
9VUX9AI X 2020-03-02,58.80460967298839
9VUX9AI X 2020-03-03,38.3244471268735
9VUX9AI X 2020-03-04,72.74525468933372
9VUX9AI X 2020-03-05,84.25977798206821
9VUX9AI X 2020-03-06,77.24641801046104
9VUX9AI X 2020-03-07,88.50935489248721
9VUX9AI X 2020-03-08,78.34717533253239
9VUX9AI X 2020-03-09,42.669676175092576
9VUX9AI X 2020-03-10,75.05287068561313
9VUX9AI X 2020-03-11,81.57509002519625
9VUX9AI X 2020-03-12,84.540933894246
9VUX9AI X 2020-03-13,85.4407971389822
9VUX9AI X 2020-03-14,41.64117599030222
9VUX9AI X 2020-03-15,65.09099085959599
9VUX9AI X 2020-03-16,45.70039235703745
9VUX9AI X 2020-03-17,74.08236657461025
9VUX9AI X 2020-03-18,73.03171982943984
9VUX9AI X 2020-03-19,89.06417566572797
9VUX9AI X 2020-03-20,62.54215599109072
9VUX9AI X 2020-03-21,60.231561980255975
9VUX9AI X 2020-03-22,67.1632426304938
9VUX9AI X 2020-03-23,35.24715564224696
9VUX9AI X 2020-03-24,69.92359933448269
9VUX9AI X 2020-03-25,71.98329156868827
9VUX9AI X 2020-03-26,64.48072784094786
9VUX9AI X 2020-03-27,54.77749086077661
9VUX9AI X 2020-03-28,54.95985308293572
9VUX9AI X 2020-03-29,65.94257046200362
9VUX9AI X 2020-03-30,49.27896673039911
9VUX9AI X 2020-03-31,38.77279339120462
9VUX9AI X 2020-04-01,54.07176601921667
9VUX9AI X 2020-04-02,71.92706007084483
9VUX9AI X 2020-04-03,81.46189485341115
9VUX9AI X 2020-04-04,77.5910684477452
A4Z5WHY X 2020-01-02,120.91319277808186
A4Z5WHY X 2020-01-03,82.28393740616222
A4Z5WHY X 2020-01-04,108.55279799326624
A4Z5WHY X 2020-01-05,33.68480597432071
A4Z5WHY X 2020-01-06,59.98559292571788
A4Z5WHY X 2020-01-07,94.81946751651937
A4Z5WHY X 2020-01-08,152.4009341790915
A4Z5WHY X 2020-01-09,85.16166722428643
A4Z5WHY X 2020-01-10,118.13848598168217
A4Z5WHY X 2020-01-11,82.16856534987652
A4Z5WHY X 2020-01-12,76.34155965830982
A4Z5WHY X 2020-01-13,77.02917014936673
A4Z5WHY X 2020-01-14,82.38369754852168
A4Z5WHY X 2020-01-15,85.89657268905621
A4Z5WHY X 2020-01-16,104.32901999367145
A4Z5WHY X 2020-01-17,81.88630719245528
A4Z5WHY X 2020-01-18,91.75424362734185
A4Z5WHY X 2020-01-19,91.4132793235574
A4Z5WHY X 2020-01-20,88.67779409353071
A4Z5WHY X 2020-01-21,75.4778264504726
A4Z5WHY X 2020-01-22,81.0270067117391
A4Z5WHY X 2020-01-23,92.91105870958894
A4Z5WHY X 2020-01-24,90.91407590422344
A4Z5WHY X 2020-01-25,99.65916603230211
A4Z5WHY X 2020-01-26,87.04454700528007
A4Z5WHY X 2020-01-27,94.14191700613686
A4Z5WHY X 2020-01-28,78.78343941087358
A4Z5WHY X 2020-01-29,28.89314651898296
A4Z5WHY X 2020-01-30,31.24323067403953
A4Z5WHY X 2020-01-31,32.91460463401667
A4Z5WHY X 2020-02-01,29.339746687482375
A4Z5WHY X 2020-02-02,25.703925903729427
A4Z5WHY X 2020-02-03,24.885043376225234
A4Z5WHY X 2020-02-04,27.301125969182294
A4Z5WHY X 2020-02-05,26.052072741507068
A4Z5WHY X 2020-02-06,37.67267676529424
A4Z5WHY X 2020-02-07,41.17689607383103
A4Z5WHY X 2020-02-08,35.27438204470336
A4Z5WHY X 2020-02-09,80.32142054946698
A4Z5WHY X 2020-02-10,36.54287337635868
A4Z5WHY X 2020-02-11,35.75761282861233
A4Z5WHY X 2020-02-12,37.88327687258212
A4Z5WHY X 2020-02-13,46.18548399370165
A4Z5WHY X 2020-02-14,42.80591490093437
A4Z5WHY X 2020-02-15,41.17512205494836
A4Z5WHY X 2020-02-16,62.386427917537304
A4Z5WHY X 2020-02-17,41.60115034705325
A4Z5WHY X 2020-02-18,37.63816170347627
A4Z5WHY X 2020-02-19,29.70844500231457
A4Z5WHY X 2020-02-20,28.038917300326027
A4Z5WHY X 2020-02-21,64.82885672712183
A4Z5WHY X 2020-02-22,43.30693103888147
A4Z5WHY X 2020-02-23,41.68496771803825
A4Z5WHY X 2020-02-24,17.63937195029426
A4Z5WHY X 2020-02-25,40.47758841769304
A4Z5WHY X 2020-02-26,23.144185939319403
A4Z5WHY X 2020-02-27,30.687124403190992
A4Z5WHY X 2020-02-28,38.74660956325166
A4Z5WHY X 2020-02-29,42.35174132799777
A4Z5WHY X 2020-03-01,48.3268640339455
A4Z5WHY X 2020-03-02,15.057371089331802
A4Z5WHY X 2020-03-03,35.73771774988089
A4Z5WHY X 2020-03-04,39.15895505103648
A4Z5WHY X 2020-03-05,40.064206676007494
A4Z5WHY X 2020-03-06,48.08141477284762
A4Z5WHY X 2020-03-12,55.2473207911404
A4Z5WHY X 2020-03-13,41.32480692970139
A4Z5WHY X 2020-03-14,26.209567899221938
A4Z5WHY X 2020-03-15,31.75818689680878
A4Z5WHY X 2020-03-16,44.876130194735794
A4Z5WHY X 2020-03-17,64.97816220840723
A4Z5WHY X 2020-03-18,82.24277351240768
A4Z5WHY X 2020-03-19,69.54748068440638
A4Z5WHY X 2020-03-20,70.76075532720857
A4Z5WHY X 2020-03-21,65.0150811110553
A4Z5WHY X 2020-03-22,33.25478525440374
A4Z5WHY X 2020-03-23,35.9564434914826
A4Z5WHY X 2020-03-24,43.104251598554
A4Z5WHY X 2020-03-25,40.22000611872322
A4Z5WHY X 2020-03-26,45.3622056874655
A4Z5WHY X 2020-03-27,65.23983802437048
A4Z5WHY X 2020-03-28,80.64022636169598
A4Z5WHY X 2020-03-29,84.6575657030776
A4Z5WHY X 2020-03-30,51.804752333482504
A4Z5WHY X 2020-03-31,50.64459856280422
A4Z5WHY X 2020-04-01,59.18637033243783
A4Z5WHY X 2020-04-02,58.36551188279509
A4Z5WHY X 2020-04-03,77.49355156722554
A4Z5WHY X 2020-04-04,58.73984465197155
A5Q06QS X 2020-01-02,51.379959586278765
A5Q06QS X 2020-01-03,57.835683058022354
A5Q06QS X 2020-01-04,53.86487466470455
A5Q06QS X 2020-01-05,49.58449023512097
A5Q06QS X 2020-01-06,53.58880005965183
A5Q06QS X 2020-01-07,31.096345214668382
A5Q06QS X 2020-01-08,25.675466472637076
A5Q06QS X 2020-01-09,83.28080835536768
A5Q06QS X 2020-01-10,41.28553728345192
A5Q06QS X 2020-01-11,24.069810169918064
A5Q06QS X 2020-01-12,36.50568933317562
A5Q06QS X 2020-01-13,82.102183395798
A5Q06QS X 2020-01-14,67.34419538533388
A5Q06QS X 2020-01-15,62.605213043157804
A5Q06QS X 2020-01-16,99.8063129947866
A5Q06QS X 2020-01-17,28.331214707691494
A5Q06QS X 2020-01-18,73.74425480179923
A5Q06QS X 2020-01-19,31.031189810846165
A5Q06QS X 2020-01-20,78.66877065616305
A5Q06QS X 2020-01-21,102.25517184544087
A5Q06QS X 2020-01-22,59.78845610216136
A5Q06QS X 2020-01-23,58.939075236062735
A5Q06QS X 2020-01-24,68.73197502633012
A5Q06QS X 2020-01-25,28.41209913795541
A5Q06QS X 2020-01-26,34.187638917080776
A5Q06QS X 2020-01-27,43.57420743576057
A5Q06QS X 2020-01-28,49.0582086992465
A5Q06QS X 2020-01-29,65.86911021717246
A5Q06QS X 2020-01-30,72.31438408593081
A5Q06QS X 2020-01-31,101.2067816400433
A5Q06QS X 2020-02-01,74.03297811434035
A5Q06QS X 2020-02-02,46.020091338289525
A5Q06QS X 2020-02-03,66.6915818200002
A5Q06QS X 2020-02-04,49.42621709941867
A5Q06QS X 2020-02-05,33.90213127590508
A5Q06QS X 2020-02-06,18.27542564787165
A5Q06QS X 2020-02-07,16.326214766224023
A5Q06QS X 2020-02-08,38.38250497534499
A5Q06QS X 2020-02-09,64.90274293724765
A5Q06QS X 2020-02-10,56.9596884682237
A5Q06QS X 2020-02-11,69.86111696761722
A5Q06QS X 2020-02-12,31.738477187051323
A5Q06QS X 2020-02-13,58.531595945376424
A5Q06QS X 2020-02-14,59.9632465959434
A5Q06QS X 2020-02-15,63.70463855124018
A5Q06QS X 2020-02-16,43.752741374028375
A5Q06QS X 2020-02-17,63.979062689289364
A5Q06QS X 2020-02-18,33.44883689465157
A5Q06QS X 2020-02-19,39.47465072911184
A5Q06QS X 2020-02-20,44.10029915114121
A5Q06QS X 2020-02-21,26.532541629752203
A5Q06QS X 2020-02-22,57.163159105175055
A5Q06QS X 2020-02-23,66.78339951396534
A5Q06QS X 2020-02-24,51.976236507289514
A5Q06QS X 2020-02-25,48.81852758619863
A5Q06QS X 2020-02-26,37.936891906846625
A5Q06QS X 2020-02-27,27.320435598280234
A5Q06QS X 2020-02-28,35.52471427235207
A5Q06QS X 2020-02-29,34.60243800736835
A5Q06QS X 2020-03-01,58.13885603775286
A5Q06QS X 2020-03-02,55.784201386944105
A5Q06QS X 2020-03-03,71.1676536860033
A5Q06QS X 2020-03-04,38.2683180276883
A5Q06QS X 2020-03-05,42.665918182503646
A5Q06QS X 2020-03-06,35.982406813153666
A5Q06QS X 2020-03-07,27.956876631009962
A5Q06QS X 2020-03-08,51.06176831803742
A5Q06QS X 2020-03-09,33.85388191583418
A5Q06QS X 2020-03-10,35.41094716741099
A5Q06QS X 2020-03-11,43.986305316447705
A5Q06QS X 2020-03-12,47.95108719060764
A5Q06QS X 2020-03-13,38.44081625139424
A5Q06QS X 2020-03-14,20.18698669919888
A5Q06QS X 2020-03-15,34.89604577506402
A5Q06QS X 2020-03-16,40.24860379581361
A5Q06QS X 2020-03-17,65.84433272815147
A5Q06QS X 2020-03-18,52.36925660274747
A5Q06QS X 2020-03-19,36.76442866728854
A5Q06QS X 2020-03-20,34.20415359856012
A5Q06QS X 2020-03-21,32.29567674293672
A5Q06QS X 2020-03-22,50.79423525904541
A5Q06QS X 2020-03-23,36.24395349245158
A5Q06QS X 2020-03-24,45.15426868901894
A5Q06QS X 2020-03-25,70.50087098467411
A5Q06QS X 2020-03-26,37.034517023100655
A5Q06QS X 2020-03-27,36.50832018082943
A5Q06QS X 2020-03-28,31.01097664127819
A5Q06QS X 2020-03-29,41.277057784136005
A5Q06QS X 2020-03-30,11.821824969701701
A5Q06QS X 2020-03-31,38.2359017588284
A5Q06QS X 2020-04-01,38.57445380805025
A5Q06QS X 2020-04-02,46.646217814966015
A5Q06QS X 2020-04-03,47.80145423875926
A5Q06QS X 2020-04-04,43.53404906548417
B0B69RZ X 2020-01-02,83.96502937412366
B0B69RZ X 2020-01-03,75.09952057379522
B0B69RZ X 2020-01-04,75.92096722477281
B0B69RZ X 2020-01-05,76.1663698366226
B0B69RZ X 2020-01-06,91.86341962144785
B0B69RZ X 2020-01-07,95.48107420016481
B0B69RZ X 2020-01-08,95.05817109070922
B0B69RZ X 2020-01-09,57.80777354481265
B0B69RZ X 2020-01-10,89.96296066662045
B0B69RZ X 2020-01-11,101.12883290971575
B0B69RZ X 2020-01-12,47.48144029130842
B0B69RZ X 2020-01-13,68.94944640665425
B0B69RZ X 2020-01-14,64.47746088457605
B0B69RZ X 2020-01-15,73.52652462487653
B0B69RZ X 2020-01-16,107.95545714350142
B0B69RZ X 2020-01-17,59.307517089913205
B0B69RZ X 2020-01-18,66.23183262496481
B0B69RZ X 2020-01-19,93.46753682148108
B0B69RZ X 2020-01-20,99.0083352283296
B0B69RZ X 2020-01-21,86.06337559689983
B0B69RZ X 2020-01-22,86.23768632413116
B0B69RZ X 2020-01-23,100.25125067858052
B0B69RZ X 2020-01-24,64.4045388443506
B0B69RZ X 2020-01-25,63.73261611305193
B0B69RZ X 2020-01-26,52.44941503873722
B0B69RZ X 2020-01-27,50.414746777561604
B0B69RZ X 2020-01-28,60.74193939689495
B0B69RZ X 2020-01-29,41.57019281605023
B0B69RZ X 2020-01-30,54.352884185303935
B0B69RZ X 2020-01-31,75.82846321667454
B0B69RZ X 2020-02-01,86.0404894226469
B0B69RZ X 2020-02-02,79.96997910369828
B0B69RZ X 2020-02-03,75.55220164405523
B0B69RZ X 2020-02-04,56.32926034022752
B0B69RZ X 2020-02-05,41.55452932344484
B0B69RZ X 2020-02-06,72.37176923780153
B0B69RZ X 2020-02-07,41.62329543519473
B0B69RZ X 2020-02-08,37.63595593612872
B0B69RZ X 2020-02-09,38.16026997394176
B0B69RZ X 2020-02-10,65.36478144124143
B0B69RZ X 2020-02-11,100.88225846796188
B0B69RZ X 2020-02-12,88.19682881465961
B0B69RZ X 2020-02-13,80.53792426968072
B0B69RZ X 2020-02-14,84.65750985944852
B0B69RZ X 2020-02-15,95.68350897764482
B0B69RZ X 2020-02-16,42.40371055782023
B0B69RZ X 2020-02-17,48.38030570862262
B0B69RZ X 2020-02-18,66.60603663281191
B0B69RZ X 2020-02-19,90.46006626051573
B0B69RZ X 2020-02-20,73.71831697621303
B0B69RZ X 2020-02-21,56.973445613194684
B0B69RZ X 2020-02-22,65.80645136353368
B0B69RZ X 2020-02-23,53.188572162227835
B0B69RZ X 2020-02-24,65.47790889659483
B0B69RZ X 2020-02-25,102.28301508936869
B0B69RZ X 2020-02-26,80.5107970869395
B0B69RZ X 2020-02-27,61.778199037202114
B0B69RZ X 2020-02-28,65.24159689214883
B0B69RZ X 2020-02-29,84.67654236934821
B0B69RZ X 2020-03-01,82.45113763615623
B0B69RZ X 2020-03-02,43.89251108673284
B0B69RZ X 2020-03-03,86.32000752267652
B0B69RZ X 2020-03-04,54.145551512914814
B0B69RZ X 2020-03-05,41.70621865575488
B0B69RZ X 2020-03-06,63.1033330676139
B0B69RZ X 2020-03-07,79.46364207452272
B0B69RZ X 2020-03-08,59.02543423560755
B0B69RZ X 2020-03-09,82.04728876999373
B0B69RZ X 2020-03-10,44.65918633873057
B0B69RZ X 2020-03-11,59.97919321140493
B0B69RZ X 2020-03-12,62.129255704536305
B0B69RZ X 2020-03-13,54.249513436927536
B0B69RZ X 2020-03-14,43.58182515778686
B0B69RZ X 2020-03-15,66.6038154537329
B0B69RZ X 2020-03-16,71.60048737481421
B0B69RZ X 2020-03-17,76.20319853953494
B0B69RZ X 2020-03-18,82.69133433270622
B0B69RZ X 2020-03-19,92.32339327504738
B0B69RZ X 2020-03-20,58.69989348485778
B0B69RZ X 2020-03-21,102.22719697400542
B0B69RZ X 2020-03-22,101.8996660537015
B0B69RZ X 2020-03-23,47.02139058678612
B0B69RZ X 2020-03-24,58.85372044168432
B0B69RZ X 2020-03-25,72.80945791133621
B0B69RZ X 2020-03-26,79.39039325159015
B0B69RZ X 2020-03-27,83.35784433247836
B0B69RZ X 2020-03-28,31.45965577191768
B0B69RZ X 2020-03-29,39.86004268377531
B0B69RZ X 2020-03-30,67.9292089558816
B0B69RZ X 2020-03-31,46.19461444978676
B0B69RZ X 2020-04-01,39.42999192237771
B0B69RZ X 2020-04-02,45.5370851689181
B0B69RZ X 2020-04-03,61.71550751644767
B0B69RZ X 2020-04-04,37.92553143507657
B0BNTM9 X 2020-01-02,48.739014734588025
B0BNTM9 X 2020-01-03,78.9639714719694
B0BNTM9 X 2020-01-04,66.57273048818078
B0BNTM9 X 2020-01-05,57.323844549311914
B0BNTM9 X 2020-01-06,26.617687245471082
B0BNTM9 X 2020-01-07,44.2083792975704
B0BNTM9 X 2020-01-08,60.72146034638254
B0BNTM9 X 2020-01-09,94.67570785063637
B0BNTM9 X 2020-01-10,84.55308375748915
B0BNTM9 X 2020-01-11,79.59326048322117
B0BNTM9 X 2020-01-12,53.56929731098627
B0BNTM9 X 2020-01-13,56.29051618448234
B0BNTM9 X 2020-01-14,101.04006883546397
B0BNTM9 X 2020-01-15,94.92000651348549
B0BNTM9 X 2020-01-16,71.56250966159976
B0BNTM9 X 2020-01-17,116.37949877205439
B0BNTM9 X 2020-01-18,45.046680779468204
B0BNTM9 X 2020-01-19,56.52005251360498
B0BNTM9 X 2020-01-20,39.15422950952663
B0BNTM9 X 2020-01-21,48.86558287373969
B0BNTM9 X 2020-01-22,69.95881767718194
B0BNTM9 X 2020-01-23,64.50933633492177
B0BNTM9 X 2020-01-24,81.51579763484678
B0BNTM9 X 2020-01-25,30.51796019097729
B0BNTM9 X 2020-01-26,72.69936875127814
B0BNTM9 X 2020-01-27,44.214982957745974
B0BNTM9 X 2020-01-28,29.578266142666557
B0BNTM9 X 2020-01-29,24.88247276053064
B0BNTM9 X 2020-01-30,89.09435662789916
B0BNTM9 X 2020-01-31,54.728302248771584
B0BNTM9 X 2020-02-01,43.44516121091498
B0BNTM9 X 2020-02-02,37.7066883546895
B0BNTM9 X 2020-02-03,40.0308587849421
B0BNTM9 X 2020-02-04,38.1159757602545
B0BNTM9 X 2020-02-05,29.51928227887101
B0BNTM9 X 2020-02-06,20.070521589483263
B0BNTM9 X 2020-02-07,34.40778352424618
B0BNTM9 X 2020-02-08,61.928373014487875
B0BNTM9 X 2020-02-09,65.06375662814513
B0BNTM9 X 2020-02-10,35.949841724824765
B0BNTM9 X 2020-02-11,32.118073229765834
B0BNTM9 X 2020-02-12,36.598902421670324
B0BNTM9 X 2020-02-13,50.05161107912721
B0BNTM9 X 2020-02-14,30.851442769292014
B0BNTM9 X 2020-02-15,25.526340736956605
B0BNTM9 X 2020-02-16,52.92731892071572
B0BNTM9 X 2020-02-17,68.03678956253584
B0BNTM9 X 2020-02-18,35.065735979493994
B0BNTM9 X 2020-02-19,28.28843280986046
B0BNTM9 X 2020-02-20,55.57715652348304
B0BNTM9 X 2020-02-21,54.85808694972618
B0BNTM9 X 2020-02-22,32.124965913739544
B0BNTM9 X 2020-02-23,40.154823358023194
B0BNTM9 X 2020-02-24,32.73040897460638
B0BNTM9 X 2020-02-25,46.81152996133954
B0BNTM9 X 2020-02-26,34.956539093557225
B0BNTM9 X 2020-02-27,30.541280181682524
B0BNTM9 X 2020-02-28,32.330444831077834
B0BNTM9 X 2020-02-29,45.34658486226802
B0BNTM9 X 2020-03-01,32.53651270530827
B0BNTM9 X 2020-03-02,19.14682121967758
B0BNTM9 X 2020-03-03,15.533899729571935
B0BNTM9 X 2020-03-04,35.246810958471826
B0BNTM9 X 2020-03-05,67.25040879550133
B0BNTM9 X 2020-03-06,30.411389197228317
B0BNTM9 X 2020-03-07,58.513090278258375
B0BNTM9 X 2020-03-08,31.55996310306405
B0BNTM9 X 2020-03-09,55.27871168393895
B0BNTM9 X 2020-03-10,50.97545576638172
B0BNTM9 X 2020-03-11,68.688235472025
B0BNTM9 X 2020-03-12,52.55241993590531
B0BNTM9 X 2020-03-13,56.26441952284884
B0BNTM9 X 2020-03-14,52.527321893467764
B0BNTM9 X 2020-03-15,36.19421894939267
B0BNTM9 X 2020-03-16,51.298696435216286
B0BNTM9 X 2020-03-17,80.49462578616215
B0BNTM9 X 2020-03-18,50.76787768798554
B0BNTM9 X 2020-03-19,83.4796821010427
B0BNTM9 X 2020-03-20,58.37366100997572
B0BNTM9 X 2020-03-21,78.2225609750116
B0BNTM9 X 2020-03-22,48.93950781016575
B0BNTM9 X 2020-03-23,26.441127597769153
B0BNTM9 X 2020-03-24,31.627710372910315
B0BNTM9 X 2020-03-25,40.16616062771895
B0BNTM9 X 2020-03-26,37.5288619163053
B0BNTM9 X 2020-03-27,39.086690680753414
B0BNTM9 X 2020-03-28,57.44545425640544
B0BNTM9 X 2020-03-29,63.828142633239366
B0BNTM9 X 2020-03-30,63.17023586113223
B0BNTM9 X 2020-03-31,37.674204221291134
B0BNTM9 X 2020-04-01,19.122636613059868
B0BNTM9 X 2020-04-02,35.43441296392724
B0BNTM9 X 2020-04-03,81.03284387716253
B0BNTM9 X 2020-04-04,54.29461955399344
B61EFVW X 2020-01-02,28.53817835308582
B61EFVW X 2020-01-03,77.99073068037866
B61EFVW X 2020-01-04,35.91337460566932
B61EFVW X 2020-01-05,31.082013643658115
B61EFVW X 2020-01-06,28.914590150696775
B61EFVW X 2020-01-07,73.00165754394409
B61EFVW X 2020-01-08,71.10074410185491
B61EFVW X 2020-01-09,36.29237185302755
B61EFVW X 2020-01-10,57.76354653636072
B61EFVW X 2020-01-11,36.66838564304442
B61EFVW X 2020-01-12,45.60554918699888
B61EFVW X 2020-01-13,45.8091926298629
B61EFVW X 2020-01-14,52.43531949696204
B61EFVW X 2020-01-15,47.56020462271974
B61EFVW X 2020-01-16,38.78533620128968
B61EFVW X 2020-01-17,39.10158678061792
B61EFVW X 2020-01-18,46.56107052013341
B61EFVW X 2020-01-19,64.7054603136071
B61EFVW X 2020-01-20,28.953309925555573
B61EFVW X 2020-01-21,22.970183239799706
B61EFVW X 2020-01-22,74.42947434918553
B61EFVW X 2020-01-23,50.69055982531518
B61EFVW X 2020-01-24,46.20652370541245
B61EFVW X 2020-01-25,60.39659459702125
B61EFVW X 2020-01-26,80.04845847631945
B61EFVW X 2020-01-27,58.926461947783224
B61EFVW X 2020-01-28,36.43891850239766
B61EFVW X 2020-01-29,39.39223530441403
B61EFVW X 2020-01-30,30.313349963256442
B61EFVW X 2020-01-31,26.3378650818181
B61EFVW X 2020-02-01,20.96950248797581
B61EFVW X 2020-02-02,27.644192383410996
B61EFVW X 2020-02-03,54.80890207102116
B61EFVW X 2020-02-04,26.4872380598945
B61EFVW X 2020-02-05,53.143755032558836
B61EFVW X 2020-02-06,25.15592459111538
B61EFVW X 2020-02-07,37.53053691696027
B61EFVW X 2020-02-08,30.97699806540441
B61EFVW X 2020-02-09,20.046809020523895
B61EFVW X 2020-02-10,62.83592184506078
B61EFVW X 2020-02-11,24.372326597315293
B61EFVW X 2020-02-12,41.36718748868641
B61EFVW X 2020-02-13,51.7676115102921
B61EFVW X 2020-02-14,62.1477734253758
B61EFVW X 2020-02-15,47.1474854603784
B61EFVW X 2020-02-16,64.69835184156551
B61EFVW X 2020-02-17,28.797886365763077
B61EFVW X 2020-02-18,24.6899841717821
B61EFVW X 2020-02-19,31.26201333292665
B61EFVW X 2020-02-20,39.15267974783276
B61EFVW X 2020-02-21,38.30142377082744
B61EFVW X 2020-02-22,53.01429871207282
B61EFVW X 2020-02-23,35.055399097247914
B61EFVW X 2020-02-24,40.227984822656296
B61EFVW X 2020-02-25,81.76250997875074
B61EFVW X 2020-02-26,70.30219136181792
B61EFVW X 2020-02-27,43.16032701477022
B61EFVW X 2020-02-28,30.729665646853483
B61EFVW X 2020-02-29,57.59643592857773
B61EFVW X 2020-03-01,31.42959869393264
B61EFVW X 2020-03-02,54.216579745140734
B61EFVW X 2020-03-03,24.587476572560497
B61EFVW X 2020-03-04,54.12935455388459
B61EFVW X 2020-03-05,29.197129718182225
B61EFVW X 2020-03-06,33.7929594932164
B61EFVW X 2020-03-07,38.62786646575317
B61EFVW X 2020-03-08,69.43592396817637
B61EFVW X 2020-03-09,60.315475360328165
B61EFVW X 2020-03-10,40.04920202626084
B61EFVW X 2020-03-11,29.268123584932454
B61EFVW X 2020-03-12,31.648832701969994
B61EFVW X 2020-03-13,45.954791690430916
B61EFVW X 2020-03-14,57.54035518335405
B61EFVW X 2020-03-15,30.08821685509222
B61EFVW X 2020-03-16,37.80157600853129
B61EFVW X 2020-03-17,31.469520348036703
B61EFVW X 2020-03-18,32.30126011025001
B61EFVW X 2020-03-19,56.606160470375116
B61EFVW X 2020-03-20,43.08261660265838
B61EFVW X 2020-03-21,32.473297443677986
B61EFVW X 2020-03-22,66.37961631233283
B61EFVW X 2020-03-23,31.017576697537734
B61EFVW X 2020-03-24,31.205958196047476
B61EFVW X 2020-03-25,32.83410771853139
B61EFVW X 2020-03-26,66.01642298790146
B61EFVW X 2020-03-27,45.053571978393144
B61EFVW X 2020-03-28,24.12933017576551
B61EFVW X 2020-03-29,28.56727309084551
B61EFVW X 2020-03-30,44.07492361296066
B61EFVW X 2020-03-31,46.11066506840325
B61EFVW X 2020-04-01,34.42525843755361
B61EFVW X 2020-04-02,25.27104251400607
B61EFVW X 2020-04-03,49.78952838325603
B61EFVW X 2020-04-04,72.89671715729676
B6D31F4 X 2020-01-02,31.48185475231044
B6D31F4 X 2020-01-03,43.860039105056906
B6D31F4 X 2020-01-04,37.51528535339818
B6D31F4 X 2020-01-05,32.41245258464515
B6D31F4 X 2020-01-06,46.25248864213066
B6D31F4 X 2020-01-07,28.992440505708878
B6D31F4 X 2020-01-08,34.94931312118206
B6D31F4 X 2020-01-09,20.430827049765256
B6D31F4 X 2020-01-10,29.603562252338293
B6D31F4 X 2020-01-11,24.662976146537176
B6D31F4 X 2020-01-12,26.53500437162623
B6D31F4 X 2020-01-13,24.372971678229312
B6D31F4 X 2020-01-14,26.285460125818403
B6D31F4 X 2020-01-15,33.38504697313851
B6D31F4 X 2020-01-16,49.30364384747126
B6D31F4 X 2020-01-17,77.68423217978986
B6D31F4 X 2020-01-18,44.189156504076394
B6D31F4 X 2020-01-19,46.73869342571164
B6D31F4 X 2020-01-20,44.032138890226484
B6D31F4 X 2020-01-21,38.25558475207592
B6D31F4 X 2020-01-22,48.289865630707325
B6D31F4 X 2020-01-23,34.08508553000483
B6D31F4 X 2020-01-24,43.33654345721868
B6D31F4 X 2020-01-25,42.68590104289245
B6D31F4 X 2020-01-26,25.81109978620438
B6D31F4 X 2020-01-27,27.588851703858396
B6D31F4 X 2020-01-28,36.97585338995
B6D31F4 X 2020-01-29,25.029261525383284
B6D31F4 X 2020-01-30,25.95505945566508
B6D31F4 X 2020-01-31,27.661164279490393
B6D31F4 X 2020-02-01,34.8021704094927
B6D31F4 X 2020-02-02,37.48639839291597
B6D31F4 X 2020-02-03,33.395066989248164
B6D31F4 X 2020-02-04,26.95496196066476
B6D31F4 X 2020-02-05,25.22999418279666
B6D31F4 X 2020-02-06,24.768722956650215
B6D31F4 X 2020-02-07,38.39550570701874
B6D31F4 X 2020-02-08,36.78400224295299
B6D31F4 X 2020-02-09,43.6242852821511
B6D31F4 X 2020-02-10,33.54130991975498
B6D31F4 X 2020-02-11,41.83707920147438
B6D31F4 X 2020-02-12,23.608862164978156
B6D31F4 X 2020-02-13,41.65226313593915
B6D31F4 X 2020-02-14,42.22116462710257
B6D31F4 X 2020-02-15,31.776085578119663
B6D31F4 X 2020-02-16,26.79965728544503
B6D31F4 X 2020-02-17,36.47816306573108
B6D31F4 X 2020-02-18,37.11269422327989
B6D31F4 X 2020-02-19,34.82589711424249
B6D31F4 X 2020-02-20,20.661534847412916
B6D31F4 X 2020-02-21,34.948654603397834
B6D31F4 X 2020-02-22,44.34675522882521
B6D31F4 X 2020-02-23,43.39571615004887
B6D31F4 X 2020-02-24,21.534261092364865
B6D31F4 X 2020-02-25,35.1504043852154
B6D31F4 X 2020-02-26,28.46601294877471
B6D31F4 X 2020-02-27,30.169975779182963
B6D31F4 X 2020-02-28,41.2796065776692
B6D31F4 X 2020-02-29,35.96209337647454
B6D31F4 X 2020-03-01,25.170484809689924
B6D31F4 X 2020-03-02,22.001783385740747
B6D31F4 X 2020-03-03,35.12136891573876
B6D31F4 X 2020-03-04,42.325721852218976
B6D31F4 X 2020-03-05,21.619894727897297
B6D31F4 X 2020-03-06,35.146234242578494
B6D31F4 X 2020-03-07,13.184035565804312
B6D31F4 X 2020-03-08,21.941299061060523
B6D31F4 X 2020-03-09,21.00942265976245
B6D31F4 X 2020-03-10,29.63026584154361
B6D31F4 X 2020-03-11,27.366575274601452
B6D31F4 X 2020-03-12,35.39258215005817
B6D31F4 X 2020-03-13,14.784702169677814
B6D31F4 X 2020-03-14,21.381288559456898
B6D31F4 X 2020-03-15,34.76315755536681
B6D31F4 X 2020-03-16,20.98465002880257
B6D31F4 X 2020-03-17,38.634252004612854
B6D31F4 X 2020-03-18,17.707636285104485
B6D31F4 X 2020-03-19,28.05692424458016
B6D31F4 X 2020-03-20,22.839660622389147
B6D31F4 X 2020-03-21,35.969385834225434
B6D31F4 X 2020-03-22,25.857534064546044
B6D31F4 X 2020-03-23,38.612755860541085
B6D31F4 X 2020-03-24,21.738018366168003
B6D31F4 X 2020-03-25,21.81334310563859
B6D31F4 X 2020-03-26,23.411087465519806
B6D31F4 X 2020-03-27,21.042226570144486
B6D31F4 X 2020-03-28,15.541296593162752
B6D31F4 X 2020-03-29,39.906952047669925
B6D31F4 X 2020-03-30,22.99625260122975
B6D31F4 X 2020-03-31,23.731178845193966
B6D31F4 X 2020-04-01,34.113650194131
B6D31F4 X 2020-04-02,40.315298869944186
B6D31F4 X 2020-04-03,55.90417051548502
B6D31F4 X 2020-04-04,39.92370843058958
BFYKI97 X 2020-01-02,62.43702635693025
BFYKI97 X 2020-01-03,69.44461345953913
BFYKI97 X 2020-01-04,69.24041613864182
BFYKI97 X 2020-01-05,51.16497790717362
BFYKI97 X 2020-01-06,45.45290805807137
BFYKI97 X 2020-01-07,45.22185425936767
BFYKI97 X 2020-01-08,51.30059229053439
BFYKI97 X 2020-01-09,65.5215411198415
BFYKI97 X 2020-01-10,54.41906479001435
BFYKI97 X 2020-01-11,74.88013039763347
BFYKI97 X 2020-01-12,53.44519224940531
BFYKI97 X 2020-01-13,35.68582454251019
BFYKI97 X 2020-01-14,92.2069173871134
BFYKI97 X 2020-01-15,55.251055531310506
BFYKI97 X 2020-01-16,86.85146419800057
BFYKI97 X 2020-01-17,65.96679619444957
BFYKI97 X 2020-01-18,77.92369474697578
BFYKI97 X 2020-01-19,147.30371014104867
BFYKI97 X 2020-01-20,97.05960844249742
BFYKI97 X 2020-01-21,65.73610559007341
BFYKI97 X 2020-01-22,80.7296442268877
BFYKI97 X 2020-01-23,62.11694985438338
BFYKI97 X 2020-01-24,75.91131206969668
BFYKI97 X 2020-01-25,75.03623156977932
BFYKI97 X 2020-01-26,65.5804197332973
BFYKI97 X 2020-01-27,31.26345936879011
BFYKI97 X 2020-01-28,35.940947608233074
BFYKI97 X 2020-01-29,47.97570210372768
BFYKI97 X 2020-01-30,48.28034726499709
BFYKI97 X 2020-01-31,55.14782170014416
BFYKI97 X 2020-02-01,52.572241656300676
BFYKI97 X 2020-02-02,79.78926164472303
BFYKI97 X 2020-02-03,99.17914310976286
BFYKI97 X 2020-02-04,67.80260514349054
BFYKI97 X 2020-02-05,43.24437465698106
BFYKI97 X 2020-02-06,62.62377538197306
BFYKI97 X 2020-02-07,53.46979045264024
BFYKI97 X 2020-02-08,42.90679821536649
BFYKI97 X 2020-02-09,53.70402409846463
BFYKI97 X 2020-02-10,49.98235950001195
BFYKI97 X 2020-02-11,82.67036216189237
BFYKI97 X 2020-02-12,54.44603144769804
BFYKI97 X 2020-02-13,49.01153978566283
BFYKI97 X 2020-02-14,65.65659307203471
BFYKI97 X 2020-02-15,63.29492441221166
BFYKI97 X 2020-02-16,39.34848805466117
BFYKI97 X 2020-02-17,41.69393058450596
BFYKI97 X 2020-02-18,41.752362135134575
BFYKI97 X 2020-02-19,61.46580906442638
BFYKI97 X 2020-02-20,68.26374267556714
BFYKI97 X 2020-02-21,63.937248635912894
BFYKI97 X 2020-02-22,48.133901340742256
BFYKI97 X 2020-02-23,47.039767977197926
BFYKI97 X 2020-02-24,48.931410124557
BFYKI97 X 2020-02-25,80.83197978534909
BFYKI97 X 2020-02-26,60.96751055971593
BFYKI97 X 2020-02-27,70.87049915424576
BFYKI97 X 2020-02-28,73.54974661663145
BFYKI97 X 2020-02-29,63.51472241622048
BFYKI97 X 2020-03-01,83.8164134262504
BFYKI97 X 2020-03-02,54.391383501571596
BFYKI97 X 2020-03-03,101.60725050929214
BFYKI97 X 2020-03-04,66.1501371300243
BFYKI97 X 2020-03-05,35.58529874592
BFYKI97 X 2020-03-06,55.03124811447598
BFYKI97 X 2020-03-07,78.98434324823155
BFYKI97 X 2020-03-08,48.33997938182186
BFYKI97 X 2020-03-09,58.72641661473436
BFYKI97 X 2020-03-10,31.705664579564022
BFYKI97 X 2020-03-11,35.660750037739625
BFYKI97 X 2020-03-12,53.98637255147732
BFYKI97 X 2020-03-13,80.9890732721481
BFYKI97 X 2020-03-14,50.66836673747345
BFYKI97 X 2020-03-15,39.84666329918112
BFYKI97 X 2020-03-16,33.223418346985085
BFYKI97 X 2020-03-17,77.57695946803207
BFYKI97 X 2020-03-18,79.22605712705959
BFYKI97 X 2020-03-19,71.47097554431002
BFYKI97 X 2020-03-20,34.68886224670786
BFYKI97 X 2020-03-21,60.546296946110644
BFYKI97 X 2020-03-22,59.99416644183016
BFYKI97 X 2020-03-23,64.90658062668223
BFYKI97 X 2020-03-24,70.5786388528996
BFYKI97 X 2020-03-25,75.48932536829075
BFYKI97 X 2020-03-26,72.48636312523713
BFYKI97 X 2020-03-27,40.45153485101447
BFYKI97 X 2020-03-28,51.64733014407091
BFYKI97 X 2020-03-29,58.45846477143897
BFYKI97 X 2020-03-30,35.77586442567006
BFYKI97 X 2020-03-31,47.95120463300427
BFYKI97 X 2020-04-01,47.46587143685096
BFYKI97 X 2020-04-02,64.75055758592126
BFYKI97 X 2020-04-03,63.493047404109504
BFYKI97 X 2020-04-04,56.22853787399983
BHDVVZ1 X 2020-01-02,109.1857754062883
BHDVVZ1 X 2020-01-03,69.9778810882442
BHDVVZ1 X 2020-01-04,15.093812172728157
BHDVVZ1 X 2020-01-05,53.3610554401195
BHDVVZ1 X 2020-01-06,78.28190876380012
BHDVVZ1 X 2020-01-07,88.52788802763477
BHDVVZ1 X 2020-01-08,58.259671841283335
BHDVVZ1 X 2020-01-09,35.08975890781273
BHDVVZ1 X 2020-01-10,44.61258901231715
BHDVVZ1 X 2020-01-11,34.92828061751833
BHDVVZ1 X 2020-01-12,67.61474718048585
BHDVVZ1 X 2020-01-13,53.12277475600032
BHDVVZ1 X 2020-01-14,72.40192862280156
BHDVVZ1 X 2020-01-15,83.72005304892686
BHDVVZ1 X 2020-01-16,107.60767477530406
BHDVVZ1 X 2020-01-17,83.48574818466172
BHDVVZ1 X 2020-01-18,49.46806914368365
BHDVVZ1 X 2020-01-19,34.13011662285031
BHDVVZ1 X 2020-01-20,64.91565379576468
BHDVVZ1 X 2020-01-21,92.92628174985276
BHDVVZ1 X 2020-01-22,101.38898805833743
BHDVVZ1 X 2020-01-23,69.85066833987435
BHDVVZ1 X 2020-01-24,76.18324727383165
BHDVVZ1 X 2020-01-25,96.5877804305128
BHDVVZ1 X 2020-01-26,89.60728431620024
BHDVVZ1 X 2020-01-27,91.98106941700517
BHDVVZ1 X 2020-01-28,34.132502881088115
BHDVVZ1 X 2020-01-29,17.28556797986205
BHDVVZ1 X 2020-01-30,32.036595444171745
BHDVVZ1 X 2020-01-31,27.621120526483722
BHDVVZ1 X 2020-02-01,22.24490350474936
BHDVVZ1 X 2020-02-02,20.177219668897397
BHDVVZ1 X 2020-02-03,22.687697213462002
BHDVVZ1 X 2020-02-04,18.575623665089786
BHDVVZ1 X 2020-02-05,29.605927748732334
BHDVVZ1 X 2020-02-06,48.013784173886805
BHDVVZ1 X 2020-02-07,47.51927987155146
BHDVVZ1 X 2020-02-08,77.44338931891255
BHDVVZ1 X 2020-02-09,65.61011928546398
BHDVVZ1 X 2020-02-10,36.644813612536005
BHDVVZ1 X 2020-02-11,13.017248337403498
BHDVVZ1 X 2020-02-12,23.367229425989166
BHDVVZ1 X 2020-02-13,32.15882713669603
BHDVVZ1 X 2020-02-14,39.20022482725599
BHDVVZ1 X 2020-02-15,53.63268336899263
BHDVVZ1 X 2020-02-16,35.60494954019788
BHDVVZ1 X 2020-02-17,29.774231379493514
BHDVVZ1 X 2020-02-18,15.444796529239305
BHDVVZ1 X 2020-02-19,29.885272490705937
BHDVVZ1 X 2020-02-20,29.466140874747467
BHDVVZ1 X 2020-02-21,26.78517600391372
BHDVVZ1 X 2020-02-22,37.30941318440911
BHDVVZ1 X 2020-02-23,18.831488465711796
BHDVVZ1 X 2020-02-24,21.53564765992969
BHDVVZ1 X 2020-02-25,21.75784054786312
BHDVVZ1 X 2020-02-26,15.583647395714209
BHDVVZ1 X 2020-02-27,25.833632235322376
BHDVVZ1 X 2020-02-28,27.589542598259605
BHDVVZ1 X 2020-02-29,43.93541244029264
BHDVVZ1 X 2020-03-01,19.271823077094172
BHDVVZ1 X 2020-03-02,38.934699592207785
BHDVVZ1 X 2020-03-03,37.191439265944375
BHDVVZ1 X 2020-03-04,42.56356892103017
BHDVVZ1 X 2020-03-05,55.63581683712421
BHDVVZ1 X 2020-03-06,40.44075139668323
BHDVVZ1 X 2020-03-07,32.04293345620854
BHDVVZ1 X 2020-03-08,37.10034953796173
BHDVVZ1 X 2020-03-09,45.267479199231204
BHDVVZ1 X 2020-03-10,34.860339867599286
BHDVVZ1 X 2020-03-11,18.813930902155974
BHDVVZ1 X 2020-03-12,21.38665207688647
BHDVVZ1 X 2020-03-13,20.19959033979843
BHDVVZ1 X 2020-03-14,52.684685476765814
BHDVVZ1 X 2020-03-15,46.63296182267356
BHDVVZ1 X 2020-03-16,58.47967195939613
BHDVVZ1 X 2020-03-17,49.191792528218215
BHDVVZ1 X 2020-03-18,71.56748454923873
BHDVVZ1 X 2020-03-19,58.248599424849644
BHDVVZ1 X 2020-03-20,60.324503407099115
BHDVVZ1 X 2020-03-21,35.84302498764912
BHDVVZ1 X 2020-03-22,33.44652282118987
BHDVVZ1 X 2020-03-23,52.00678283398339
BHDVVZ1 X 2020-03-24,60.86849530037796
BHDVVZ1 X 2020-03-25,50.67107348973683
BHDVVZ1 X 2020-03-26,75.12601046009986
BHDVVZ1 X 2020-03-27,73.68947808594761
BHDVVZ1 X 2020-03-28,94.14821320234186
BHDVVZ1 X 2020-03-29,32.04376411243797
BHDVVZ1 X 2020-03-30,27.359804194512044
BHDVVZ1 X 2020-03-31,49.194875670420224
BHHB4KK X 2020-01-02,321.5750505003363
BHHB4KK X 2020-01-03,239.07832392951582
BHHB4KK X 2020-01-04,270.5220809137386
BHHB4KK X 2020-01-05,234.3749772079583
BHHB4KK X 2020-01-06,208.44517973387417
BHHB4KK X 2020-01-07,182.91522846488186
BHHB4KK X 2020-01-08,181.03555399123837
BHHB4KK X 2020-01-09,177.4876826294726
BHHB4KK X 2020-01-10,193.29752943372944
BHHB4KK X 2020-01-11,223.3095023712516
BHHB4KK X 2020-01-12,265.8107112553861
BHHB4KK X 2020-01-13,233.69109528544345
BHHB4KK X 2020-01-14,189.79063624110603
BHHB4KK X 2020-01-15,181.80621759147533
BHHB4KK X 2020-01-16,188.70209189148216
BHHB4KK X 2020-01-17,165.5458649475745
BHHB4KK X 2020-01-18,206.44778100791268
BHHB4KK X 2020-01-19,203.96979954617763
BHHB4KK X 2020-01-20,201.3844203041453
BHHB4KK X 2020-01-21,257.6490779550372
BHHB4KK X 2020-01-22,236.84909558077766
BHHB4KK X 2020-01-23,163.18189127724924
BHHB4KK X 2020-01-24,165.14501293437752
BHHB4KK X 2020-01-25,203.58661970105135
BHHB4KK X 2020-01-26,243.95760182559115
BHHB4KK X 2020-01-27,266.9797313506983
BHHB4KK X 2020-01-28,181.87452585621537
BHHB4KK X 2020-01-29,147.07628513729418
BHHB4KK X 2020-01-30,186.29530746517258
BHHB4KK X 2020-01-31,184.47690092321506
BHHB4KK X 2020-02-01,189.99272594854455
BHHB4KK X 2020-02-02,191.4328431123174
BHHB4KK X 2020-02-03,213.91614128259147
BHHB4KK X 2020-02-04,242.08753352048086
BHHB4KK X 2020-02-05,186.15566898461083
BHHB4KK X 2020-02-06,198.35552103877052
BHHB4KK X 2020-02-07,200.80969064141385
BHHB4KK X 2020-02-08,216.98195744689968
BHHB4KK X 2020-02-09,231.75945615038495
BHHB4KK X 2020-02-10,233.9500432905008
BHHB4KK X 2020-02-11,222.85404245537
BHHB4KK X 2020-02-12,210.1120352770568
BHHB4KK X 2020-02-13,162.60606130192667
BHHB4KK X 2020-02-14,159.04829701550585
BHHB4KK X 2020-02-15,174.5307205544359
BHHB4KK X 2020-02-16,190.06658598971222
BHHB4KK X 2020-02-17,182.5680286690643
BHHB4KK X 2020-02-18,152.70841341538744
BHHB4KK X 2020-02-19,174.1215007852452
BHHB4KK X 2020-02-20,186.5337788330022
BHHB4KK X 2020-02-21,108.39227246083594
BHHB4KK X 2020-02-22,158.8411751760666
BHHB4KK X 2020-02-23,178.07385355450873
BHHB4KK X 2020-02-24,167.8334692582065
BHHB4KK X 2020-02-25,200.62635806458076
BHHB4KK X 2020-02-26,203.46670648041197
BHHB4KK X 2020-02-27,175.6649548776673
BHHB4KK X 2020-02-28,166.12913523435634
BHHB4KK X 2020-02-29,160.62352015476682
BHHB4KK X 2020-03-01,127.88121745501319
BHHB4KK X 2020-03-02,181.57825151905934
BHHB4KK X 2020-03-03,165.55119151794327
BHHB4KK X 2020-03-04,175.03978881717472
BHHB4KK X 2020-03-05,90.04753013328632
BHHB4KK X 2020-03-06,80.54894879624031
BHHB4KK X 2020-03-07,108.27198276565956
BHHB4KK X 2020-03-08,169.14562333268293
BHHB4KK X 2020-03-09,140.02320365145442
BHHB4KK X 2020-03-10,160.41000310496867
BHHB4KK X 2020-03-11,152.9916136203675
BHHB4KK X 2020-03-12,126.39951262483812
BHHB4KK X 2020-03-13,167.23915260037086
BHHB4KK X 2020-03-14,94.43855850033894
BHHB4KK X 2020-03-15,159.57136627334296
BHHB4KK X 2020-03-16,159.90383004788396
BHHB4KK X 2020-03-17,154.4526738279131
BHHB4KK X 2020-03-18,155.09694793508345
BHHB4KK X 2020-03-19,174.88831255134812
BHHB4KK X 2020-03-20,164.13274620019604
BHHB4KK X 2020-03-21,168.01025628621284
BHHB4KK X 2020-03-22,159.06472592713237
BHHB4KK X 2020-03-23,135.18487395442833
BHHB4KK X 2020-03-24,152.23085395518524
BHHB4KK X 2020-03-25,90.46778819480244
BHHB4KK X 2020-03-26,96.12377808329656
BHHB4KK X 2020-03-27,68.68213667580626
BHHB4KK X 2020-03-28,55.14190659369203
BHHB4KK X 2020-03-29,68.74127826268584
BHHB4KK X 2020-03-30,75.66558582691503
BHHB4KK X 2020-03-31,79.1189471367173
BHHB4KK X 2020-04-01,88.05479318408972
BHHB4KK X 2020-04-02,75.70963682558896
BHHB4KK X 2020-04-03,71.7493169214766
BHHB4KK X 2020-04-04,99.28281426705283
BLADFSG X 2020-01-02,89.7283239132798
BLADFSG X 2020-01-03,148.41098120252798
BLADFSG X 2020-01-04,136.1827064009559
BLADFSG X 2020-01-05,82.26146870934343
BLADFSG X 2020-01-06,74.54054762066104
BLADFSG X 2020-01-07,91.29645324996196
BLADFSG X 2020-01-08,145.68027098133558
BLADFSG X 2020-01-09,137.0208141162479
BLADFSG X 2020-01-10,153.09972223836974
BLADFSG X 2020-01-11,116.72981976791878
BLADFSG X 2020-01-12,74.14429087413909
BLADFSG X 2020-01-13,80.88700453724309
BLADFSG X 2020-01-14,78.1758528054082
BLADFSG X 2020-01-15,87.30222279425045
BLADFSG X 2020-01-16,87.66408765724319
BLADFSG X 2020-01-17,137.22920799070175
BLADFSG X 2020-01-18,72.12538667388948
BLADFSG X 2020-01-19,65.94651089258797
BLADFSG X 2020-01-20,97.87128187135922
BLADFSG X 2020-01-21,130.7064119271281
BLADFSG X 2020-01-22,148.5429359000653
BLADFSG X 2020-01-23,108.72741566762487
BLADFSG X 2020-01-24,124.95974313677853
BLADFSG X 2020-01-25,122.08331576343964
BLADFSG X 2020-01-26,111.6936321527694
BLADFSG X 2020-01-27,92.3812629178147
BLADFSG X 2020-01-28,74.67519533672053
BLADFSG X 2020-01-29,55.23472457750306
BLADFSG X 2020-01-30,34.209503783735656
BLADFSG X 2020-01-31,110.20418537177144
BLADFSG X 2020-02-01,84.47919130872071
BLADFSG X 2020-02-02,78.01185467889441
BLADFSG X 2020-02-03,56.18497976906538
BLADFSG X 2020-02-04,47.28903034784442
BLADFSG X 2020-02-05,62.05880212944999
BLADFSG X 2020-02-06,40.28310014339662
BLADFSG X 2020-02-07,69.23155183566098
BLADFSG X 2020-02-08,70.34629134518936
BLADFSG X 2020-02-09,105.32946827861242
BLADFSG X 2020-02-10,106.36048377842486
BLADFSG X 2020-02-11,64.0588296982096
BLADFSG X 2020-02-12,53.9450558535574
BLADFSG X 2020-02-13,63.34949858387239
BLADFSG X 2020-02-14,50.81637746025524
BLADFSG X 2020-02-15,32.62001916617144
BLADFSG X 2020-02-16,70.17516055052795
BLADFSG X 2020-02-17,69.59076843781824
BLADFSG X 2020-02-18,91.6218359094838
BLADFSG X 2020-02-19,44.928404398613985
BLADFSG X 2020-02-20,59.29704508624937
BLADFSG X 2020-02-21,48.40083921415804
BLADFSG X 2020-02-22,51.089296307218845
BLADFSG X 2020-02-23,104.74086375062693
BLADFSG X 2020-02-24,99.88724936388341
BLADFSG X 2020-02-25,76.1546685210113
BLADFSG X 2020-02-26,69.74065720459794
BLADFSG X 2020-02-27,45.61040720942598
BLADFSG X 2020-02-28,83.12773799418716
BLADFSG X 2020-02-29,34.38726762223805
BLADFSG X 2020-03-01,59.081838053042034
BLADFSG X 2020-03-02,71.08353602780966
BLADFSG X 2020-03-03,62.690739993694706
BLADFSG X 2020-03-04,35.600049464170546
BLADFSG X 2020-03-05,51.747563618674505
BLADFSG X 2020-03-06,76.47892643660985
BLADFSG X 2020-03-07,57.236411012461176
BLADFSG X 2020-03-08,43.81918043651746
BLADFSG X 2020-03-09,54.481929054653406
BLADFSG X 2020-03-10,42.437662982252895
BLADFSG X 2020-03-11,55.82595511826182
BLADFSG X 2020-03-12,69.75034849952027
BLADFSG X 2020-03-13,64.3508654425523
BLADFSG X 2020-03-14,50.844282295714
BLADFSG X 2020-03-15,47.234371691448295
BLADFSG X 2020-03-16,41.61269858172679
BLADFSG X 2020-03-17,70.75561729169007
BLADFSG X 2020-03-18,57.136140028730935
BLADFSG X 2020-03-19,73.58576784963014
BLADFSG X 2020-03-20,51.94527801895326
BLADFSG X 2020-03-21,71.6734248863478
BLADFSG X 2020-03-22,70.11739551901913
BLADFSG X 2020-03-23,38.16008766410039
BLADFSG X 2020-03-24,62.22564348027019
BLADFSG X 2020-03-25,63.9183246045681
BLADFSG X 2020-03-26,71.96543439268463
BLADFSG X 2020-03-27,60.347595642668296
BLADFSG X 2020-03-28,50.39992991197215
BLADFSG X 2020-03-29,71.89500611385323
BLADFSG X 2020-03-30,72.29633556888676
BLADFSG X 2020-03-31,51.92066315578705
BLADFSG X 2020-04-01,57.32667726666703
BLADFSG X 2020-04-02,65.69212218109513
BLADFSG X 2020-04-03,87.67424571825369
BLADFSG X 2020-04-04,66.67886990146457
BXOOYQQ X 2020-01-02,23.822329968831866
BXOOYQQ X 2020-01-03,18.153433157628086
BXOOYQQ X 2020-01-04,33.043438337389446
BXOOYQQ X 2020-01-05,27.73186274042439
BXOOYQQ X 2020-01-06,22.224059501770164
BXOOYQQ X 2020-01-07,28.453711767533555
BXOOYQQ X 2020-01-08,25.70023840332484
BXOOYQQ X 2020-01-09,13.93795210381671
BXOOYQQ X 2020-01-10,32.72045112916146
BXOOYQQ X 2020-01-11,19.18399069646188
BXOOYQQ X 2020-01-12,7.052776095123795
BXOOYQQ X 2020-01-13,18.44776960478271
BXOOYQQ X 2020-01-14,14.7446334071591
BXOOYQQ X 2020-01-15,15.375665670517293
BXOOYQQ X 2020-01-16,22.84978550189632
BXOOYQQ X 2020-01-17,14.941821501653841
BXOOYQQ X 2020-01-18,30.59427234143994
BXOOYQQ X 2020-01-19,49.24655275626168
BXOOYQQ X 2020-01-20,68.71775689246962
BXOOYQQ X 2020-01-21,87.57252241618872
BXOOYQQ X 2020-01-22,59.95514008397225
BXOOYQQ X 2020-01-23,57.17261738905533
BXOOYQQ X 2020-01-24,51.53725055811935
BXOOYQQ X 2020-01-25,66.48021932267274
BXOOYQQ X 2020-01-26,32.82600033746287
BXOOYQQ X 2020-01-27,14.553736817311094
BXOOYQQ X 2020-01-28,12.243877493343433
BXOOYQQ X 2020-01-29,23.810852803627782
BXOOYQQ X 2020-01-30,26.024289551507408
BXOOYQQ X 2020-01-31,14.499666640864977
BXOOYQQ X 2020-02-01,19.718931394883217
BXOOYQQ X 2020-02-02,37.76945230795778
BXOOYQQ X 2020-02-03,20.61981601059096
BXOOYQQ X 2020-02-04,20.429385702328013
BXOOYQQ X 2020-02-05,60.1275223415397
BXOOYQQ X 2020-02-06,53.67420228395217
BXOOYQQ X 2020-02-07,53.72532983973482
BXOOYQQ X 2020-02-08,23.82749014880966
BXOOYQQ X 2020-02-09,18.598626104295818
BXOOYQQ X 2020-02-10,27.342115261170633
BXOOYQQ X 2020-02-11,17.66386438440329
BXOOYQQ X 2020-02-12,22.398549616134805
BXOOYQQ X 2020-02-13,17.726645583487077
BXOOYQQ X 2020-02-14,23.840964910837904
BXOOYQQ X 2020-02-15,20.516101830204423
BXOOYQQ X 2020-02-16,17.583414285357033
BXOOYQQ X 2020-02-17,16.069905023810495
BXOOYQQ X 2020-02-18,18.478655513589352
BXOOYQQ X 2020-02-19,24.498255274967207
BXOOYQQ X 2020-02-20,9.857962006116097
BXOOYQQ X 2020-02-21,27.69909736892795
BXOOYQQ X 2020-02-22,25.859069441851062
BXOOYQQ X 2020-02-23,12.91658945372582
BXOOYQQ X 2020-02-24,28.969587147451747
BXOOYQQ X 2020-02-25,9.411924519440735
BXOOYQQ X 2020-02-26,20.08814577847457
BXOOYQQ X 2020-02-27,24.686343065466197
BXOOYQQ X 2020-02-28,24.18495990691703
BXOOYQQ X 2020-02-29,14.016438584849112
BXOOYQQ X 2020-03-01,17.865121935458713
BXOOYQQ X 2020-03-02,27.75134105381916
BXOOYQQ X 2020-03-03,20.34171784354955
BXOOYQQ X 2020-03-04,32.476572112730594
BXOOYQQ X 2020-03-05,39.12848275064543
BXOOYQQ X 2020-03-06,44.480998594902424
BXOOYQQ X 2020-03-07,25.10037561024909
BXOOYQQ X 2020-03-08,16.77093383464331
BXOOYQQ X 2020-03-09,16.895560405737097
BXOOYQQ X 2020-03-10,8.506380696255274
BXOOYQQ X 2020-03-11,17.77917763085806
BXOOYQQ X 2020-03-12,18.214251567860938
BXOOYQQ X 2020-03-13,23.41179525194253
BXOOYQQ X 2020-03-14,22.819149775692512
BXOOYQQ X 2020-03-15,28.359675653973824
BXOOYQQ X 2020-03-16,47.68925313119764
BXOOYQQ X 2020-03-17,23.24150988107145
BXOOYQQ X 2020-03-18,11.244410645566216
BXOOYQQ X 2020-03-19,48.37981890305085
BXOOYQQ X 2020-03-20,28.571727100817917
BXOOYQQ X 2020-03-21,25.528610093274594
BXOOYQQ X 2020-03-22,42.70528681817325
BXOOYQQ X 2020-03-23,45.264667487328595
BXOOYQQ X 2020-03-24,84.11757215475201
BXOOYQQ X 2020-03-25,62.271791523393645
BXOOYQQ X 2020-03-26,63.32605775283818
BXOOYQQ X 2020-03-27,58.93282153621007
BXOOYQQ X 2020-03-28,32.97008370659711
BXOOYQQ X 2020-03-29,17.954569008139245
BXOOYQQ X 2020-03-30,19.506889877980367
BXOOYQQ X 2020-03-31,21.44969772985193
BXOOYQQ X 2020-04-01,33.426003802225964
BXOOYQQ X 2020-04-02,37.53554953784479
BXOOYQQ X 2020-04-03,29.977108062384254
BXOOYQQ X 2020-04-04,38.285102392269
BZ21ZK5 X 2020-01-02,57.02863963534499
BZ21ZK5 X 2020-01-03,50.065967976503615
BZ21ZK5 X 2020-01-04,114.6969012148751
BZ21ZK5 X 2020-01-05,117.70497785990966
BZ21ZK5 X 2020-01-06,65.90370480432895
BZ21ZK5 X 2020-01-07,51.71728913577239
BZ21ZK5 X 2020-01-08,51.9614768349297
BZ21ZK5 X 2020-01-09,48.55079802368765
BZ21ZK5 X 2020-01-10,119.33897026358964
BZ21ZK5 X 2020-01-11,117.51867109985636
BZ21ZK5 X 2020-01-12,112.29569748317608
BZ21ZK5 X 2020-01-13,107.5914586420956
BZ21ZK5 X 2020-01-14,110.70187222800116
BZ21ZK5 X 2020-01-15,120.32382864787009
BZ21ZK5 X 2020-01-16,92.38072663667197
BZ21ZK5 X 2020-01-17,91.1243445539975
BZ21ZK5 X 2020-01-18,97.55819387389717
BZ21ZK5 X 2020-01-19,96.10050133451344
BZ21ZK5 X 2020-01-20,93.69741906408895
BZ21ZK5 X 2020-01-21,69.38397224793799
BZ21ZK5 X 2020-01-22,99.43872063610723
BZ21ZK5 X 2020-01-23,101.08049955695454
BZ21ZK5 X 2020-01-24,83.86414141343879
BZ21ZK5 X 2020-01-25,98.61512037556774
BZ21ZK5 X 2020-01-26,121.69746678869119
BZ21ZK5 X 2020-01-27,138.52907287432942
BZ21ZK5 X 2020-01-28,86.97461978152641
BZ21ZK5 X 2020-01-29,68.652521108121
BZ21ZK5 X 2020-01-30,32.335264829654236
BZ21ZK5 X 2020-01-31,33.91257463895296
BZ21ZK5 X 2020-02-01,78.69696570887479
BZ21ZK5 X 2020-02-02,81.44042952810564
BZ21ZK5 X 2020-02-03,83.9383906869208
BZ21ZK5 X 2020-02-04,29.915737113433003
BZ21ZK5 X 2020-02-05,39.054891383815836
BZ21ZK5 X 2020-02-06,50.18167513639512
BZ21ZK5 X 2020-02-07,54.74776860293085
BZ21ZK5 X 2020-02-08,27.246245537317776
BZ21ZK5 X 2020-02-09,35.7652431749136
BZ21ZK5 X 2020-02-10,45.56341334763326
BZ21ZK5 X 2020-02-11,92.49261004985769
BZ21ZK5 X 2020-02-12,55.895812923598925
BZ21ZK5 X 2020-02-13,47.16092120991568
BZ21ZK5 X 2020-02-14,66.97867872671654
BZ21ZK5 X 2020-02-15,83.14641061104798
BZ21ZK5 X 2020-02-16,59.705751370497026
BZ21ZK5 X 2020-02-17,66.03472837233997
BZ21ZK5 X 2020-02-18,84.96620815425439
BZ21ZK5 X 2020-02-19,115.09316804605018
BZ21ZK5 X 2020-02-20,67.97758051357565
BZ21ZK5 X 2020-02-21,72.18765559683543
BZ21ZK5 X 2020-02-22,54.40910776145936
BZ21ZK5 X 2020-02-23,40.25558209406537
BZ21ZK5 X 2020-02-24,76.45251023505995
BZ21ZK5 X 2020-02-25,49.830044406351874
BZ21ZK5 X 2020-02-26,81.67657732880326
BZ21ZK5 X 2020-02-27,69.49851457278783
BZ21ZK5 X 2020-02-28,36.92784491579194
BZ21ZK5 X 2020-02-29,38.79712978707811
BZ21ZK5 X 2020-03-01,54.2382112915483
BZ21ZK5 X 2020-03-02,99.77529126426747
BZ21ZK5 X 2020-03-03,90.75223497083
BZ21ZK5 X 2020-03-04,64.55407836322333
BZ21ZK5 X 2020-03-05,61.68688203884993
BZ21ZK5 X 2020-03-06,31.875078343489875
BZ21ZK5 X 2020-03-07,88.84352656290181
BZ21ZK5 X 2020-03-08,76.64883482719924
BZ21ZK5 X 2020-03-09,61.31772417210725
BZ21ZK5 X 2020-03-10,35.02807109187344
BZ21ZK5 X 2020-03-11,71.09848475158377
BZ21ZK5 X 2020-03-12,70.27871467793672
BZ21ZK5 X 2020-03-13,38.21094270836669
BZ21ZK5 X 2020-03-14,78.29757266120464
BZ21ZK5 X 2020-03-15,63.948461337972944
BZ21ZK5 X 2020-03-16,29.80557493599207
BZ21ZK5 X 2020-03-17,32.41931629188642
BZ21ZK5 X 2020-03-18,58.008720305079265
BZ21ZK5 X 2020-03-19,49.91553116318149
BZ21ZK5 X 2020-03-20,59.33857613577733
BZ21ZK5 X 2020-03-21,74.79418331132949
BZ21ZK5 X 2020-03-22,80.48193011423173
BZ21ZK5 X 2020-03-23,67.30231376154913
BZ21ZK5 X 2020-03-24,76.08750584233114
BZ21ZK5 X 2020-03-25,64.22605951420742
BZ21ZK5 X 2020-03-26,44.51068289681598
BZ21ZK5 X 2020-03-27,53.010360051833416
BZ21ZK5 X 2020-03-28,39.878314497557454
BZ21ZK5 X 2020-03-29,29.26996843416071
BZ21ZK5 X 2020-03-30,33.733894349085745
BZ21ZK5 X 2020-03-31,60.117276122933134
BZ21ZK5 X 2020-04-01,27.93748663538841
BZ21ZK5 X 2020-04-02,41.0000700402133
BZ21ZK5 X 2020-04-03,44.07842979547242
BZ21ZK5 X 2020-04-04,73.69130537729994
C178BOO X 2020-01-02,126.53956344200382
C178BOO X 2020-01-03,153.91706798546312
C178BOO X 2020-01-04,138.70421875391804
C178BOO X 2020-01-05,136.96410338802747
C178BOO X 2020-01-06,101.55005452555606
C178BOO X 2020-01-07,64.41429399187692
C178BOO X 2020-01-08,51.5834592258114
C178BOO X 2020-01-09,117.21038949491748
C178BOO X 2020-01-10,131.46079141578855
C178BOO X 2020-01-11,149.24609678497086
C178BOO X 2020-01-12,65.170446510287
C178BOO X 2020-01-13,50.97958575743361
C178BOO X 2020-01-14,124.47449691366872
C178BOO X 2020-01-15,117.43214564679302
C178BOO X 2020-01-16,111.87015687637873
C178BOO X 2020-01-17,125.96538814537233
C178BOO X 2020-01-18,119.85002847760735
C178BOO X 2020-01-19,116.51417865384262
C178BOO X 2020-01-20,100.2024702380016
C178BOO X 2020-01-21,81.79844390162863
C178BOO X 2020-01-22,129.9431137181196
C178BOO X 2020-01-23,111.77289211807805
C178BOO X 2020-01-24,145.12727145362595
C178BOO X 2020-01-25,164.62732360446307
C178BOO X 2020-01-26,126.84801967994163
C178BOO X 2020-01-27,27.30574547767965
C178BOO X 2020-01-28,60.989036743754
C178BOO X 2020-01-29,94.46229938933534
C178BOO X 2020-01-30,72.66488049999191
C178BOO X 2020-01-31,83.35541673592395
C178BOO X 2020-02-01,113.52840328264172
C178BOO X 2020-02-02,158.93313561228604
C178BOO X 2020-02-03,85.55868449573508
C178BOO X 2020-02-04,78.31185557730167
C178BOO X 2020-02-05,46.203591984757466
C178BOO X 2020-02-06,59.941046877861766
C178BOO X 2020-02-07,110.90487463959253
C178BOO X 2020-02-08,106.20932891542293
C178BOO X 2020-02-09,78.16384745522932
C178BOO X 2020-02-10,109.43852638835017
C178BOO X 2020-02-11,106.67973699733398
C178BOO X 2020-02-12,67.59431357865968
C178BOO X 2020-02-13,65.78246835394454
C178BOO X 2020-02-14,150.72490512552838
C178BOO X 2020-02-15,67.35458677432761
C178BOO X 2020-02-16,39.67237637272503
C178BOO X 2020-02-17,40.863367725621885
C178BOO X 2020-02-18,66.58005101445227
C178BOO X 2020-02-19,74.32035414547248
C178BOO X 2020-02-20,135.10229992567974
C178BOO X 2020-02-21,103.96389362411593
C178BOO X 2020-02-22,50.07802044675777
C178BOO X 2020-02-23,74.13965081907409
C178BOO X 2020-02-24,59.75613144222524
C178BOO X 2020-02-25,70.57921027231761
C178BOO X 2020-02-26,56.26145605637315
C178BOO X 2020-02-27,71.83609586748317
C178BOO X 2020-02-28,67.78368863839886
C178BOO X 2020-02-29,66.27010630855193
C178BOO X 2020-03-01,68.31369418067837
C178BOO X 2020-03-02,84.39279433076162
C178BOO X 2020-03-03,66.26330764446014
C178BOO X 2020-03-04,60.26359616828469
C178BOO X 2020-03-05,81.98747416198616
C178BOO X 2020-03-06,75.13026915115213
C178BOO X 2020-03-07,73.39476495837961
C178BOO X 2020-03-08,92.65283023603119
C178BOO X 2020-03-09,91.70949249295752
C178BOO X 2020-03-10,76.65763375974731
C178BOO X 2020-03-11,53.82458835721725
C178BOO X 2020-03-12,60.07444836340348
C178BOO X 2020-03-13,53.40031183905151
C178BOO X 2020-03-14,65.6645652039057
C178BOO X 2020-03-15,53.599944318704814
C178BOO X 2020-03-16,61.40146216325779
C178BOO X 2020-03-17,63.37944326542009
C178BOO X 2020-03-18,87.13970614578862
C178BOO X 2020-03-19,48.65835252107374
C178BOO X 2020-03-20,58.501862425975474
C178BOO X 2020-03-21,87.12024256503784
C178BOO X 2020-03-22,68.57341684264783
C178BOO X 2020-03-23,69.33812896712735
C178BOO X 2020-03-24,103.9332431190643
C178BOO X 2020-03-25,97.7913563318033
C178BOO X 2020-03-26,70.12095822576131
C178BOO X 2020-03-27,75.43566966382758
C178BOO X 2020-03-28,39.55084806112282
C178BOO X 2020-03-29,51.611686081018135
C178BOO X 2020-03-30,65.80700396865541
C178BOO X 2020-03-31,88.86792712149301
C178BOO X 2020-04-01,88.04375955084392
C178BOO X 2020-04-02,71.59104187634101
C178BOO X 2020-04-03,86.25808285330876
C178BOO X 2020-04-04,50.14647963891522
C3ECRX8 X 2020-01-02,67.81717061873925
C3ECRX8 X 2020-01-03,80.71422264315628
C3ECRX8 X 2020-01-04,67.57306733570776
C3ECRX8 X 2020-01-05,49.914710344238195
C3ECRX8 X 2020-01-06,54.60831524355014
C3ECRX8 X 2020-01-07,100.2950376235238
C3ECRX8 X 2020-01-08,52.856090478246315
C3ECRX8 X 2020-01-09,66.86721907117324
C3ECRX8 X 2020-01-10,65.27374110669886
C3ECRX8 X 2020-01-11,55.89788977895972
C3ECRX8 X 2020-01-12,35.34174554951482
C3ECRX8 X 2020-01-13,52.874857129346275
C3ECRX8 X 2020-01-14,72.42148511058947
C3ECRX8 X 2020-01-15,60.04531945349218
C3ECRX8 X 2020-01-16,59.925709416206246
C3ECRX8 X 2020-01-17,45.59386735067185
C3ECRX8 X 2020-01-18,34.8665773183546
C3ECRX8 X 2020-01-19,36.0379709304682
C3ECRX8 X 2020-01-20,31.877641528256255
C3ECRX8 X 2020-01-21,39.80624777743311
C3ECRX8 X 2020-01-22,37.970257842157174
C3ECRX8 X 2020-01-23,49.13813612972703
C3ECRX8 X 2020-01-24,77.17261425636168
C3ECRX8 X 2020-01-25,58.44644833207701
C3ECRX8 X 2020-01-26,77.01036354073825
C3ECRX8 X 2020-01-27,56.20101468438999
C3ECRX8 X 2020-01-28,48.00022315966505
C3ECRX8 X 2020-01-29,43.81833365105136
C3ECRX8 X 2020-01-30,36.25280020379199
C3ECRX8 X 2020-01-31,50.28166055082178
C3ECRX8 X 2020-02-01,65.83413295621638
C3ECRX8 X 2020-02-02,38.38152269521312
C3ECRX8 X 2020-02-03,63.879160399005244
C3ECRX8 X 2020-02-04,50.11977579757739
C3ECRX8 X 2020-02-05,20.62206965041201
C3ECRX8 X 2020-02-06,33.65159272871982
C3ECRX8 X 2020-02-07,51.01723722378538
C3ECRX8 X 2020-02-08,42.10834851373224
C3ECRX8 X 2020-02-09,58.55136300701456
C3ECRX8 X 2020-02-10,68.17211741536559
C3ECRX8 X 2020-02-11,23.590951048620312
C3ECRX8 X 2020-02-12,27.568402517377876
C3ECRX8 X 2020-02-13,27.16346673120323
C3ECRX8 X 2020-02-14,37.83860519613745
C3ECRX8 X 2020-02-15,45.06192630455839
C3ECRX8 X 2020-02-16,55.50175870551081
C3ECRX8 X 2020-02-17,47.40483368089072
C3ECRX8 X 2020-02-18,46.57618636411476
C3ECRX8 X 2020-02-19,50.05779757435362
C3ECRX8 X 2020-02-20,45.09591471012596
C3ECRX8 X 2020-02-21,55.529480696550266
C3ECRX8 X 2020-02-22,65.15242869346874
C3ECRX8 X 2020-02-23,59.57784676892092
C3ECRX8 X 2020-02-24,63.97370841008724
C3ECRX8 X 2020-02-25,65.6247334329929
C3ECRX8 X 2020-02-26,23.617492440717086
C3ECRX8 X 2020-02-27,26.59201018541311
C3ECRX8 X 2020-02-28,48.27445107470808
C3ECRX8 X 2020-02-29,56.73669429020235
C3ECRX8 X 2020-03-01,58.75162768252392
C3ECRX8 X 2020-03-02,44.48274059260083
C3ECRX8 X 2020-03-03,40.627793313855584
C3ECRX8 X 2020-03-04,38.659480855804475
C3ECRX8 X 2020-03-05,42.311553722345366
C3ECRX8 X 2020-03-06,36.03153949807303
C3ECRX8 X 2020-03-07,28.47082164855692
C3ECRX8 X 2020-03-08,30.211147104952303
C3ECRX8 X 2020-03-09,48.37455017765662
C3ECRX8 X 2020-03-10,37.59806924435662
C3ECRX8 X 2020-03-11,49.9779724312212
C3ECRX8 X 2020-03-12,61.079466307196725
C3ECRX8 X 2020-03-13,61.03879807939562
C3ECRX8 X 2020-03-14,47.98155338184733
C3ECRX8 X 2020-03-15,52.481884237244635
C3ECRX8 X 2020-03-16,45.445981365845206
C3ECRX8 X 2020-03-17,61.04298490303897
C3ECRX8 X 2020-03-18,61.977421654317084
C3ECRX8 X 2020-03-19,33.32979337045502
C3ECRX8 X 2020-03-20,29.059189564519592
C3ECRX8 X 2020-03-21,56.62018463378028
C3ECRX8 X 2020-03-22,60.72397658840109
C3ECRX8 X 2020-03-23,75.93488698093105
C3ECRX8 X 2020-03-24,60.557591740551274
C3ECRX8 X 2020-03-25,48.86896027480794
C3ECRX8 X 2020-03-26,44.267706568873024
C3ECRX8 X 2020-03-27,40.62678560935523
C3ECRX8 X 2020-03-28,38.109341874292944
C3ECRX8 X 2020-03-29,40.41376627847796
C3ECRX8 X 2020-03-30,59.389915738364195
C3ECRX8 X 2020-03-31,59.668576320628546
C3ECRX8 X 2020-04-01,33.007058416663924
C3ECRX8 X 2020-04-02,59.93594673561695
C3ECRX8 X 2020-04-03,56.607753188055455
C3ECRX8 X 2020-04-04,41.18527568552068
CHCM3VT X 2020-01-02,35.04726725598955
CHCM3VT X 2020-01-03,40.683118471158934
CHCM3VT X 2020-01-04,46.73810616883018
CHCM3VT X 2020-01-05,42.67814292314615
CHCM3VT X 2020-01-06,37.972018663208075
CHCM3VT X 2020-01-07,53.702980920141464
CHCM3VT X 2020-01-08,44.46899382558962
CHCM3VT X 2020-01-09,55.173257917416265
CHCM3VT X 2020-01-10,48.4809128634631
CHCM3VT X 2020-01-11,58.35809347024801
CHCM3VT X 2020-01-12,53.16596849189054
CHCM3VT X 2020-01-13,41.59492184239921
CHCM3VT X 2020-01-14,39.95619388219339
CHCM3VT X 2020-01-15,39.97630439792572
CHCM3VT X 2020-01-16,64.88859022956129
CHCM3VT X 2020-01-17,45.64399267319277
CHCM3VT X 2020-01-18,45.542860847464226
CHCM3VT X 2020-01-19,46.576482676179445
CHCM3VT X 2020-01-20,45.15158735259884
CHCM3VT X 2020-01-21,36.38229459264733
CHCM3VT X 2020-01-22,41.7614308788204
CHCM3VT X 2020-01-23,39.874239020734
CHCM3VT X 2020-01-24,40.322313984693984
CHCM3VT X 2020-01-27,52.46714368721108
CHCM3VT X 2020-01-28,34.23650956193383
CHCM3VT X 2020-01-29,47.543045261937955
CHCM3VT X 2020-01-30,47.831437949153774
CHCM3VT X 2020-01-31,49.67221918989018
CHCM3VT X 2020-02-01,35.379411332764285
CHCM3VT X 2020-02-02,44.44786779069094
CHCM3VT X 2020-02-03,44.34024111767699
CHCM3VT X 2020-02-04,39.171112266621236
CHCM3VT X 2020-02-05,38.06470281444265
CHCM3VT X 2020-02-06,38.4140155319766
CHCM3VT X 2020-02-07,42.37553884894241
CHCM3VT X 2020-02-08,29.426457278362
CHCM3VT X 2020-02-09,21.364866872003695
CHCM3VT X 2020-02-10,41.97200202742072
CHCM3VT X 2020-02-11,33.92200962632193
CHCM3VT X 2020-02-12,24.95805179916892
CHCM3VT X 2020-02-13,28.61290860909058
CHCM3VT X 2020-02-14,40.160882434976585
CHCM3VT X 2020-02-15,51.96914695672328
CHCM3VT X 2020-02-16,46.988431853406304
CHCM3VT X 2020-02-17,15.184922521456592
CHCM3VT X 2020-02-18,26.643323387866396
CHCM3VT X 2020-02-19,49.49720241216021
CHCM3VT X 2020-02-20,41.85187627231928
CHCM3VT X 2020-02-21,30.88362710593696
CHCM3VT X 2020-02-22,40.39482065066626
CHCM3VT X 2020-02-23,17.635279113844554
CHCM3VT X 2020-02-24,26.789626543173142
CHCM3VT X 2020-02-25,31.113603085647924
CHCM3VT X 2020-02-26,66.22550826549978
CHCM3VT X 2020-02-27,39.338158012615544
CHCM3VT X 2020-02-28,55.11624492328699
CHCM3VT X 2020-02-29,35.2035589492358
CHCM3VT X 2020-03-01,43.23021105866428
CHCM3VT X 2020-03-02,41.70706177792322
CHCM3VT X 2020-03-03,35.35623125035448
CHCM3VT X 2020-03-04,37.27150266830316
CHCM3VT X 2020-03-05,32.0589369743212
CHCM3VT X 2020-03-06,29.17774753818994
CHCM3VT X 2020-03-07,21.788454273699873
CHCM3VT X 2020-03-08,38.852980481878475
CHCM3VT X 2020-03-09,42.66453041656966
CHCM3VT X 2020-03-10,23.732482225794477
CHCM3VT X 2020-03-11,19.48577264674877
CHCM3VT X 2020-03-12,46.06050616199659
CHCM3VT X 2020-03-13,43.18371535196307
CHCM3VT X 2020-03-14,30.766179502098694
CHCM3VT X 2020-03-15,33.88639904656982
CHCM3VT X 2020-03-16,35.15179649408021
CHCM3VT X 2020-03-17,20.79525309044615
CHCM3VT X 2020-03-18,30.562650109313438
CHCM3VT X 2020-03-19,22.742631463576007
CHCM3VT X 2020-03-20,39.27200432456626
CHCM3VT X 2020-03-21,38.574610928406145
CHCM3VT X 2020-03-22,35.81634369918385
CHCM3VT X 2020-03-23,29.58908947890771
CHCM3VT X 2020-03-24,30.477465161013917
CHCM3VT X 2020-03-25,23.16642129913832
CHCM3VT X 2020-03-26,23.197080033529105
CHCM3VT X 2020-03-27,27.21616064742053
CHCM3VT X 2020-03-28,21.369055970223066
CHCM3VT X 2020-03-29,22.04581399438869
CHCM3VT X 2020-03-30,23.736754788335276
CHCM3VT X 2020-03-31,28.105015634393226
CHCM3VT X 2020-04-01,26.997866767674047
CHCM3VT X 2020-04-02,21.504163979863918
CHCM3VT X 2020-04-03,37.52712378903948
CHCM3VT X 2020-04-04,44.90509337495004
CKQ783G X 2020-01-02,64.65118002235936
CKQ783G X 2020-01-03,60.44946681115856
CKQ783G X 2020-01-04,95.88255159681992
CKQ783G X 2020-01-05,58.31522026496678
CKQ783G X 2020-01-06,58.08798694879813
CKQ783G X 2020-01-07,54.4632590607184
CKQ783G X 2020-01-08,51.24887227542302
CKQ783G X 2020-01-09,62.40600180379586
CKQ783G X 2020-01-10,42.935143092652496
CKQ783G X 2020-01-11,65.64263485943448
CKQ783G X 2020-01-12,68.89987574538209
CKQ783G X 2020-01-13,37.208738753310385
CKQ783G X 2020-01-14,62.476016388359525
CKQ783G X 2020-01-15,53.7153377205659
CKQ783G X 2020-01-16,54.38202635699273
CKQ783G X 2020-01-17,46.330703369415176
CKQ783G X 2020-01-18,60.500394190600005
CKQ783G X 2020-01-19,94.66352310088978
CKQ783G X 2020-01-20,69.61744719592804
CKQ783G X 2020-01-21,79.52991243574176
CKQ783G X 2020-01-22,66.15009167151258
CKQ783G X 2020-01-23,51.60519291132116
CKQ783G X 2020-01-24,58.57096165254971
CKQ783G X 2020-01-25,70.6925792352028
CKQ783G X 2020-01-26,58.74003989510827
CKQ783G X 2020-01-27,33.924894758147616
CKQ783G X 2020-01-28,42.600317945512685
CKQ783G X 2020-01-29,46.41847595746833
CKQ783G X 2020-01-30,67.37789273679932
CKQ783G X 2020-01-31,68.35891602776523
CKQ783G X 2020-02-01,52.41052271256148
CKQ783G X 2020-02-02,103.16057407225391
CKQ783G X 2020-02-03,99.61091054322176
CKQ783G X 2020-02-04,69.353766558592
CKQ783G X 2020-02-05,74.92361135722163
CKQ783G X 2020-02-06,55.14516779261313
CKQ783G X 2020-02-07,51.63204186778839
CKQ783G X 2020-02-08,45.639733806553565
CKQ783G X 2020-02-09,70.75482720050735
CKQ783G X 2020-02-10,58.804353471236325
CKQ783G X 2020-02-11,94.77832923288234
CKQ783G X 2020-02-12,63.49270809690874
CKQ783G X 2020-02-13,62.15397717746201
CKQ783G X 2020-02-14,71.45420223250484
CKQ783G X 2020-02-15,65.43039523964812
CKQ783G X 2020-02-16,40.86064877017108
CKQ783G X 2020-02-17,34.27298860013295
CKQ783G X 2020-02-18,56.90600314194772
CKQ783G X 2020-02-19,50.93754519126272
CKQ783G X 2020-02-20,68.43869234660768
CKQ783G X 2020-02-21,66.39793226149611
CKQ783G X 2020-02-22,36.91510562388185
CKQ783G X 2020-02-23,64.88206981002901
CKQ783G X 2020-02-24,49.54732490217022
CKQ783G X 2020-02-25,54.123893975191905
CKQ783G X 2020-02-26,42.68950081605575
CKQ783G X 2020-02-27,49.951727372364694
CKQ783G X 2020-02-28,61.90181372563286
CKQ783G X 2020-02-29,51.37215030228502
CKQ783G X 2020-03-01,71.31413673200203
CKQ783G X 2020-03-02,62.666143735778604
CKQ783G X 2020-03-03,64.58817247938447
CKQ783G X 2020-03-04,65.67041965838587
CKQ783G X 2020-03-05,58.0190702741297
CKQ783G X 2020-03-06,70.19720589951261
CKQ783G X 2020-03-07,65.88202289963786
CKQ783G X 2020-03-08,76.51973031728292
CKQ783G X 2020-03-09,65.25047144081724
CKQ783G X 2020-03-10,52.595541652282286
CKQ783G X 2020-03-11,32.05071158686026
CKQ783G X 2020-03-12,42.286830013407005
CKQ783G X 2020-03-13,66.27263722424078
CKQ783G X 2020-03-14,57.79824097508987
CKQ783G X 2020-03-15,43.10037305902154
CKQ783G X 2020-03-16,38.155580685699384
CKQ783G X 2020-03-17,49.49129456532216
CKQ783G X 2020-03-18,66.56814562776924
CKQ783G X 2020-03-19,71.04294002232366
CKQ783G X 2020-03-20,31.125789009336245
CKQ783G X 2020-03-21,61.02809696844908
CKQ783G X 2020-03-22,72.21286819453991
CKQ783G X 2020-03-23,76.17088646242136
CKQ783G X 2020-03-24,75.99754664329252
CKQ783G X 2020-03-25,67.99145424329784
CKQ783G X 2020-03-26,67.24855695424709
CKQ783G X 2020-03-27,46.70778901044266
CKQ783G X 2020-03-28,44.79028990151519
CKQ783G X 2020-03-29,60.840415936998525
CKQ783G X 2020-03-30,57.87572410967462
CKQ783G X 2020-03-31,60.23780325938655
CKQ783G X 2020-04-01,57.30310551337469
CKQ783G X 2020-04-02,86.7169980693484
CKQ783G X 2020-04-03,67.40892430113298
CKQ783G X 2020-04-04,82.55339990166614
CL8PXBG X 2020-01-02,97.2841394646514
CL8PXBG X 2020-01-03,100.3179842118987
CL8PXBG X 2020-01-04,100.02894068300384
CL8PXBG X 2020-01-05,107.01755855715771
CL8PXBG X 2020-01-06,58.19928801800886
CL8PXBG X 2020-01-07,83.23946216990855
CL8PXBG X 2020-01-08,85.20989106768613
CL8PXBG X 2020-01-09,103.17125196333174
CL8PXBG X 2020-01-10,56.15192192917358
CL8PXBG X 2020-01-11,65.9052207877281
CL8PXBG X 2020-01-12,81.70286711365979
CL8PXBG X 2020-01-13,60.917125338055754
CL8PXBG X 2020-01-14,58.52694798763761
CL8PXBG X 2020-01-15,60.95865723941961
CL8PXBG X 2020-01-16,89.33928536512697
CL8PXBG X 2020-01-17,71.5961863733042
CL8PXBG X 2020-01-18,90.9016348050164
CL8PXBG X 2020-01-19,88.77427943248078
CL8PXBG X 2020-01-20,83.03200071162989
CL8PXBG X 2020-01-21,95.82575454272481
CL8PXBG X 2020-01-22,96.24896964011201
CL8PXBG X 2020-01-23,81.88926759156301
CL8PXBG X 2020-01-24,82.27146535907639
CL8PXBG X 2020-01-25,89.01806901356507
CL8PXBG X 2020-01-26,106.21909664933818
CL8PXBG X 2020-01-27,81.98553551064593
CL8PXBG X 2020-01-28,110.68977020947509
CL8PXBG X 2020-01-29,80.16161619211972
CL8PXBG X 2020-01-30,95.89854210861158
CL8PXBG X 2020-01-31,103.59834507551706
CL8PXBG X 2020-02-01,100.2435276518474
CL8PXBG X 2020-02-02,126.61183090301664
CL8PXBG X 2020-02-03,93.4611806807932
CL8PXBG X 2020-02-04,94.26552382892595
CL8PXBG X 2020-02-05,112.02734112623547
CL8PXBG X 2020-02-06,104.87897407347442
CL8PXBG X 2020-02-07,120.5975617164312
CL8PXBG X 2020-02-08,88.79993569872572
CL8PXBG X 2020-02-09,100.75579479556723
CL8PXBG X 2020-02-10,81.76924159815493
CL8PXBG X 2020-02-11,93.37595480519703
CL8PXBG X 2020-02-12,71.41536507292385
CL8PXBG X 2020-02-13,116.49142309868002
CL8PXBG X 2020-02-14,88.41578048598643
CL8PXBG X 2020-02-15,123.9996573389666
CL8PXBG X 2020-02-16,128.22020536811976
CL8PXBG X 2020-02-17,117.05828899166472
CL8PXBG X 2020-02-18,106.64823873430903
CL8PXBG X 2020-02-19,128.4330682151317
CL8PXBG X 2020-02-20,103.75053898937584
CL8PXBG X 2020-02-21,113.84101944568872
CL8PXBG X 2020-02-22,100.29005285060288
CL8PXBG X 2020-02-23,106.75266176894972
CL8PXBG X 2020-02-24,107.34083187143044
CL8PXBG X 2020-02-25,98.18688549054556
CL8PXBG X 2020-02-26,107.87847981610614
CL8PXBG X 2020-02-27,115.04911346454972
CL8PXBG X 2020-02-28,110.79307903746577
CL8PXBG X 2020-02-29,123.6076887964371
CL8PXBG X 2020-03-01,126.89737961039727
CL8PXBG X 2020-03-02,132.58336910913442
CL8PXBG X 2020-03-03,113.33924426967017
CL8PXBG X 2020-03-04,98.32216256794243
CL8PXBG X 2020-03-05,141.4708724495078
CL8PXBG X 2020-03-06,126.3168279763281
CL8PXBG X 2020-03-07,110.71133386788938
CL8PXBG X 2020-03-08,98.5331154956578
CL8PXBG X 2020-03-09,131.27090634723965
CL8PXBG X 2020-03-10,104.70993716606131
CL8PXBG X 2020-03-11,95.90892586152385
CL8PXBG X 2020-03-12,111.10276076448868
CL8PXBG X 2020-03-13,122.83860688180512
CL8PXBG X 2020-03-14,95.7616519846583
CL8PXBG X 2020-03-15,92.55587394143222
CL8PXBG X 2020-03-16,93.6010082745964
CL8PXBG X 2020-03-17,76.42915189161944
CL8PXBG X 2020-03-18,92.64016338768613
CL8PXBG X 2020-03-19,86.55097655909368
CL8PXBG X 2020-03-20,109.3978427296016
CL8PXBG X 2020-03-21,93.99622974143823
CL8PXBG X 2020-03-22,80.3576752365447
CL8PXBG X 2020-03-23,93.96198636100895
CL8PXBG X 2020-03-24,75.69223349275354
CL8PXBG X 2020-03-25,83.63050055239154
CL8PXBG X 2020-03-26,103.9760382730178
CL8PXBG X 2020-03-27,93.01527067035158
CL8PXBG X 2020-03-28,85.59588016893704
CL8PXBG X 2020-03-29,88.61261240898861
CL8PXBG X 2020-03-30,103.23581422254209
CL8PXBG X 2020-03-31,77.00351134797606
CL8PXBG X 2020-04-01,73.19566983445812
CL8PXBG X 2020-04-02,84.01390717349379
CL8PXBG X 2020-04-03,85.26617286792764
CL8PXBG X 2020-04-04,93.58733884240272
CMTJVSQ X 2020-01-05,23.311604477182215
CMTJVSQ X 2020-01-06,17.246126190696042
CMTJVSQ X 2020-01-07,23.944242186307086
CMTJVSQ X 2020-01-08,13.366379181318326
CMTJVSQ X 2020-01-09,21.460726732336873
CMTJVSQ X 2020-01-10,26.257472056624344
CMTJVSQ X 2020-01-11,30.24360219003981
CMTJVSQ X 2020-01-12,20.557250938894263
CMTJVSQ X 2020-01-13,21.305427028549236
CMTJVSQ X 2020-01-14,22.68729990443179
CMTJVSQ X 2020-01-15,27.330980669560006
CMTJVSQ X 2020-01-16,32.24928453325579
CMTJVSQ X 2020-01-17,32.56457331351982
CMTJVSQ X 2020-01-18,28.077474298192712
CMTJVSQ X 2020-01-19,32.433173300961236
CMTJVSQ X 2020-01-20,33.19039580667151
CMTJVSQ X 2020-01-21,25.223617120064418
CMTJVSQ X 2020-01-22,22.678236506350718
CMTJVSQ X 2020-01-23,33.06938425771091
CMTJVSQ X 2020-01-24,27.08120283075828
CMTJVSQ X 2020-01-25,22.69856357726088
CMTJVSQ X 2020-01-26,28.19864893516337
CMTJVSQ X 2020-01-27,37.27846346750441
CMTJVSQ X 2020-01-28,29.22442815687809
CMTJVSQ X 2020-01-29,29.95097389855109
CMTJVSQ X 2020-01-30,25.58625659212936
CMTJVSQ X 2020-01-31,30.889687168483768
CMTJVSQ X 2020-02-01,29.913879260165537
CMTJVSQ X 2020-02-02,24.087096061324665
CMTJVSQ X 2020-02-04,26.003200891334068
CMTJVSQ X 2020-02-05,23.522574163984615
CMTJVSQ X 2020-02-06,22.88703345414565
CMTJVSQ X 2020-02-07,12.673456412107477
CMTJVSQ X 2020-02-08,14.216342167034295
CMTJVSQ X 2020-02-09,15.148083359599458
CMTJVSQ X 2020-02-11,19.937884637353108
CMTJVSQ X 2020-02-12,25.52077741009866
CMTJVSQ X 2020-02-13,28.16920588796556
CMTJVSQ X 2020-02-18,16.874293060359406
CMTJVSQ X 2020-02-19,24.954159579123527
CMTJVSQ X 2020-02-20,27.342686761919893
CMTJVSQ X 2020-02-21,24.252113174720677
CMTJVSQ X 2020-02-22,14.670951626783335
CMTJVSQ X 2020-02-23,18.090390594055098
CMTJVSQ X 2020-02-24,27.563863488541216
CMTJVSQ X 2020-03-02,25.58035296026388
CMTJVSQ X 2020-03-03,23.117434506745113
CMTJVSQ X 2020-03-04,26.90354429113414
CMTJVSQ X 2020-03-05,20.828706531723306
CMTJVSQ X 2020-03-10,24.57516063633708
CMTJVSQ X 2020-03-11,18.29423101976443
CMTJVSQ X 2020-03-12,23.32262027364667
CMTJVSQ X 2020-03-13,20.833242120270498
CMTJVSQ X 2020-03-14,26.39154126925311
CMTJVSQ X 2020-03-15,19.87120695203818
CMTJVSQ X 2020-03-16,11.248815051654596
CMTJVSQ X 2020-03-17,27.963682904233707
CMTJVSQ X 2020-03-18,27.103799135587707
CMTJVSQ X 2020-03-19,20.088543073148397
CMTJVSQ X 2020-03-20,16.857562996646056
CMTJVSQ X 2020-03-21,28.45753320504714
CMTJVSQ X 2020-03-22,19.345795953136985
CMTJVSQ X 2020-03-23,19.776015940730343
CMTJVSQ X 2020-03-24,18.994560187734844
CMTJVSQ X 2020-03-25,24.067615999867456
CMTJVSQ X 2020-03-26,21.459594821915463
CMTJVSQ X 2020-03-27,18.09544848273557
CMTJVSQ X 2020-03-28,30.369427848969863
CMTJVSQ X 2020-03-29,27.104423128887717
CMTJVSQ X 2020-03-30,25.32710634322943
CMTJVSQ X 2020-03-31,15.449910880047682
CMTJVSQ X 2020-04-01,19.328860352139742
CMTJVSQ X 2020-04-02,17.468691844164084
CMTJVSQ X 2020-04-03,19.940632865447387
CMTJVSQ X 2020-04-04,22.272659392429922
COX6J51 X 2020-01-02,34.294646625363995
COX6J51 X 2020-01-03,40.600332404856566
COX6J51 X 2020-01-04,108.41150702653542
COX6J51 X 2020-01-05,99.28770123099663
COX6J51 X 2020-01-06,32.117463191273956
COX6J51 X 2020-01-07,36.577985723211754
COX6J51 X 2020-01-08,47.004040322381826
COX6J51 X 2020-01-09,39.56242781342143
COX6J51 X 2020-01-10,87.741960039703
COX6J51 X 2020-01-11,94.89883102494615
COX6J51 X 2020-01-12,85.63328316419559
COX6J51 X 2020-01-13,61.71420093953611
COX6J51 X 2020-01-14,102.03356985909285
COX6J51 X 2020-01-15,96.98445586440221
COX6J51 X 2020-01-16,67.43955124488646
COX6J51 X 2020-01-17,41.016314936212005
COX6J51 X 2020-01-18,48.1187882577403
COX6J51 X 2020-01-19,46.787144677016514
COX6J51 X 2020-01-20,67.42061798288456
COX6J51 X 2020-01-21,38.28914795081532
COX6J51 X 2020-01-22,92.97313268929979
COX6J51 X 2020-01-23,77.07625600121956
COX6J51 X 2020-01-24,102.40760306177539
COX6J51 X 2020-01-25,97.86112587653497
COX6J51 X 2020-01-26,87.15188682749259
COX6J51 X 2020-01-27,71.82239795828647
COX6J51 X 2020-01-28,41.193606963130726
COX6J51 X 2020-01-29,32.89192599867515
COX6J51 X 2020-01-30,42.22699550378076
COX6J51 X 2020-01-31,79.57096528864477
COX6J51 X 2020-02-01,76.95110504039243
COX6J51 X 2020-02-02,86.7836225298117
COX6J51 X 2020-02-03,60.38591069125904
COX6J51 X 2020-02-04,50.69307793113747
COX6J51 X 2020-02-05,36.15527662254207
COX6J51 X 2020-02-06,36.12454379316934
COX6J51 X 2020-02-07,47.961191168416846
COX6J51 X 2020-02-08,37.992949534768265
COX6J51 X 2020-02-09,73.64055786830825
COX6J51 X 2020-02-10,89.5403599767901
COX6J51 X 2020-02-11,64.75224142009749
COX6J51 X 2020-02-12,58.2701205473341
COX6J51 X 2020-02-13,52.27712215559606
COX6J51 X 2020-02-14,76.73788848892912
COX6J51 X 2020-02-15,61.31169070972379
COX6J51 X 2020-02-16,39.227415021632766
COX6J51 X 2020-02-17,44.26485982217017
COX6J51 X 2020-02-18,90.54126764810793
COX6J51 X 2020-02-19,90.98627671481039
COX6J51 X 2020-02-20,78.24889251886803
COX6J51 X 2020-02-21,51.19595232021312
COX6J51 X 2020-02-22,33.31804277574624
COX6J51 X 2020-02-23,32.33927744318687
COX6J51 X 2020-02-24,91.40082602058033
COX6J51 X 2020-02-25,49.01976233515902
COX6J51 X 2020-02-26,56.064397334244035
COX6J51 X 2020-02-27,40.10711827860059
COX6J51 X 2020-02-28,40.671499414132235
COX6J51 X 2020-02-29,31.835941224355906
COX6J51 X 2020-03-01,66.65570464375013
COX6J51 X 2020-03-02,65.97960392972769
COX6J51 X 2020-03-03,56.377442315444526
COX6J51 X 2020-03-04,51.57337302487772
COX6J51 X 2020-03-05,53.81503067440316
COX6J51 X 2020-03-06,54.24602137885668
COX6J51 X 2020-03-07,60.96082664010922
COX6J51 X 2020-03-08,78.27207606415942
COX6J51 X 2020-03-09,74.19740779224517
COX6J51 X 2020-03-10,57.03128966532398
COX6J51 X 2020-03-11,42.775200693988644
COX6J51 X 2020-03-12,55.81299401284356
COX6J51 X 2020-03-13,57.52816513416727
COX6J51 X 2020-03-14,56.90092854777693
COX6J51 X 2020-03-15,59.46704415600546
COX6J51 X 2020-03-16,37.82973719254085
COX6J51 X 2020-03-17,35.282068206677735
COX6J51 X 2020-03-18,48.72918092841806
COX6J51 X 2020-03-19,44.42195124951363
COX6J51 X 2020-03-20,44.60331773126206
COX6J51 X 2020-03-21,64.84344519780434
COX6J51 X 2020-03-22,74.7719889884857
COX6J51 X 2020-03-23,59.38307937704455
COX6J51 X 2020-03-24,53.108747164189126
COX6J51 X 2020-03-25,44.569311832587864
COX6J51 X 2020-03-26,39.542555116724316
COX6J51 X 2020-03-27,46.43821808501936
COX6J51 X 2020-03-28,52.350292051488054
COX6J51 X 2020-03-29,49.88440322323349
COX6J51 X 2020-03-30,68.40482684395096
COX6J51 X 2020-03-31,70.34263246301241
COX6J51 X 2020-04-01,26.699213560507985
COX6J51 X 2020-04-02,52.79474107956275
COX6J51 X 2020-04-03,46.83496420550911
COX6J51 X 2020-04-04,71.18420068530249
CUA4E5W X 2020-01-03,181.08075390632496
CUA4E5W X 2020-01-04,190.66328830498384
CUA4E5W X 2020-01-05,205.4663015475557
CUA4E5W X 2020-01-06,140.83003239611799
CUA4E5W X 2020-01-07,76.58766582930504
CUA4E5W X 2020-01-08,85.08558332368959
CUA4E5W X 2020-01-09,91.18167163390075
CUA4E5W X 2020-01-10,127.43321908090174
CUA4E5W X 2020-01-11,163.64433427173344
CUA4E5W X 2020-01-12,154.7303862344378
CUA4E5W X 2020-01-13,131.10749699817018
CUA4E5W X 2020-01-14,163.76633322991842
CUA4E5W X 2020-01-15,110.34076801774577
CUA4E5W X 2020-01-16,52.85312143060324
CUA4E5W X 2020-01-17,87.26194540448284
CUA4E5W X 2020-01-18,113.40040226008236
CUA4E5W X 2020-01-19,88.11095924461856
CUA4E5W X 2020-01-20,139.82820533507123
CUA4E5W X 2020-01-21,111.39742306117428
CUA4E5W X 2020-01-22,126.57821747898375
CUA4E5W X 2020-01-23,138.38291950895047
CUA4E5W X 2020-01-24,153.88058206881288
CUA4E5W X 2020-01-25,168.03882942737425
CUA4E5W X 2020-01-26,145.8070789274953
CUA4E5W X 2020-01-27,89.71723810441239
CUA4E5W X 2020-01-28,50.17591006944007
CUA4E5W X 2020-01-29,112.33424658672584
CUA4E5W X 2020-01-30,111.12475748102172
CUA4E5W X 2020-01-31,102.36873744317258
CUA4E5W X 2020-02-01,100.41924899605108
CUA4E5W X 2020-02-02,123.91323301619273
CUA4E5W X 2020-02-03,171.10566023918545
CUA4E5W X 2020-02-04,132.24676242487823
CUA4E5W X 2020-02-05,106.06885521203212
CUA4E5W X 2020-02-06,160.8445564225408
CUA4E5W X 2020-02-07,115.88988763253879
CUA4E5W X 2020-02-08,151.83918572853628
CUA4E5W X 2020-02-09,184.15475084428704
CUA4E5W X 2020-02-10,127.61695932311353
CUA4E5W X 2020-02-11,155.9583960978223
CUA4E5W X 2020-02-12,142.2210098998131
CUA4E5W X 2020-02-13,114.47416864186134
CUA4E5W X 2020-02-14,122.30166423505896
CUA4E5W X 2020-02-15,157.30889294940096
CUA4E5W X 2020-02-16,186.95462746982741
CUA4E5W X 2020-02-17,166.4036179536775
CUA4E5W X 2020-02-18,106.07665090847225
CUA4E5W X 2020-02-19,168.76957819403822
CUA4E5W X 2020-02-20,156.76541005725625
CUA4E5W X 2020-02-21,77.94745596889751
CUA4E5W X 2020-02-22,119.14813011632548
CUA4E5W X 2020-02-23,140.68193234965383
CUA4E5W X 2020-02-24,134.77163654314376
CUA4E5W X 2020-02-25,153.00766972732396
CUA4E5W X 2020-02-26,162.45328220033275
CUA4E5W X 2020-02-27,94.14956385439639
CUA4E5W X 2020-02-28,88.110943124837
CUA4E5W X 2020-02-29,70.06316006606114
CUA4E5W X 2020-03-01,111.29239018458136
CUA4E5W X 2020-03-02,117.61567820779696
CUA4E5W X 2020-03-03,117.97882133391414
CUA4E5W X 2020-03-04,138.23584789685083
CUA4E5W X 2020-03-05,72.95495129867903
CUA4E5W X 2020-03-06,74.16056240954966
CUA4E5W X 2020-03-07,74.38173061479958
CUA4E5W X 2020-03-08,95.25845767051946
CUA4E5W X 2020-03-09,75.67057191189988
CUA4E5W X 2020-03-10,124.12747384703046
CUA4E5W X 2020-03-11,83.24809228191008
CUA4E5W X 2020-03-12,55.62213502811355
CUA4E5W X 2020-03-13,92.10228644940328
CUA4E5W X 2020-03-14,96.44824481982141
CUA4E5W X 2020-03-15,117.58637073303176
CUA4E5W X 2020-03-16,96.18599702981219
CUA4E5W X 2020-03-17,131.99938374102925
CUA4E5W X 2020-03-18,101.71033679351389
CUA4E5W X 2020-03-19,95.0108835033618
CUA4E5W X 2020-03-20,100.83966618815056
CUA4E5W X 2020-03-21,120.31824790594102
CUA4E5W X 2020-03-22,106.38412575901486
CUA4E5W X 2020-03-23,157.9013987411451
CUA4E5W X 2020-03-24,120.7551033873613
CUA4E5W X 2020-03-25,87.16867122087741
CUA4E5W X 2020-03-26,78.84504594920976
CUA4E5W X 2020-03-27,83.65479458556919
CUA4E5W X 2020-03-28,62.490151885943774
CUA4E5W X 2020-03-29,59.315411140021354
CUA4E5W X 2020-03-30,71.60804335546415
CUA4E5W X 2020-03-31,73.99687749560766
CUA4E5W X 2020-04-01,71.82990538968531
CUA4E5W X 2020-04-02,64.84127628848037
CUA4E5W X 2020-04-03,71.26240444511093
CUA4E5W X 2020-04-04,87.2314200225244
D204H3S X 2020-01-02,34.79308289423763
D204H3S X 2020-01-03,85.75043796934587
D204H3S X 2020-01-05,44.15657482670736
D204H3S X 2020-01-06,53.50423949881191
D204H3S X 2020-01-07,68.68544504931396
D204H3S X 2020-01-08,42.21553390266591
D204H3S X 2020-01-09,66.37500008100233
D204H3S X 2020-01-10,110.95778235917672
D204H3S X 2020-01-11,61.65478877379181
D204H3S X 2020-01-12,32.243148504859455
D204H3S X 2020-01-13,45.665255681290006
D204H3S X 2020-01-14,58.933843695522896
D204H3S X 2020-01-15,92.07188470996405
D204H3S X 2020-01-16,79.36618420530871
D204H3S X 2020-01-17,43.066085368133855
D204H3S X 2020-01-18,64.24249414930756
D204H3S X 2020-01-19,27.1885466233472
D204H3S X 2020-01-20,31.5515051448564
D204H3S X 2020-01-21,32.257439867009005
D204H3S X 2020-01-22,74.4018117523356
D204H3S X 2020-01-23,40.933374978836426
D204H3S X 2020-01-24,70.46284793132624
D204H3S X 2020-01-25,105.08523933141558
D204H3S X 2020-01-26,93.0547349701647
D204H3S X 2020-01-27,81.87995206615393
D204H3S X 2020-01-28,25.222508857271166
D204H3S X 2020-01-29,64.6864376538877
D204H3S X 2020-01-30,51.09245237153415
D204H3S X 2020-01-31,61.62508947243212
D204H3S X 2020-02-01,98.13930551181137
D204H3S X 2020-02-02,52.22817741258177
D204H3S X 2020-02-03,33.16681514929381
D204H3S X 2020-02-04,30.20847985916948
D204H3S X 2020-02-05,22.54311766069391
D204H3S X 2020-02-06,25.899087483421035
D204H3S X 2020-02-07,67.47666115403895
D204H3S X 2020-02-08,40.35671965736014
D204H3S X 2020-02-09,72.88042141052388
D204H3S X 2020-02-10,21.73023756126378
D204H3S X 2020-02-11,26.581749936644144
D204H3S X 2020-02-12,29.952480256253835
D204H3S X 2020-02-13,40.90356023331108
D204H3S X 2020-02-14,30.28962176911324
D204H3S X 2020-02-15,44.23102375843248
D204H3S X 2020-02-16,61.50261124271718
D204H3S X 2020-02-17,69.2400432895713
D204H3S X 2020-02-18,58.95235511498883
D204H3S X 2020-02-19,29.547583253835832
D204H3S X 2020-02-20,32.63822102480104
D204H3S X 2020-02-21,81.85172433285767
D204H3S X 2020-02-26,36.45430272630397
D204H3S X 2020-02-27,40.14496168225466
D204H3S X 2020-02-28,20.070804820911437
D204H3S X 2020-02-29,55.56657538956574
D204H3S X 2020-03-01,29.488717491820402
D204H3S X 2020-03-02,22.979175350335304
D204H3S X 2020-03-03,17.605065246561736
D204H3S X 2020-03-04,22.75753441299976
D204H3S X 2020-03-05,33.976244182911735
D204H3S X 2020-03-06,34.836433031951394
D204H3S X 2020-03-07,44.833510142172244
D204H3S X 2020-03-08,29.490035757664536
D204H3S X 2020-03-09,47.38396319972063
D204H3S X 2020-03-10,43.79285729097447
D204H3S X 2020-03-11,57.92052334815291
D204H3S X 2020-03-12,54.49279354945524
D204H3S X 2020-03-13,59.61976486067623
D204H3S X 2020-03-14,30.732457329954272
D204H3S X 2020-03-15,24.714820608223334
D204H3S X 2020-03-16,31.045310584123506
D204H3S X 2020-03-17,55.54504936570716
D204H3S X 2020-03-18,42.67857536842072
D204H3S X 2020-03-19,37.44723817376418
D204H3S X 2020-03-20,59.62928491009082
D204H3S X 2020-03-21,57.36486835573221
D204H3S X 2020-03-22,25.535005130683885
D204H3S X 2020-03-23,25.215741453935138
D204H3S X 2020-03-24,43.04492776356595
D204H3S X 2020-03-25,31.962428094958028
D204H3S X 2020-03-26,37.90879024868012
D204H3S X 2020-03-27,36.87737562895017
D204H3S X 2020-03-28,39.67149254878336
D204H3S X 2020-03-29,49.232358979644474
D204H3S X 2020-03-30,35.78470208067307
D204H3S X 2020-03-31,23.92887981453611
D204H3S X 2020-04-01,20.80397976605391
D204H3S X 2020-04-02,40.861025818054216
D204H3S X 2020-04-03,71.58851130730561
D204H3S X 2020-04-04,38.40023644148111
D225A7N X 2020-01-02,107.32202563679705
D225A7N X 2020-01-03,67.00850678056155
D225A7N X 2020-01-04,64.81880744981363
D225A7N X 2020-01-05,53.96653771874931
D225A7N X 2020-01-06,104.64691272421534
D225A7N X 2020-01-07,69.35659362659622
D225A7N X 2020-01-08,70.78490889373002
D225A7N X 2020-01-09,53.2472799196787
D225A7N X 2020-01-10,34.26819532680041
D225A7N X 2020-01-11,52.691458302940006
D225A7N X 2020-01-12,107.99300098510044
D225A7N X 2020-01-13,98.00167080088511
D225A7N X 2020-01-14,56.23557690754687
D225A7N X 2020-01-15,38.62781167499108
D225A7N X 2020-01-16,65.61269588710344
D225A7N X 2020-01-17,29.52070762434267
D225A7N X 2020-01-18,50.587967740048676
D225A7N X 2020-01-19,68.1919888057994
D225A7N X 2020-01-20,44.162602191464764
D225A7N X 2020-01-21,115.8452338754432
D225A7N X 2020-01-22,129.7811197574411
D225A7N X 2020-01-23,149.28328408693352
D225A7N X 2020-01-24,110.04684810207534
D225A7N X 2020-01-25,103.68754030208287
D225A7N X 2020-01-26,55.86957714221124
D225A7N X 2020-01-27,66.27286843679487
D225A7N X 2020-01-28,30.816630828620184
D225A7N X 2020-01-29,34.72312083989693
D225A7N X 2020-01-30,56.38964715432452
D225A7N X 2020-01-31,30.64941998343587
D225A7N X 2020-02-01,44.39010444007724
D225A7N X 2020-02-02,27.47278264281411
D225A7N X 2020-02-03,38.173653061043964
D225A7N X 2020-02-04,21.86026764998983
D225A7N X 2020-02-05,25.865976655286666
D225A7N X 2020-02-06,74.57026864996837
D225A7N X 2020-02-07,81.58789999165165
D225A7N X 2020-02-08,78.46834932581154
D225A7N X 2020-02-09,47.54602690472407
D225A7N X 2020-02-10,33.22479598485237
D225A7N X 2020-02-11,37.247244576225185
D225A7N X 2020-02-12,63.656404537075744
D225A7N X 2020-02-13,60.621383154794586
D225A7N X 2020-02-14,20.241827051747528
D225A7N X 2020-02-15,81.31690307739983
D225A7N X 2020-02-16,41.4852720068952
D225A7N X 2020-02-17,17.631905324840925
D225A7N X 2020-02-18,44.031432967923784
D225A7N X 2020-02-19,68.11186582050667
D225A7N X 2020-02-20,60.63978911536795
D225A7N X 2020-02-21,42.358551142453855
D225A7N X 2020-02-22,77.70867556747345
D225A7N X 2020-02-23,63.122434452053426
D225A7N X 2020-02-24,56.729478010291686
D225A7N X 2020-02-25,43.45685645391935
D225A7N X 2020-02-26,19.137036192739338
D225A7N X 2020-02-27,53.93488331778076
D225A7N X 2020-02-28,47.183036993316506
D225A7N X 2020-02-29,45.311532925903975
D225A7N X 2020-03-01,24.914682877143655
D225A7N X 2020-03-02,29.57707439768207
D225A7N X 2020-03-03,30.638569212179398
D225A7N X 2020-03-04,40.304022524827225
D225A7N X 2020-03-05,50.96588752800892
D225A7N X 2020-03-06,26.8140224352454
D225A7N X 2020-03-07,42.30106228756233
D225A7N X 2020-03-08,69.71413219648626
D225A7N X 2020-03-09,28.70047403606079
D225A7N X 2020-03-10,57.74305271497768
D225A7N X 2020-03-11,46.67795780876966
D225A7N X 2020-03-12,58.5957049451486
D225A7N X 2020-03-13,36.77114069937405
D225A7N X 2020-03-14,63.62669642153483
D225A7N X 2020-03-15,62.492478837545676
D225A7N X 2020-03-16,47.98282634197549
D225A7N X 2020-03-17,71.82089787970533
D225A7N X 2020-03-18,61.50466115930311
D225A7N X 2020-03-19,57.07565192551928
D225A7N X 2020-03-20,60.33914302434992
D225A7N X 2020-03-21,61.55557849719
D225A7N X 2020-03-22,55.14501375799507
D225A7N X 2020-03-23,40.99380749774975
D225A7N X 2020-03-24,60.51846126621271
D225A7N X 2020-03-25,46.14836624091741
D225A7N X 2020-03-26,50.787151241561105
D225A7N X 2020-03-27,60.573184365519865
D225A7N X 2020-03-28,57.67648355177917
D225A7N X 2020-03-29,54.0783743783161
D225A7N X 2020-03-30,34.13332407483833
D225A7N X 2020-03-31,54.232850697177504
D225A7N X 2020-04-01,55.75205966730505
D225A7N X 2020-04-02,56.13571980765984
D225A7N X 2020-04-03,60.24282859089254
D225A7N X 2020-04-04,59.03718590806601
DES3SOP X 2020-03-09,72.93370102700445
DES3SOP X 2020-03-10,69.42637006315427
DES3SOP X 2020-03-11,59.10634779391491
DES3SOP X 2020-03-12,64.66075700678599
DES3SOP X 2020-03-13,71.09803677882371
DES3SOP X 2020-03-14,61.78835178629673
DES3SOP X 2020-03-15,69.05662870458448
DES3SOP X 2020-03-16,62.03046660350422
DES3SOP X 2020-03-17,67.70393618523198
DES3SOP X 2020-03-18,67.81894800614063
DES3SOP X 2020-03-19,67.46584546393613
DES3SOP X 2020-03-20,65.95303187429224
DES3SOP X 2020-03-21,65.06883151517981
DES3SOP X 2020-03-22,60.32991944182835
DES3SOP X 2020-03-23,56.501266512181076
DES3SOP X 2020-03-24,59.22167050693422
DES3SOP X 2020-03-25,68.54198856209966
DES3SOP X 2020-03-26,62.69474414426732
DES3SOP X 2020-03-27,61.30224553424175
DES3SOP X 2020-03-28,58.57568352906162
DES3SOP X 2020-03-29,79.02857722806435
DES3SOP X 2020-03-30,67.69542781074666
DES3SOP X 2020-03-31,41.57864146900537
DES3SOP X 2020-04-01,71.37115044343084
DES3SOP X 2020-04-02,65.73222892654712
DES3SOP X 2020-04-03,75.83213562851822
DF5ZLRW X 2020-01-02,49.64745479300918
DF5ZLRW X 2020-01-03,44.48413460907939
DF5ZLRW X 2020-01-04,71.33974274047047
DF5ZLRW X 2020-01-05,74.97328100130537
DF5ZLRW X 2020-01-06,67.1180129140194
DF5ZLRW X 2020-01-07,68.51669952214
DF5ZLRW X 2020-01-08,81.2323009695932
DF5ZLRW X 2020-01-09,66.02454745371034
DF5ZLRW X 2020-01-10,100.39401821592305
DF5ZLRW X 2020-01-11,77.59254875335961
DF5ZLRW X 2020-01-12,49.74791064725132
DF5ZLRW X 2020-01-13,59.47979094540793
DF5ZLRW X 2020-01-14,125.1057669855196
DF5ZLRW X 2020-01-15,115.50756843398311
DF5ZLRW X 2020-01-16,106.86735875030836
DF5ZLRW X 2020-01-17,106.54248979508307
DF5ZLRW X 2020-01-18,118.42353838364816
DF5ZLRW X 2020-01-19,96.53654368022795
DF5ZLRW X 2020-01-20,115.53091567107354
DF5ZLRW X 2020-01-21,94.45338638664457
DF5ZLRW X 2020-01-22,69.1233942050832
DF5ZLRW X 2020-01-23,76.75018765935349
DF5ZLRW X 2020-01-24,74.69508679794093
DF5ZLRW X 2020-01-25,81.5891273134187
DF5ZLRW X 2020-01-26,78.5125141456887
DF5ZLRW X 2020-01-27,87.20562018288865
DF5ZLRW X 2020-01-28,106.88563077901101
DF5ZLRW X 2020-01-29,70.35655668999452
DF5ZLRW X 2020-01-30,72.60229108410554
DF5ZLRW X 2020-01-31,77.60260604947452
DF5ZLRW X 2020-02-01,52.1404972791126
DF5ZLRW X 2020-02-02,74.36835097449037
DF5ZLRW X 2020-02-03,87.45449375059816
DF5ZLRW X 2020-02-04,56.429801079009025
DF5ZLRW X 2020-02-05,88.61629853304662
DF5ZLRW X 2020-02-06,61.22300181517235
DF5ZLRW X 2020-02-07,57.08622721595394
DF5ZLRW X 2020-02-08,61.318642576728394
DF5ZLRW X 2020-02-09,68.54677326075658
DF5ZLRW X 2020-02-10,43.61839135012595
DF5ZLRW X 2020-02-11,39.784739932124154
DF5ZLRW X 2020-02-12,47.72944640722948
DF5ZLRW X 2020-02-13,39.718827901601536
DF5ZLRW X 2020-02-14,40.44477367177582
DF5ZLRW X 2020-02-15,68.07927568925267
DF5ZLRW X 2020-02-16,55.06032602823492
DF5ZLRW X 2020-02-17,82.13827811019743
DF5ZLRW X 2020-02-18,85.83249022199665
DF5ZLRW X 2020-02-19,78.57871812985421
DF5ZLRW X 2020-02-20,56.01163597502176
DF5ZLRW X 2020-02-21,59.388634903169745
DF5ZLRW X 2020-02-22,42.53999554502596
DF5ZLRW X 2020-02-23,47.34626636950099
DF5ZLRW X 2020-02-24,41.433685076010285
DF5ZLRW X 2020-02-25,48.341580549074344
DF5ZLRW X 2020-02-26,65.18662431658448
DF5ZLRW X 2020-02-27,51.02828427527142
DF5ZLRW X 2020-02-28,58.09459178617841
DF5ZLRW X 2020-02-29,82.61997806492222
DF5ZLRW X 2020-03-01,68.43727016759804
DF5ZLRW X 2020-03-02,62.68139306785035
DF5ZLRW X 2020-03-03,68.00799884052519
DF5ZLRW X 2020-03-04,82.33244589783568
DF5ZLRW X 2020-03-05,56.02468833943128
DF5ZLRW X 2020-03-06,62.08507731524685
DF5ZLRW X 2020-03-07,55.514856545958224
DF5ZLRW X 2020-03-08,59.43611048997978
DF5ZLRW X 2020-03-09,63.121740909362
DF5ZLRW X 2020-03-10,69.70168733877513
DF5ZLRW X 2020-03-11,58.854436892174164
DF5ZLRW X 2020-03-12,54.448904425466445
DF5ZLRW X 2020-03-13,72.70974849080241
DF5ZLRW X 2020-03-14,57.68976454469144
DF5ZLRW X 2020-03-15,39.387726854924594
DF5ZLRW X 2020-03-16,61.01342552714699
DF5ZLRW X 2020-03-17,72.81989650503368
DF5ZLRW X 2020-03-18,58.47095135755875
DF5ZLRW X 2020-03-19,48.70087607608299
DF5ZLRW X 2020-03-20,70.18395721847185
DF5ZLRW X 2020-03-21,49.92552658168249
DF5ZLRW X 2020-03-22,49.04533751501185
DF5ZLRW X 2020-03-23,57.68255398614417
DF5ZLRW X 2020-03-24,64.99004100427587
DF5ZLRW X 2020-03-25,56.75528152727449
DF5ZLRW X 2020-03-26,49.08439267148006
DF5ZLRW X 2020-03-27,54.15505661626765
DF5ZLRW X 2020-03-28,76.46755965133882
DF5ZLRW X 2020-03-29,55.68012403750804
DF5ZLRW X 2020-03-30,34.83172009315119
DF5ZLRW X 2020-03-31,49.456891200225996
DF5ZLRW X 2020-04-01,47.90195852529483
DF5ZLRW X 2020-04-02,52.27680999830435
DF5ZLRW X 2020-04-03,69.01766769560867
DF5ZLRW X 2020-04-04,58.72328911129759
DK41FJZ X 2020-01-02,140.6114821618866
DK41FJZ X 2020-01-03,129.97962171168984
DK41FJZ X 2020-01-04,102.1661553781258
DK41FJZ X 2020-01-05,105.14200245007183
DK41FJZ X 2020-01-06,103.63406140394389
DK41FJZ X 2020-01-07,96.49005003205714
DK41FJZ X 2020-01-08,99.00786212362625
DK41FJZ X 2020-01-09,108.34043348965336
DK41FJZ X 2020-01-10,100.27953925074358
DK41FJZ X 2020-01-11,128.2697837682021
DK41FJZ X 2020-01-12,105.54337826163353
DK41FJZ X 2020-01-13,105.05172275875492
DK41FJZ X 2020-01-14,100.45388171091885
DK41FJZ X 2020-01-15,141.16757225862438
DK41FJZ X 2020-01-16,118.16400036859143
DK41FJZ X 2020-01-17,89.65046467427494
DK41FJZ X 2020-01-18,97.70208371207757
DK41FJZ X 2020-01-19,57.315666200517526
DK41FJZ X 2020-01-20,85.64835229028208
DK41FJZ X 2020-01-21,84.6352503426093
DK41FJZ X 2020-01-22,95.95930892557651
DK41FJZ X 2020-01-23,133.76028238131863
DK41FJZ X 2020-01-24,144.08139863630527
DK41FJZ X 2020-01-25,126.18975655702802
DK41FJZ X 2020-01-26,120.85617335801886
DK41FJZ X 2020-01-27,96.15573844830085
DK41FJZ X 2020-01-28,71.6376630657067
DK41FJZ X 2020-01-29,50.2959835295202
DK41FJZ X 2020-01-30,91.2054443336889
DK41FJZ X 2020-01-31,87.85473002426693
DK41FJZ X 2020-02-01,112.286254378222
DK41FJZ X 2020-02-02,80.71750521314239
DK41FJZ X 2020-02-03,58.645787567431924
DK41FJZ X 2020-02-04,46.389498035354656
DK41FJZ X 2020-02-05,37.06285796058143
DK41FJZ X 2020-02-06,74.9887175919707
DK41FJZ X 2020-02-07,77.16250694286711
DK41FJZ X 2020-02-08,116.93309939003615
DK41FJZ X 2020-02-09,91.23430613403046
DK41FJZ X 2020-02-10,106.01031741036896
DK41FJZ X 2020-02-11,43.900312907121965
DK41FJZ X 2020-02-12,33.14262527179466
DK41FJZ X 2020-02-13,79.64531207004083
DK41FJZ X 2020-02-14,46.79901498594307
DK41FJZ X 2020-02-15,98.24527258949433
DK41FJZ X 2020-02-16,85.54112529256324
DK41FJZ X 2020-02-17,57.63183659761222
DK41FJZ X 2020-02-18,69.90607769573587
DK41FJZ X 2020-02-19,67.09081618426018
DK41FJZ X 2020-02-20,72.11475349745008
DK41FJZ X 2020-02-21,59.07319731551223
DK41FJZ X 2020-02-22,90.01572926443559
DK41FJZ X 2020-02-23,65.42221297131282
DK41FJZ X 2020-02-24,72.18457230630617
DK41FJZ X 2020-02-25,77.34067535685936
DK41FJZ X 2020-02-26,67.09934106262524
DK41FJZ X 2020-02-27,22.12524079470423
DK41FJZ X 2020-02-28,33.25633200135951
DK41FJZ X 2020-02-29,67.35358699574253
DK41FJZ X 2020-03-01,65.04679245642949
DK41FJZ X 2020-03-02,54.44268166855918
DK41FJZ X 2020-03-03,55.199811309189755
DK41FJZ X 2020-03-04,41.085953760819635
DK41FJZ X 2020-03-05,57.964099631992696
DK41FJZ X 2020-03-06,56.78888694155138
DK41FJZ X 2020-03-07,49.74954528308595
DK41FJZ X 2020-03-08,56.68211472878498
DK41FJZ X 2020-03-09,63.846367937280945
DK41FJZ X 2020-03-10,54.11825213534083
DK41FJZ X 2020-03-11,65.23746403505424
DK41FJZ X 2020-03-12,71.85998452605538
DK41FJZ X 2020-03-13,59.639521772054096
DK41FJZ X 2020-03-14,51.80588756336857
DK41FJZ X 2020-03-15,41.48362529695805
DK41FJZ X 2020-03-16,67.7962154918028
DK41FJZ X 2020-03-17,75.51648608147536
DK41FJZ X 2020-03-18,78.18545670881151
DK41FJZ X 2020-03-19,63.707772605028865
DK41FJZ X 2020-03-20,61.20466538067372
DK41FJZ X 2020-03-21,79.50656951745951
DK41FJZ X 2020-03-22,45.11893412432088
DK41FJZ X 2020-03-23,38.64756056557599
DK41FJZ X 2020-03-24,50.40741097449126
DK41FJZ X 2020-03-25,45.431427955130715
DK41FJZ X 2020-03-26,51.41232371356028
DK41FJZ X 2020-03-27,51.172477257725745
DK41FJZ X 2020-03-28,53.183226165674014
DK41FJZ X 2020-03-29,66.18623646641035
DK41FJZ X 2020-03-30,61.12010173757987
DK41FJZ X 2020-03-31,22.36295940825312
DK41FJZ X 2020-04-01,59.99715190523588
DK41FJZ X 2020-04-02,56.389300887910096
DK41FJZ X 2020-04-03,68.8141176774451
DK41FJZ X 2020-04-04,57.06712974397401
DQV2FW5 X 2020-01-02,93.937049571767
DQV2FW5 X 2020-01-03,114.99228579237139
DQV2FW5 X 2020-01-04,111.20304797431335
DQV2FW5 X 2020-01-05,119.19673767030935
DQV2FW5 X 2020-01-06,108.07434870780065
DQV2FW5 X 2020-01-07,112.13318562845865
DQV2FW5 X 2020-01-08,91.8685679856061
DQV2FW5 X 2020-01-09,114.98489799985184
DQV2FW5 X 2020-01-10,116.78555345070198
DQV2FW5 X 2020-01-11,98.38453195578265
DQV2FW5 X 2020-01-12,104.30608061801502
DQV2FW5 X 2020-01-13,105.28432021749603
DQV2FW5 X 2020-01-14,168.29368619782218
DQV2FW5 X 2020-01-15,154.18551817822174
DQV2FW5 X 2020-01-16,98.3259790474738
DQV2FW5 X 2020-01-17,105.71663761969168
DQV2FW5 X 2020-01-18,99.50377126358734
DQV2FW5 X 2020-01-19,101.62888003714737
DQV2FW5 X 2020-01-20,86.71969790563288
DQV2FW5 X 2020-01-21,133.05630782112127
DQV2FW5 X 2020-01-22,91.70866568388143
DQV2FW5 X 2020-01-23,110.5514148326654
DQV2FW5 X 2020-01-24,134.06019022398914
DQV2FW5 X 2020-01-25,161.33172448387467
DQV2FW5 X 2020-01-26,113.08589937716931
DQV2FW5 X 2020-01-27,137.39645105879725
DQV2FW5 X 2020-01-28,97.34066885518196
DQV2FW5 X 2020-01-29,96.22415783328427
DQV2FW5 X 2020-01-30,125.08868319786437
DQV2FW5 X 2020-01-31,115.79182584509032
DQV2FW5 X 2020-02-01,88.52633186378482
DQV2FW5 X 2020-02-02,91.21355644284962
DQV2FW5 X 2020-02-03,113.21999290674775
DQV2FW5 X 2020-02-04,109.34304734961147
DQV2FW5 X 2020-02-05,124.1336167384829
DQV2FW5 X 2020-02-06,104.00232875828401
DQV2FW5 X 2020-02-07,66.56484192829372
DQV2FW5 X 2020-02-08,93.42455460183307
DQV2FW5 X 2020-02-09,119.7388506826524
DQV2FW5 X 2020-02-11,154.27844208052448
DQV2FW5 X 2020-02-12,115.10508574169113
DQV2FW5 X 2020-02-13,108.31745933116095
DQV2FW5 X 2020-02-14,115.61162323504159
DQV2FW5 X 2020-02-15,129.30690758783214
DQV2FW5 X 2020-02-16,117.58111552766465
DQV2FW5 X 2020-02-17,110.54705590339574
DQV2FW5 X 2020-02-18,89.4846139526842
DQV2FW5 X 2020-02-19,139.60030277097303
DQV2FW5 X 2020-02-20,145.73559053920496
DQV2FW5 X 2020-02-21,132.1314373880757
DQV2FW5 X 2020-02-22,109.29296314081324
DQV2FW5 X 2020-02-23,128.37456846900415
DQV2FW5 X 2020-02-24,109.63232233264857
DQV2FW5 X 2020-02-25,105.1958026150917
DQV2FW5 X 2020-02-26,119.88515888053085
DQV2FW5 X 2020-02-27,147.33795776637334
DQV2FW5 X 2020-02-28,137.69715464140222
DQV2FW5 X 2020-02-29,111.85603190692301
DQV2FW5 X 2020-03-01,111.85158162989543
DQV2FW5 X 2020-03-02,127.77238473767154
DQV2FW5 X 2020-03-03,145.07988833456716
DQV2FW5 X 2020-03-04,155.2158030208443
DQV2FW5 X 2020-03-05,121.9925694248479
DQV2FW5 X 2020-03-06,138.2548961176235
DQV2FW5 X 2020-03-07,123.56277433663196
DQV2FW5 X 2020-03-08,103.6542688159109
DQV2FW5 X 2020-03-11,68.17240776188696
DQV2FW5 X 2020-03-12,88.55489298529875
DQV2FW5 X 2020-03-13,94.30424964007334
DQV2FW5 X 2020-03-16,114.56315418459128
DQV2FW5 X 2020-03-17,108.68789588599292
DQV2FW5 X 2020-03-18,96.58097383841991
DQV2FW5 X 2020-03-19,89.069553966367
DQV2FW5 X 2020-03-20,100.57317061708828
DQV2FW5 X 2020-03-21,110.09986128566075
DQV2FW5 X 2020-03-22,105.8036258735704
DQV2FW5 X 2020-03-23,122.94569093430515
DQV2FW5 X 2020-03-24,114.89517226526249
DQV2FW5 X 2020-03-25,122.4373979103202
DQV2FW5 X 2020-03-26,89.10144694139221
DQV2FW5 X 2020-03-27,93.41306253913842
DQV2FW5 X 2020-03-28,95.59376314977784
DQV2FW5 X 2020-03-29,109.38748089408357
DQV2FW5 X 2020-03-30,92.53487183294901
DQV2FW5 X 2020-03-31,85.00869886129307
DQV2FW5 X 2020-04-01,141.3332489639639
DQV2FW5 X 2020-04-02,121.27985396112139
DQV2FW5 X 2020-04-03,77.79588327962965
DQV2FW5 X 2020-04-04,112.35377239667368
DRBCSEX X 2020-01-02,84.00412158200119
DRBCSEX X 2020-01-03,88.69820767542288
DRBCSEX X 2020-01-04,53.80036103648188
DRBCSEX X 2020-01-05,33.432809491883305
DRBCSEX X 2020-01-06,76.16215280762007
DRBCSEX X 2020-01-07,101.37236412721407
DRBCSEX X 2020-01-08,76.30725314998922
DRBCSEX X 2020-01-09,104.77689064900238
DRBCSEX X 2020-01-10,81.93293179915797
DRBCSEX X 2020-01-11,63.16327193733366
DRBCSEX X 2020-01-12,74.17613743521183
DRBCSEX X 2020-01-13,80.5537058247826
DRBCSEX X 2020-01-14,65.74971333210895
DRBCSEX X 2020-01-15,68.02151094254332
DRBCSEX X 2020-01-16,92.59441241005857
DRBCSEX X 2020-01-17,83.33837890911528
DRBCSEX X 2020-01-18,74.15483142669673
DRBCSEX X 2020-01-19,52.55426420856255
DRBCSEX X 2020-01-20,61.09676832227896
DRBCSEX X 2020-01-21,94.47730773423655
DRBCSEX X 2020-01-22,89.74415486068536
DRBCSEX X 2020-01-23,50.88801580275657
DRBCSEX X 2020-01-24,52.347415495434625
DRBCSEX X 2020-01-25,85.48890496613674
DRBCSEX X 2020-01-26,94.88334809133873
DRBCSEX X 2020-01-27,100.3817999382227
DRBCSEX X 2020-01-28,47.92801312246932
DRBCSEX X 2020-01-29,49.910128558138595
DRBCSEX X 2020-01-30,25.716332748277956
DRBCSEX X 2020-01-31,61.43092813308884
DRBCSEX X 2020-02-01,36.60875137513195
DRBCSEX X 2020-02-02,20.68204750104161
DRBCSEX X 2020-02-03,14.80505359242995
DRBCSEX X 2020-02-04,17.852317887457342
DRBCSEX X 2020-02-05,17.221275193517826
DRBCSEX X 2020-02-06,25.9653633788809
DRBCSEX X 2020-02-07,35.068507301012126
DRBCSEX X 2020-02-08,72.71215001131456
DRBCSEX X 2020-02-09,68.23330325841778
DRBCSEX X 2020-02-10,43.28642492003882
DRBCSEX X 2020-02-11,29.18243602856063
DRBCSEX X 2020-02-12,24.923464268144116
DRBCSEX X 2020-02-13,33.16122868024613
DRBCSEX X 2020-02-14,35.45010304209229
DRBCSEX X 2020-02-15,45.32989883409453
DRBCSEX X 2020-02-16,37.00151888737581
DRBCSEX X 2020-02-17,35.722946348832735
DRBCSEX X 2020-02-18,31.068354209549383
DRBCSEX X 2020-02-19,34.614596536988444
DRBCSEX X 2020-02-20,27.020022058966312
DRBCSEX X 2020-02-21,31.44715954173261
DRBCSEX X 2020-02-22,47.16642429826429
DRBCSEX X 2020-02-23,35.66448832720956
DRBCSEX X 2020-02-24,17.82081642779966
DRBCSEX X 2020-02-25,35.37505620742724
DRBCSEX X 2020-02-26,21.606334576144818
DRBCSEX X 2020-02-27,22.938712548308175
DRBCSEX X 2020-02-28,28.431490279332962
DRBCSEX X 2020-02-29,64.33391283269526
DRBCSEX X 2020-03-01,46.27698901365807
DRBCSEX X 2020-03-02,31.10896330010253
DRBCSEX X 2020-03-03,39.89030329931899
DRBCSEX X 2020-03-04,27.41935423218419
DRBCSEX X 2020-03-05,64.808174045332
DRBCSEX X 2020-03-06,45.96227054773561
DRBCSEX X 2020-03-07,33.35236879710933
DRBCSEX X 2020-03-08,35.8333508992342
DRBCSEX X 2020-03-09,57.127224371202246
DRBCSEX X 2020-03-10,35.32154363010706
DRBCSEX X 2020-03-11,40.87883186349284
DRBCSEX X 2020-03-12,29.861652783363816
DRBCSEX X 2020-03-13,40.35758094405411
DRBCSEX X 2020-03-14,33.294375877184265
DRBCSEX X 2020-03-15,37.225068003207596
DRBCSEX X 2020-03-16,46.29655005457521
DRBCSEX X 2020-03-17,49.809407282797615
DRBCSEX X 2020-03-18,58.636812788062315
DRBCSEX X 2020-03-19,73.84193230145472
DRBCSEX X 2020-03-20,56.23418318902064
DRBCSEX X 2020-03-21,66.17292099382769
DRBCSEX X 2020-03-22,31.721494811180726
DRBCSEX X 2020-03-23,35.10572426001733
DRBCSEX X 2020-03-24,61.07478414431078
DRBCSEX X 2020-03-25,42.08273698958843
DRBCSEX X 2020-03-26,70.69131557828673
DRBCSEX X 2020-03-27,55.65337213339315
DRBCSEX X 2020-03-28,86.50757737071487
DRBCSEX X 2020-03-29,63.12503707011943
DRBCSEX X 2020-03-30,21.5355908500488
DRBCSEX X 2020-03-31,44.975270669498705
DRBCSEX X 2020-04-01,55.16834302392837
DRBCSEX X 2020-04-02,56.38975445971815
DRBCSEX X 2020-04-03,61.24270749329841
DRBCSEX X 2020-04-04,55.25200096935279
DRUU4MV X 2020-01-02,43.543788051314166
DRUU4MV X 2020-01-03,49.25524575727262
DRUU4MV X 2020-01-04,40.98465421196303
DRUU4MV X 2020-01-05,36.82777944058534
DRUU4MV X 2020-01-06,32.11994462637002
DRUU4MV X 2020-01-07,49.343732351817145
DRUU4MV X 2020-01-08,53.94842939949544
DRUU4MV X 2020-01-09,25.87182021450245
DRUU4MV X 2020-01-10,67.87238331186539
DRUU4MV X 2020-01-11,43.29442558503067
DRUU4MV X 2020-01-12,26.27412303807227
DRUU4MV X 2020-01-13,34.01490738197912
DRUU4MV X 2020-01-14,39.65215917269062
DRUU4MV X 2020-01-15,70.21356259377747
DRUU4MV X 2020-01-16,47.06319972690268
DRUU4MV X 2020-01-17,34.40198437379585
DRUU4MV X 2020-01-18,19.494094068021013
DRUU4MV X 2020-01-19,39.6639976619622
DRUU4MV X 2020-01-20,28.865649155557016
DRUU4MV X 2020-01-21,57.558186671806766
DRUU4MV X 2020-01-22,57.47417359553542
DRUU4MV X 2020-01-23,71.81291244408324
DRUU4MV X 2020-01-24,99.96675850529371
DRUU4MV X 2020-01-25,29.191652194091148
DRUU4MV X 2020-01-26,36.05405319049679
DRUU4MV X 2020-01-27,28.013662855911846
DRUU4MV X 2020-01-28,26.78739892646584
DRUU4MV X 2020-01-29,15.286521183763544
DRUU4MV X 2020-01-30,39.50328877286768
DRUU4MV X 2020-01-31,78.71352294301627
DRUU4MV X 2020-02-01,64.09595007875156
DRUU4MV X 2020-02-02,53.32863012666183
DRUU4MV X 2020-02-03,54.87301814654722
DRUU4MV X 2020-02-04,50.53865997627081
DRUU4MV X 2020-02-05,22.16658259007748
DRUU4MV X 2020-02-06,29.886289775383908
DRUU4MV X 2020-02-07,48.98446945330186
DRUU4MV X 2020-02-08,39.39262660239421
DRUU4MV X 2020-02-09,38.18523241939375
DRUU4MV X 2020-02-10,30.37934273156708
DRUU4MV X 2020-02-11,28.895619264218
DRUU4MV X 2020-02-12,57.39808335110699
DRUU4MV X 2020-02-13,29.35046187228233
DRUU4MV X 2020-02-14,25.260632021143927
DRUU4MV X 2020-02-15,23.399743595000245
DRUU4MV X 2020-02-16,30.81794645071755
DRUU4MV X 2020-02-17,68.59482080542175
DRUU4MV X 2020-02-18,49.60803926710135
DRUU4MV X 2020-02-19,25.184386365616227
DRUU4MV X 2020-02-20,39.50068933565002
DRUU4MV X 2020-02-21,27.10875931664099
DRUU4MV X 2020-02-22,59.62776567454772
DRUU4MV X 2020-02-23,48.162990489885
DRUU4MV X 2020-02-24,59.830621301698926
DRUU4MV X 2020-02-25,37.16861508400827
DRUU4MV X 2020-02-26,36.52871565268973
DRUU4MV X 2020-02-27,29.751369712215045
DRUU4MV X 2020-02-28,23.83396601004511
DRUU4MV X 2020-02-29,21.217417308776128
DRUU4MV X 2020-03-01,23.219783497379517
DRUU4MV X 2020-03-02,48.01208328719698
DRUU4MV X 2020-03-03,55.105396310105604
DRUU4MV X 2020-03-04,36.04667678911531
DRUU4MV X 2020-03-05,41.440953895250374
DRUU4MV X 2020-03-06,30.76261684752145
DRUU4MV X 2020-03-07,24.217497760077052
DRUU4MV X 2020-03-08,28.26732055092986
DRUU4MV X 2020-03-09,44.36001254306292
DRUU4MV X 2020-03-10,41.66420151801914
DRUU4MV X 2020-03-11,42.88496929926186
DRUU4MV X 2020-03-12,45.58095553335418
DRUU4MV X 2020-03-13,33.771237605465046
DRUU4MV X 2020-03-14,19.38993349912961
DRUU4MV X 2020-03-15,18.04501989055551
DRUU4MV X 2020-03-16,31.091519080974464
DRUU4MV X 2020-03-17,47.54907282024991
DRUU4MV X 2020-03-18,30.546228842283817
DRUU4MV X 2020-03-19,77.18108032226503
DRUU4MV X 2020-03-20,38.454950149084155
DRUU4MV X 2020-03-21,23.996315850207516
DRUU4MV X 2020-03-22,38.237449626316526
DRUU4MV X 2020-03-23,17.682234644195987
DRUU4MV X 2020-03-24,16.630526442362275
DRUU4MV X 2020-03-25,34.17579439247731
DRUU4MV X 2020-03-26,29.00768384023197
DRUU4MV X 2020-03-27,38.443289843285854
DRUU4MV X 2020-03-28,36.42574212902473
DRUU4MV X 2020-03-29,6.992922190754173
DRUU4MV X 2020-03-30,19.805575721955115
DRUU4MV X 2020-03-31,19.941442766917767
DRUU4MV X 2020-04-01,54.08433986104962
DRUU4MV X 2020-04-02,15.155699479922689
DRUU4MV X 2020-04-03,4.89218396422449
DRUU4MV X 2020-04-04,7.384031592064737
EC77SI2 X 2020-01-02,57.76084091105679
EC77SI2 X 2020-01-03,120.13248260180684
EC77SI2 X 2020-01-05,65.64218304744692
EC77SI2 X 2020-01-06,58.0418455919023
EC77SI2 X 2020-01-07,88.58201766144268
EC77SI2 X 2020-01-08,59.98676248566677
EC77SI2 X 2020-01-09,54.307223749583244
EC77SI2 X 2020-01-10,66.43592004213842
EC77SI2 X 2020-01-11,62.55708632132439
EC77SI2 X 2020-01-12,86.72282337460015
EC77SI2 X 2020-01-13,66.20842602114901
EC77SI2 X 2020-01-14,60.12783072068696
EC77SI2 X 2020-01-15,65.71834826730317
EC77SI2 X 2020-01-16,63.21541319961263
EC77SI2 X 2020-01-17,62.711273585855324
EC77SI2 X 2020-01-18,44.552408273008695
EC77SI2 X 2020-01-19,21.632217174869034
EC77SI2 X 2020-01-20,48.4360622949869
EC77SI2 X 2020-01-21,89.67916517652722
EC77SI2 X 2020-01-22,45.69344782718587
EC77SI2 X 2020-01-23,97.02485979123209
EC77SI2 X 2020-01-24,58.32580792818949
EC77SI2 X 2020-01-25,39.5890168146739
EC77SI2 X 2020-01-26,35.9099433225574
EC77SI2 X 2020-01-27,50.01315549444996
EC77SI2 X 2020-01-28,87.57160115144772
EC77SI2 X 2020-01-29,58.47031069654655
EC77SI2 X 2020-01-30,40.5157378273164
EC77SI2 X 2020-01-31,81.93196118965182
EC77SI2 X 2020-02-01,77.93129139164476
EC77SI2 X 2020-02-02,68.5210364973059
EC77SI2 X 2020-02-03,34.57747818684977
EC77SI2 X 2020-02-04,46.54053965826157
EC77SI2 X 2020-02-05,94.58343497440416
EC77SI2 X 2020-02-06,227.23451013849228
EC77SI2 X 2020-02-07,65.06463154006472
EC77SI2 X 2020-02-08,68.53844233506001
EC77SI2 X 2020-02-09,147.45663756793698
EC77SI2 X 2020-02-10,134.434970535694
EC77SI2 X 2020-02-11,149.51378591255434
EC77SI2 X 2020-02-12,347.9711390331397
EC77SI2 X 2020-02-13,61.05700789644469
EC77SI2 X 2020-02-14,70.8904958135138
EC77SI2 X 2020-02-15,60.99281953701421
EC77SI2 X 2020-02-16,59.57166847425796
EC77SI2 X 2020-02-17,103.74459274211073
EC77SI2 X 2020-02-18,67.75561472331876
EC77SI2 X 2020-02-19,85.19941873410023
EC77SI2 X 2020-02-20,99.63291162362681
EC77SI2 X 2020-02-21,61.609249413493245
EC77SI2 X 2020-02-22,64.72788903487344
EC77SI2 X 2020-02-23,67.20820320423704
EC77SI2 X 2020-02-24,78.97545490662678
EC77SI2 X 2020-02-25,72.51630390578505
EC77SI2 X 2020-02-26,63.49816339639037
EC77SI2 X 2020-02-27,68.02662663501465
EC77SI2 X 2020-02-28,59.543919503886485
EC77SI2 X 2020-02-29,74.4918101862355
EC77SI2 X 2020-03-01,91.79883126722153
EC77SI2 X 2020-03-02,99.94724320972558
EC77SI2 X 2020-03-03,90.69965560876769
EC77SI2 X 2020-03-04,102.49333270826672
EC77SI2 X 2020-03-05,70.49686195085181
EC77SI2 X 2020-03-06,46.698615719511125
EC77SI2 X 2020-03-07,61.65256743672401
EC77SI2 X 2020-03-08,50.02523346801684
EC77SI2 X 2020-03-09,66.33545407534142
EC77SI2 X 2020-03-10,56.93199354094173
EC77SI2 X 2020-03-11,52.21799404511572
EC77SI2 X 2020-03-12,55.52143455551678
EC77SI2 X 2020-03-13,62.31523301606765
EC77SI2 X 2020-03-14,68.47780240245736
EC77SI2 X 2020-03-17,61.73747319111472
EC77SI2 X 2020-03-20,71.19493199001069
EC77SI2 X 2020-03-21,62.66569097752388
EC77SI2 X 2020-03-22,49.66315605244396
EC77SI2 X 2020-03-23,89.46233319782395
EC77SI2 X 2020-03-24,93.62892066368161
EIAOEWN X 2020-01-02,122.902309490706
EIAOEWN X 2020-01-03,133.3551779843209
EIAOEWN X 2020-01-04,134.49399504705843
EIAOEWN X 2020-01-05,124.2260215812368
EIAOEWN X 2020-01-06,117.68760471262577
EIAOEWN X 2020-01-07,56.829479145437105
EIAOEWN X 2020-01-08,54.25182202120501
EIAOEWN X 2020-01-09,147.21949296518358
EIAOEWN X 2020-01-10,123.37330030208126
EIAOEWN X 2020-01-11,147.1940998682541
EIAOEWN X 2020-01-12,127.63662577917516
EIAOEWN X 2020-01-13,88.76373657703145
EIAOEWN X 2020-01-14,142.76576672743062
EIAOEWN X 2020-01-15,108.43897873107132
EIAOEWN X 2020-01-16,120.01152833429514
EIAOEWN X 2020-01-17,149.7835127289926
EIAOEWN X 2020-01-18,165.04379823536812
EIAOEWN X 2020-01-19,147.67037577169145
EIAOEWN X 2020-01-20,140.99149378426608
EIAOEWN X 2020-01-21,102.73953735036454
EIAOEWN X 2020-01-22,148.97439565298453
EIAOEWN X 2020-01-23,130.85983741747754
EIAOEWN X 2020-01-24,142.42501330288053
EIAOEWN X 2020-01-25,129.82393629581884
EIAOEWN X 2020-01-26,119.48986392083519
EIAOEWN X 2020-01-27,61.60910645979794
EIAOEWN X 2020-01-28,62.72090644734918
EIAOEWN X 2020-01-29,83.57565507977918
EIAOEWN X 2020-01-30,85.94624657935437
EIAOEWN X 2020-01-31,113.67585513883759
EIAOEWN X 2020-02-01,100.7387054848098
EIAOEWN X 2020-02-02,108.69380644154084
EIAOEWN X 2020-02-03,82.06610505871738
EIAOEWN X 2020-02-04,98.27249996958122
EIAOEWN X 2020-02-05,81.96978367777125
EIAOEWN X 2020-02-06,87.07438135111892
EIAOEWN X 2020-02-07,90.48592121390506
EIAOEWN X 2020-02-08,113.22139941580032
EIAOEWN X 2020-02-09,102.54579752607454
EIAOEWN X 2020-02-10,123.93887864693075
EIAOEWN X 2020-02-11,91.3123302565024
EIAOEWN X 2020-02-12,81.31095832568572
EIAOEWN X 2020-02-13,85.19572180371236
EIAOEWN X 2020-02-14,109.94199650673245
EIAOEWN X 2020-02-15,100.75271707395918
EIAOEWN X 2020-02-16,52.92730960565152
EIAOEWN X 2020-02-17,38.34970538228039
EIAOEWN X 2020-02-18,68.23806385395714
EIAOEWN X 2020-02-19,94.18174699690366
EIAOEWN X 2020-02-20,138.95986494217192
EIAOEWN X 2020-02-21,100.78866096803802
EIAOEWN X 2020-02-22,61.971856982517366
EIAOEWN X 2020-02-23,76.35502261598904
EIAOEWN X 2020-02-24,88.23214301909887
EIAOEWN X 2020-02-25,70.41713150526336
EIAOEWN X 2020-02-26,88.20178291036586
EIAOEWN X 2020-02-27,65.81459607377936
EIAOEWN X 2020-02-28,68.7399088687623
EIAOEWN X 2020-02-29,67.86961956276895
EIAOEWN X 2020-03-01,87.29673396195176
EIAOEWN X 2020-03-02,86.32528112571168
EIAOEWN X 2020-03-03,61.9392208356293
EIAOEWN X 2020-03-04,60.13931007374369
EIAOEWN X 2020-03-05,80.31376872008637
EIAOEWN X 2020-03-06,98.87686095596014
EIAOEWN X 2020-03-07,77.58735562705301
EIAOEWN X 2020-03-08,98.78040561565307
EIAOEWN X 2020-03-09,114.37824767393785
EIAOEWN X 2020-03-10,71.99928725433314
EIAOEWN X 2020-03-11,57.50187982850615
EIAOEWN X 2020-03-12,76.06094977422576
EIAOEWN X 2020-03-13,56.67078901297755
EIAOEWN X 2020-03-14,93.17129782212201
EIAOEWN X 2020-03-15,43.83104273805002
EIAOEWN X 2020-03-16,74.36229628700951
EIAOEWN X 2020-03-17,103.32356114579055
EIAOEWN X 2020-03-18,76.43198764213496
EIAOEWN X 2020-03-19,43.04930613829457
EIAOEWN X 2020-03-20,69.70486112897227
EIAOEWN X 2020-03-21,96.66798416671169
EIAOEWN X 2020-03-22,58.13098809871967
EIAOEWN X 2020-03-23,80.70497389131452
EIAOEWN X 2020-03-24,94.5483219789272
EIAOEWN X 2020-03-25,109.96081586643487
EIAOEWN X 2020-03-26,92.33736853637198
EIAOEWN X 2020-03-27,111.69568373819088
EIAOEWN X 2020-03-28,60.51543585944974
EIAOEWN X 2020-03-29,66.05336137274857
EIAOEWN X 2020-03-30,77.86462355877809
EIAOEWN X 2020-03-31,76.05367500859387
EIAOEWN X 2020-04-01,101.27212128187672
EIAOEWN X 2020-04-02,80.23459874054454
EIAOEWN X 2020-04-03,80.89859064147046
EIAOEWN X 2020-04-04,59.33914511194074
EZCLNU9 X 2020-01-02,59.16059726605752
EZCLNU9 X 2020-01-03,64.49477013024848
EZCLNU9 X 2020-01-04,43.392696544564046
EZCLNU9 X 2020-01-05,48.05442056981782
EZCLNU9 X 2020-01-06,52.708203863764666
EZCLNU9 X 2020-01-07,29.103846330350088
EZCLNU9 X 2020-01-08,36.659674141185505
EZCLNU9 X 2020-01-09,89.25034608437157
EZCLNU9 X 2020-01-10,41.51058428814431
EZCLNU9 X 2020-01-11,46.161435699446834
EZCLNU9 X 2020-01-12,35.68905585860828
EZCLNU9 X 2020-01-13,28.547247007665767
EZCLNU9 X 2020-01-14,45.22384459330223
EZCLNU9 X 2020-01-15,48.487206787551
EZCLNU9 X 2020-01-16,58.56403859179267
EZCLNU9 X 2020-01-17,52.85227099519702
EZCLNU9 X 2020-01-18,38.96140741146028
EZCLNU9 X 2020-01-19,84.42521832416814
EZCLNU9 X 2020-01-20,77.09601116909558
EZCLNU9 X 2020-01-21,63.7011614608864
EZCLNU9 X 2020-01-22,78.82645070215158
EZCLNU9 X 2020-01-23,37.40206254632087
EZCLNU9 X 2020-01-24,49.973346576604136
EZCLNU9 X 2020-01-25,70.70334233949148
EZCLNU9 X 2020-01-26,49.81092330143844
EZCLNU9 X 2020-01-27,31.311206272263362
EZCLNU9 X 2020-01-28,33.09784702087514
EZCLNU9 X 2020-01-29,41.36146968807513
EZCLNU9 X 2020-01-30,41.8367114338058
EZCLNU9 X 2020-01-31,55.51270532479633
EZCLNU9 X 2020-02-01,51.53749537424204
EZCLNU9 X 2020-02-02,54.16709409514552
EZCLNU9 X 2020-02-03,90.84270369760752
EZCLNU9 X 2020-02-04,57.64319322101113
EZCLNU9 X 2020-02-05,47.140539309678594
EZCLNU9 X 2020-02-06,41.57507529845456
EZCLNU9 X 2020-02-07,55.02646340050041
EZCLNU9 X 2020-02-08,36.22709351438184
EZCLNU9 X 2020-02-09,71.9493642598001
EZCLNU9 X 2020-02-10,49.511949551215636
EZCLNU9 X 2020-02-11,84.05006087778368
EZCLNU9 X 2020-02-12,43.87827772948146
EZCLNU9 X 2020-02-13,47.32802111776718
EZCLNU9 X 2020-02-14,66.56690354123482
EZCLNU9 X 2020-02-15,95.29869416996291
EZCLNU9 X 2020-02-16,61.65033011452495
EZCLNU9 X 2020-02-17,38.508517962105806
EZCLNU9 X 2020-02-18,37.32706871246001
EZCLNU9 X 2020-02-19,49.4225511016712
EZCLNU9 X 2020-02-20,47.726142727501276
EZCLNU9 X 2020-02-21,45.40923860195592
EZCLNU9 X 2020-02-22,87.33996351830692
EZCLNU9 X 2020-02-23,37.27903273240705
EZCLNU9 X 2020-02-24,51.33244938208874
EZCLNU9 X 2020-02-25,38.619287193383634
EZCLNU9 X 2020-02-26,40.895629323199735
EZCLNU9 X 2020-02-27,39.38028839642489
EZCLNU9 X 2020-02-28,52.40443466879803
EZCLNU9 X 2020-02-29,43.010613072943784
EZCLNU9 X 2020-03-01,60.036217409200034
EZCLNU9 X 2020-03-02,77.0410361611941
EZCLNU9 X 2020-03-03,41.230516562336206
EZCLNU9 X 2020-03-04,55.17519509932132
EZCLNU9 X 2020-03-05,49.15534578527684
EZCLNU9 X 2020-03-06,59.40993760766028
EZCLNU9 X 2020-03-07,54.20164646844383
EZCLNU9 X 2020-03-08,37.17341092022327
EZCLNU9 X 2020-03-09,54.033729412509956
EZCLNU9 X 2020-03-10,39.78593791890792
EZCLNU9 X 2020-03-11,34.301717603110134
EZCLNU9 X 2020-03-12,66.72776849142299
EZCLNU9 X 2020-03-13,62.473862748138814
EZCLNU9 X 2020-03-14,54.09502828324632
EZCLNU9 X 2020-03-15,32.950641674861195
EZCLNU9 X 2020-03-16,29.896312505080076
EZCLNU9 X 2020-03-17,54.29009357218196
EZCLNU9 X 2020-03-18,61.37967059676926
EZCLNU9 X 2020-03-19,38.81893215393071
EZCLNU9 X 2020-03-20,21.793286698561644
EZCLNU9 X 2020-03-21,39.958093758148976
EZCLNU9 X 2020-03-22,61.90874686896926
EZCLNU9 X 2020-03-23,52.79993635052675
EZCLNU9 X 2020-03-24,58.49168345772394
EZCLNU9 X 2020-03-25,55.03985746307138
EZCLNU9 X 2020-03-26,60.51620351017377
EZCLNU9 X 2020-03-27,35.499254510523706
EZCLNU9 X 2020-03-28,29.24687014389727
EZCLNU9 X 2020-03-29,38.91650285832734
EZCLNU9 X 2020-03-30,46.190860294570726
EZCLNU9 X 2020-03-31,39.46501468106734
EZCLNU9 X 2020-04-01,44.49575098665687
EZCLNU9 X 2020-04-02,53.01437013950642
EZCLNU9 X 2020-04-03,68.70115366613159
EZCLNU9 X 2020-04-04,89.80443950872225
F8FDBAM X 2020-01-02,119.65895643959401
F8FDBAM X 2020-01-03,134.9823150142946
F8FDBAM X 2020-01-04,138.81867875245547
F8FDBAM X 2020-01-05,125.75677016747274
F8FDBAM X 2020-01-06,107.22912870928059
F8FDBAM X 2020-01-07,49.62062406286021
F8FDBAM X 2020-01-08,46.0380417569491
F8FDBAM X 2020-01-09,140.78526317147356
F8FDBAM X 2020-01-10,124.98210219941406
F8FDBAM X 2020-01-11,135.5421079025624
F8FDBAM X 2020-01-12,84.53862185903694
F8FDBAM X 2020-01-13,64.68589359881017
F8FDBAM X 2020-01-14,139.3290806931107
F8FDBAM X 2020-01-15,117.76699842435919
F8FDBAM X 2020-01-16,111.61520411557953
F8FDBAM X 2020-01-17,154.59930677743716
F8FDBAM X 2020-01-18,131.2331565343037
F8FDBAM X 2020-01-19,132.8916488612382
F8FDBAM X 2020-01-20,142.4542527590885
F8FDBAM X 2020-01-21,98.99374640548514
F8FDBAM X 2020-01-22,177.55307035737536
F8FDBAM X 2020-01-23,122.99378767020316
F8FDBAM X 2020-01-24,146.15260600731585
F8FDBAM X 2020-01-25,92.23007329696681
F8FDBAM X 2020-01-26,124.95729834951125
F8FDBAM X 2020-01-27,56.48731974050105
F8FDBAM X 2020-01-28,58.55537579843893
F8FDBAM X 2020-01-29,86.88296836962225
F8FDBAM X 2020-01-30,102.85006692945369
F8FDBAM X 2020-01-31,106.22889271488195
F8FDBAM X 2020-02-01,99.83686591357561
F8FDBAM X 2020-02-02,115.91179783092623
F8FDBAM X 2020-02-03,78.02755422880004
F8FDBAM X 2020-02-04,98.65479869332653
F8FDBAM X 2020-02-05,66.21964895762372
F8FDBAM X 2020-02-06,89.49380349911154
F8FDBAM X 2020-02-07,96.63984218079564
F8FDBAM X 2020-02-08,103.89375930953283
F8FDBAM X 2020-02-09,89.69144644346409
F8FDBAM X 2020-02-10,113.81486063139566
F8FDBAM X 2020-02-11,84.38535371816381
F8FDBAM X 2020-02-12,55.933032380124956
F8FDBAM X 2020-02-13,88.1223070799667
F8FDBAM X 2020-02-14,121.0806064759662
F8FDBAM X 2020-02-15,89.97514342748863
F8FDBAM X 2020-02-16,49.086909500733114
F8FDBAM X 2020-02-17,41.133280018399766
F8FDBAM X 2020-02-18,60.415782688985644
F8FDBAM X 2020-02-19,101.9498672064472
F8FDBAM X 2020-02-20,132.09566824311872
F8FDBAM X 2020-02-21,99.9488933198243
F8FDBAM X 2020-02-22,62.61860372273614
F8FDBAM X 2020-02-23,62.495290464297554
F8FDBAM X 2020-02-24,86.19590418430454
F8FDBAM X 2020-02-25,78.0937381720469
F8FDBAM X 2020-02-26,96.4312129213999
F8FDBAM X 2020-02-27,71.3754858629752
F8FDBAM X 2020-02-28,69.1066608140642
F8FDBAM X 2020-02-29,72.98740370768056
F8FDBAM X 2020-03-01,75.770310869958
F8FDBAM X 2020-03-02,80.34913842593306
F8FDBAM X 2020-03-03,69.67949503214444
F8FDBAM X 2020-03-04,45.776062314000896
F8FDBAM X 2020-03-05,72.03577648676102
F8FDBAM X 2020-03-06,85.3353920757932
F8FDBAM X 2020-03-07,75.33019788996272
F8FDBAM X 2020-03-08,99.55554454688173
F8FDBAM X 2020-03-09,105.68294330961241
F8FDBAM X 2020-03-10,71.06611809202398
F8FDBAM X 2020-03-11,57.416045176490314
F8FDBAM X 2020-03-12,73.44193064911791
F8FDBAM X 2020-03-13,56.34160052891713
F8FDBAM X 2020-03-14,73.07965043593032
F8FDBAM X 2020-03-15,36.626955056111946
F8FDBAM X 2020-03-16,65.27092770607466
F8FDBAM X 2020-03-17,95.01346197422824
F8FDBAM X 2020-03-18,74.02797507799325
F8FDBAM X 2020-03-19,44.85227056407745
F8FDBAM X 2020-03-20,86.49267352869661
F8FDBAM X 2020-03-21,100.04293622437493
F8FDBAM X 2020-03-22,52.664242914674155
F8FDBAM X 2020-03-23,69.90498645936692
F8FDBAM X 2020-03-24,102.56282498905857
F8FDBAM X 2020-03-25,102.77889798733702
F8FDBAM X 2020-03-26,126.02097044675595
F8FDBAM X 2020-03-27,72.65876392648595
F8FDBAM X 2020-03-28,61.71453921345922
F8FDBAM X 2020-03-29,65.74115233002706
F8FDBAM X 2020-03-30,75.99114357388244
F8FDBAM X 2020-03-31,72.86325893861341
F8FDBAM X 2020-04-01,85.23246618933355
F8FDBAM X 2020-04-02,77.66295444164551
F8FDBAM X 2020-04-03,79.74447567634603
F8FDBAM X 2020-04-04,64.38030002513678
FIA6K0U X 2020-01-02,55.963180747304406
FIA6K0U X 2020-01-03,25.301760233448128
FIA6K0U X 2020-01-04,28.587144683415467
FIA6K0U X 2020-01-05,30.212003143191055
FIA6K0U X 2020-01-06,36.52716866287622
FIA6K0U X 2020-01-07,33.976607086022945
FIA6K0U X 2020-01-08,49.88417997164053
FIA6K0U X 2020-01-09,42.29811173179872
FIA6K0U X 2020-01-10,31.70072930170457
FIA6K0U X 2020-01-11,24.109421970397143
FIA6K0U X 2020-01-12,48.5707310468796
FIA6K0U X 2020-01-13,62.7942680316046
FIA6K0U X 2020-01-14,56.669439966943074
FIA6K0U X 2020-01-15,39.98936413143896
FIA6K0U X 2020-01-16,29.157259388349573
FIA6K0U X 2020-01-17,24.552417657787686
FIA6K0U X 2020-01-18,27.477937711941237
FIA6K0U X 2020-01-19,20.172285282394313
FIA6K0U X 2020-01-20,35.847752868094574
FIA6K0U X 2020-01-21,64.10524017755111
FIA6K0U X 2020-01-22,80.95348108221327
FIA6K0U X 2020-01-23,80.93507337297379
FIA6K0U X 2020-01-24,45.10238060052471
FIA6K0U X 2020-01-25,35.838583966074566
FIA6K0U X 2020-01-26,43.52781269447868
FIA6K0U X 2020-01-27,40.020724171003074
FIA6K0U X 2020-01-28,44.86504709171204
FIA6K0U X 2020-01-29,51.290504888219864
FIA6K0U X 2020-01-30,51.01410938720964
FIA6K0U X 2020-01-31,46.82151694806319
FIA6K0U X 2020-02-01,49.524482770579446
FIA6K0U X 2020-02-02,46.167006362865244
FIA6K0U X 2020-02-03,48.05122297532141
FIA6K0U X 2020-02-04,33.31148099852159
FIA6K0U X 2020-02-05,34.697608127803484
FIA6K0U X 2020-02-06,36.63783238555133
FIA6K0U X 2020-02-07,35.296687126677135
FIA6K0U X 2020-02-08,43.0751413031936
FIA6K0U X 2020-02-09,43.914050687396596
FIA6K0U X 2020-02-10,29.317281620475455
FIA6K0U X 2020-02-11,34.194515501296245
FIA6K0U X 2020-02-12,35.57990715654704
FIA6K0U X 2020-02-13,25.369647768248946
FIA6K0U X 2020-02-14,32.690650009254114
FIA6K0U X 2020-02-15,65.7408005465881
FIA6K0U X 2020-02-16,54.58581280268173
FIA6K0U X 2020-02-17,39.451555148475876
FIA6K0U X 2020-02-18,39.32681275237304
FIA6K0U X 2020-02-19,27.558740777097903
FIA6K0U X 2020-02-20,43.996898690756325
FIA6K0U X 2020-02-21,36.22608324010501
FIA6K0U X 2020-02-22,46.971964857782574
FIA6K0U X 2020-02-23,39.18149038116909
FIA6K0U X 2020-02-24,36.33615957390596
FIA6K0U X 2020-02-25,26.53799588133436
FIA6K0U X 2020-02-26,39.96024148474023
FIA6K0U X 2020-02-27,24.052123734622256
FIA6K0U X 2020-02-28,27.287022717546073
FIA6K0U X 2020-02-29,34.48393685270402
FIA6K0U X 2020-03-01,41.50932172169638
FIA6K0U X 2020-03-02,42.725993005003176
FIA6K0U X 2020-03-03,36.57943261918722
FIA6K0U X 2020-03-04,32.87436812976795
FIA6K0U X 2020-03-05,45.92637155757638
FIA6K0U X 2020-03-06,33.35746361067289
FIA6K0U X 2020-03-07,36.508175723568314
FIA6K0U X 2020-03-08,39.46406883155982
FIA6K0U X 2020-03-09,33.32285273138574
FIA6K0U X 2020-03-10,42.70545285539107
FIA6K0U X 2020-03-11,50.123970297226606
FIA6K0U X 2020-03-12,56.35852451853309
FIA6K0U X 2020-03-13,31.836902445481748
FIA6K0U X 2020-03-14,45.61375230070891
FIA6K0U X 2020-03-15,19.41485156493942
FIA6K0U X 2020-03-16,43.4637034476533
FIA6K0U X 2020-03-17,48.57641206609311
FIA6K0U X 2020-03-18,48.91482986870314
FIA6K0U X 2020-03-19,34.97656128219799
FIA6K0U X 2020-03-20,38.947125499731406
FIA6K0U X 2020-03-21,25.993025326497133
FIA6K0U X 2020-03-22,31.991108433354995
FIA6K0U X 2020-03-23,58.33687365632353
FIA6K0U X 2020-03-24,40.8874979477188
FIA6K0U X 2020-03-25,63.12408945487013
FIA6K0U X 2020-03-26,48.37405603203913
FIA6K0U X 2020-03-27,39.03906329376274
FIA6K0U X 2020-03-28,32.48816748004101
FIA6K0U X 2020-03-29,36.72854782742252
FIA6K0U X 2020-03-30,43.2406194158362
FIA6K0U X 2020-03-31,44.5724709179768
FIA6K0U X 2020-04-01,44.97916160115233
FIA6K0U X 2020-04-02,41.27308380749848
FIA6K0U X 2020-04-03,39.94762776239652
FIA6K0U X 2020-04-04,80.92415124821659
FU2OAAX X 2020-01-02,123.58749927708253
FU2OAAX X 2020-01-03,124.30433862560797
FU2OAAX X 2020-01-04,133.00853094687568
FU2OAAX X 2020-01-05,119.77092403536984
FU2OAAX X 2020-01-06,122.5923581069518
FU2OAAX X 2020-01-07,67.73554714571794
FU2OAAX X 2020-01-08,44.90800816883894
FU2OAAX X 2020-01-09,96.05490680990452
FU2OAAX X 2020-01-10,110.13758770941367
FU2OAAX X 2020-01-11,120.56338468174134
FU2OAAX X 2020-01-12,89.85216421187391
FU2OAAX X 2020-01-13,70.59018324664713
FU2OAAX X 2020-01-14,101.62690363193774
FU2OAAX X 2020-01-15,89.2941046375334
FU2OAAX X 2020-01-16,102.4832072766567
FU2OAAX X 2020-01-17,119.0027027994041
FU2OAAX X 2020-01-18,115.74122965369035
FU2OAAX X 2020-01-19,89.77441363957227
FU2OAAX X 2020-01-20,49.53271392963576
FU2OAAX X 2020-01-21,87.84514718068358
FU2OAAX X 2020-01-22,123.75994218568168
FU2OAAX X 2020-01-23,89.36445185769826
FU2OAAX X 2020-01-24,81.8671070157593
FU2OAAX X 2020-01-25,51.044451278192994
FU2OAAX X 2020-01-26,69.16235541683714
FU2OAAX X 2020-01-27,25.991549746456798
FU2OAAX X 2020-01-28,41.861104398980515
FU2OAAX X 2020-01-29,43.64213137940398
FU2OAAX X 2020-01-30,46.43731131378268
FU2OAAX X 2020-01-31,60.50787831539746
FU2OAAX X 2020-02-01,85.27100999625918
FU2OAAX X 2020-02-02,132.70163292326237
FU2OAAX X 2020-02-03,85.58778436764223
FU2OAAX X 2020-02-04,65.88357940498165
FU2OAAX X 2020-02-05,44.22451964571108
FU2OAAX X 2020-02-06,63.11044456736134
FU2OAAX X 2020-02-07,88.39543268278365
FU2OAAX X 2020-02-08,62.302770555653126
FU2OAAX X 2020-02-09,66.323911496439
FU2OAAX X 2020-02-10,100.91921635017255
FU2OAAX X 2020-02-11,99.49073364772016
FU2OAAX X 2020-02-12,61.8014260598396
FU2OAAX X 2020-02-13,40.48033387330554
FU2OAAX X 2020-02-14,56.7319061481862
FU2OAAX X 2020-02-15,77.51162419522657
FU2OAAX X 2020-02-16,46.59788098616617
FU2OAAX X 2020-02-17,32.12312929149726
FU2OAAX X 2020-02-18,52.00155054414466
FU2OAAX X 2020-02-19,72.10515828460174
FU2OAAX X 2020-02-20,68.94154074511691
FU2OAAX X 2020-02-21,81.09798509090983
FU2OAAX X 2020-02-22,56.683242941866666
FU2OAAX X 2020-02-23,58.06002788748489
FU2OAAX X 2020-02-24,49.233662502305755
FU2OAAX X 2020-02-25,62.57987793441468
FU2OAAX X 2020-02-26,44.79550682222465
FU2OAAX X 2020-02-27,49.78361873024328
FU2OAAX X 2020-02-28,56.873877426101174
FU2OAAX X 2020-02-29,68.90023286745947
FU2OAAX X 2020-03-01,41.27726138065568
FU2OAAX X 2020-03-02,82.69974776144043
FU2OAAX X 2020-03-03,46.49409077058658
FU2OAAX X 2020-03-04,59.47833766452884
FU2OAAX X 2020-03-05,76.7578850254421
FU2OAAX X 2020-03-06,71.83428921549086
FU2OAAX X 2020-03-07,65.31880289581217
FU2OAAX X 2020-03-08,70.94341833112215
FU2OAAX X 2020-03-09,58.620280259141495
FU2OAAX X 2020-03-10,49.61391684828629
FU2OAAX X 2020-03-11,54.47663733669432
FU2OAAX X 2020-03-12,56.31390681067809
FU2OAAX X 2020-03-13,62.549459273009504
FU2OAAX X 2020-03-14,62.11565130829136
FU2OAAX X 2020-03-15,47.94897176291253
FU2OAAX X 2020-03-16,57.054222879699424
FU2OAAX X 2020-03-17,81.53037363028874
FU2OAAX X 2020-03-18,59.968465260906655
FU2OAAX X 2020-03-19,61.861002920023466
FU2OAAX X 2020-03-20,40.639433761996926
FU2OAAX X 2020-03-21,62.31053191347546
FU2OAAX X 2020-03-22,66.94657406260374
FU2OAAX X 2020-03-23,67.2935108805331
FU2OAAX X 2020-03-24,65.87946231186528
FU2OAAX X 2020-03-25,85.27144844751105
FU2OAAX X 2020-03-26,84.64458301061902
FU2OAAX X 2020-03-27,53.776231400502866
FU2OAAX X 2020-03-28,46.86830076952482
FU2OAAX X 2020-03-29,36.580441158205495
FU2OAAX X 2020-03-30,57.340087568034676
FU2OAAX X 2020-03-31,52.34880057902136
FU2OAAX X 2020-04-01,83.4398840495521
FU2OAAX X 2020-04-02,72.33358662893902
FU2OAAX X 2020-04-03,77.14916793410086
FU2OAAX X 2020-04-04,40.41117562054071
FZUZBZK X 2020-01-02,14.593229627747927
FZUZBZK X 2020-01-03,19.939768247275122
FZUZBZK X 2020-01-04,11.180488780782433
FZUZBZK X 2020-01-05,27.986934931433467
FZUZBZK X 2020-01-06,23.035356382172544
FZUZBZK X 2020-01-07,41.04412673144418
FZUZBZK X 2020-01-08,8.80659792680487
FZUZBZK X 2020-01-09,29.90127815484115
FZUZBZK X 2020-01-10,35.70722348151525
FZUZBZK X 2020-01-11,22.171996791872253
FZUZBZK X 2020-01-12,12.571573815870345
FZUZBZK X 2020-01-13,14.487608125455548
FZUZBZK X 2020-01-14,22.977118385911616
FZUZBZK X 2020-01-15,55.511897726362534
FZUZBZK X 2020-01-16,23.464898214325963
FZUZBZK X 2020-01-17,34.91299400746384
FZUZBZK X 2020-01-18,49.37114436066456
FZUZBZK X 2020-01-19,38.96357178704852
FZUZBZK X 2020-01-20,29.829739806112784
FZUZBZK X 2020-01-21,35.29745640209198
FZUZBZK X 2020-01-22,27.41192492678706
FZUZBZK X 2020-01-23,19.867467846635858
FZUZBZK X 2020-01-24,25.034367858269945
FZUZBZK X 2020-01-25,41.234799085626776
FZUZBZK X 2020-01-26,38.01677539067787
FZUZBZK X 2020-01-27,39.3914304407801
FZUZBZK X 2020-01-28,34.144615192631726
FZUZBZK X 2020-01-29,39.16533251907632
FZUZBZK X 2020-01-30,20.775110357095034
FZUZBZK X 2020-01-31,51.21382930159997
FZUZBZK X 2020-02-01,35.57282862115716
FZUZBZK X 2020-02-02,15.017970861041391
FZUZBZK X 2020-02-03,29.07659961523965
FZUZBZK X 2020-02-04,21.831547133191435
FZUZBZK X 2020-02-05,30.67812748126987
FZUZBZK X 2020-02-06,29.869266759666438
FZUZBZK X 2020-02-07,50.91296218336542
FZUZBZK X 2020-02-08,22.229477054666408
FZUZBZK X 2020-02-09,30.344430734862044
FZUZBZK X 2020-02-10,51.842743532772914
FZUZBZK X 2020-02-11,53.48329643945183
FZUZBZK X 2020-02-12,26.756918447076217
FZUZBZK X 2020-02-13,40.708393353316374
FZUZBZK X 2020-02-14,19.966309488795524
FZUZBZK X 2020-02-15,17.968753299129105
FZUZBZK X 2020-02-16,22.759849669593788
FZUZBZK X 2020-02-17,21.515853285591835
FZUZBZK X 2020-02-18,67.90353978119184
FZUZBZK X 2020-02-19,38.89717333909749
FZUZBZK X 2020-02-20,34.825028610520874
FZUZBZK X 2020-02-21,63.2884170513872
FZUZBZK X 2020-02-22,34.70843105476071
FZUZBZK X 2020-02-23,31.819268866642787
FZUZBZK X 2020-02-24,25.749659119780546
FZUZBZK X 2020-02-25,38.79242758458506
FZUZBZK X 2020-02-26,49.063897202521645
FZUZBZK X 2020-02-27,48.945314845505024
FZUZBZK X 2020-02-28,29.21728204864752
FZUZBZK X 2020-02-29,16.65651525218227
FZUZBZK X 2020-03-01,27.23190068280573
FZUZBZK X 2020-03-02,33.033504436228654
FZUZBZK X 2020-03-03,26.627147312191205
FZUZBZK X 2020-03-04,25.175696891138486
FZUZBZK X 2020-03-05,34.04517942250269
FZUZBZK X 2020-03-06,29.577917995973884
FZUZBZK X 2020-03-07,38.56012812813316
FZUZBZK X 2020-03-08,30.59604854964787
FZUZBZK X 2020-03-09,45.60485065942809
FZUZBZK X 2020-03-10,35.940966249055236
FZUZBZK X 2020-03-11,56.2104042572916
FZUZBZK X 2020-03-12,43.440225940878776
FZUZBZK X 2020-03-13,29.831953154177675
FZUZBZK X 2020-03-14,22.72954166227064
FZUZBZK X 2020-03-15,29.441849315938214
FZUZBZK X 2020-03-16,36.34521037592728
FZUZBZK X 2020-03-17,41.184889624757716
FZUZBZK X 2020-03-18,62.99724847847463
FZUZBZK X 2020-03-19,67.52210359582462
FZUZBZK X 2020-03-20,59.843955870492024
FZUZBZK X 2020-03-21,61.06676624448306
FZUZBZK X 2020-03-22,47.52952110262658
FZUZBZK X 2020-03-23,15.343581477664024
FZUZBZK X 2020-03-24,32.46754178156838
FZUZBZK X 2020-03-25,47.91282121983177
FZUZBZK X 2020-03-26,42.12839044987602
FZUZBZK X 2020-03-27,30.312246071492794
FZUZBZK X 2020-03-28,20.11687250437358
FZUZBZK X 2020-03-29,56.37756708151794
FZUZBZK X 2020-03-30,46.97577714650857
FZUZBZK X 2020-03-31,36.58616846236461
FZUZBZK X 2020-04-01,37.699955107959795
FZUZBZK X 2020-04-02,36.65489017448664
FZUZBZK X 2020-04-03,31.38416707046025
FZUZBZK X 2020-04-04,37.99317904870744
G2MGWAI X 2020-01-02,38.86264326128606
G2MGWAI X 2020-01-03,39.44232882406627
G2MGWAI X 2020-01-04,21.041891133151495
G2MGWAI X 2020-01-05,57.07341887518557
G2MGWAI X 2020-01-06,43.38891052441629
G2MGWAI X 2020-01-07,24.061545090543305
G2MGWAI X 2020-01-08,44.75005023911069
G2MGWAI X 2020-01-09,41.66921092996438
G2MGWAI X 2020-01-10,17.358916968415997
G2MGWAI X 2020-01-11,41.71506706457547
G2MGWAI X 2020-01-12,31.02808033989681
G2MGWAI X 2020-01-13,42.406221773032144
G2MGWAI X 2020-01-14,46.18701194594767
G2MGWAI X 2020-01-15,30.215164901820017
G2MGWAI X 2020-01-16,19.032338020894347
G2MGWAI X 2020-01-17,36.01183375424655
G2MGWAI X 2020-01-18,91.86514102726404
G2MGWAI X 2020-01-19,24.303750208609763
G2MGWAI X 2020-01-20,38.43814141795573
G2MGWAI X 2020-01-21,56.195756885425894
G2MGWAI X 2020-01-22,74.26925747320958
G2MGWAI X 2020-01-23,76.22628307325544
G2MGWAI X 2020-01-24,52.73791338641178
G2MGWAI X 2020-01-25,30.945924936126488
G2MGWAI X 2020-01-26,46.06984035079316
G2MGWAI X 2020-01-27,37.8006362870493
G2MGWAI X 2020-01-28,74.15028901682852
G2MGWAI X 2020-01-29,33.30640593399192
G2MGWAI X 2020-01-30,68.75440878769889
G2MGWAI X 2020-01-31,56.140068693896424
G2MGWAI X 2020-02-01,42.94027468785272
G2MGWAI X 2020-02-02,33.05584163132307
G2MGWAI X 2020-02-03,41.157010084314834
G2MGWAI X 2020-02-04,31.18480954753013
G2MGWAI X 2020-02-05,30.785446745896643
G2MGWAI X 2020-02-06,39.211923792416464
G2MGWAI X 2020-02-07,42.26045578861122
G2MGWAI X 2020-02-08,37.89639710933796
G2MGWAI X 2020-02-09,64.84476203683504
G2MGWAI X 2020-02-10,44.78930114892511
G2MGWAI X 2020-02-11,39.08196890740426
G2MGWAI X 2020-02-12,35.66489321757143
G2MGWAI X 2020-02-13,30.576187683320782
G2MGWAI X 2020-02-14,34.945270310652454
G2MGWAI X 2020-02-15,73.91535287894074
G2MGWAI X 2020-02-16,54.26943196621502
G2MGWAI X 2020-02-17,40.66567999522986
G2MGWAI X 2020-02-18,44.00165278525751
G2MGWAI X 2020-02-19,26.6378899328568
G2MGWAI X 2020-02-20,45.98880677703356
G2MGWAI X 2020-02-21,31.39054357080562
G2MGWAI X 2020-02-22,43.81914631208155
G2MGWAI X 2020-02-23,36.941259566326835
G2MGWAI X 2020-02-24,46.0809068709072
G2MGWAI X 2020-02-25,31.05181499646281
G2MGWAI X 2020-02-26,33.3458807796696
G2MGWAI X 2020-02-27,28.010162964217365
G2MGWAI X 2020-02-28,37.71384881577622
G2MGWAI X 2020-02-29,37.40509263118257
G2MGWAI X 2020-03-01,46.84159571521547
G2MGWAI X 2020-03-02,33.510930113161656
G2MGWAI X 2020-03-03,34.45024637807264
G2MGWAI X 2020-03-04,36.724092006674496
G2MGWAI X 2020-03-05,38.92980280050146
G2MGWAI X 2020-03-06,27.364853479054624
G2MGWAI X 2020-03-07,46.06668646371849
G2MGWAI X 2020-03-08,30.660999935018467
G2MGWAI X 2020-03-09,39.06002576983985
G2MGWAI X 2020-03-10,45.73834276546449
G2MGWAI X 2020-03-11,65.52686704261609
G2MGWAI X 2020-03-12,53.4863635202294
G2MGWAI X 2020-03-13,24.972508459538233
G2MGWAI X 2020-03-14,41.88132395247737
G2MGWAI X 2020-03-15,30.150951401527188
G2MGWAI X 2020-03-16,33.0518271007301
G2MGWAI X 2020-03-17,49.16588176066081
G2MGWAI X 2020-03-18,36.038672380361454
G2MGWAI X 2020-03-19,32.56990208569057
G2MGWAI X 2020-03-20,36.1487797739544
G2MGWAI X 2020-03-21,30.302523948133967
G2MGWAI X 2020-03-22,37.38921134926422
G2MGWAI X 2020-03-23,47.405410959768965
G2MGWAI X 2020-03-24,60.851279065239495
G2MGWAI X 2020-03-25,32.43033902490795
G2MGWAI X 2020-03-26,54.78580214399176
G2MGWAI X 2020-03-27,43.48673775022725
G2MGWAI X 2020-03-28,47.898522610312014
G2MGWAI X 2020-03-29,42.9288250732104
G2MGWAI X 2020-03-30,42.41877899766039
G2MGWAI X 2020-03-31,43.427713192860594
G2MGWAI X 2020-04-01,69.90317240425765
G2MGWAI X 2020-04-02,33.30170996847523
G2MGWAI X 2020-04-03,71.97409770044662
G2MGWAI X 2020-04-04,69.11999356930716
GJTQKWE X 2020-01-02,79.03197586150272
GJTQKWE X 2020-01-03,96.4817658593846
GJTQKWE X 2020-01-04,85.03888069517495
GJTQKWE X 2020-01-05,102.20643034698652
GJTQKWE X 2020-01-06,104.48860280782178
GJTQKWE X 2020-01-07,101.99378455063372
GJTQKWE X 2020-01-08,90.45940975590896
GJTQKWE X 2020-01-09,97.86020047814215
GJTQKWE X 2020-01-10,101.83007819714724
GJTQKWE X 2020-01-11,106.32988012670454
GJTQKWE X 2020-01-12,48.1997437930133
GJTQKWE X 2020-01-13,62.609772570055185
GJTQKWE X 2020-01-14,105.50891327534985
GJTQKWE X 2020-01-15,69.94333586136447
GJTQKWE X 2020-01-16,94.08073054370055
GJTQKWE X 2020-01-17,44.34338607457246
GJTQKWE X 2020-01-18,59.94252250688707
GJTQKWE X 2020-01-19,87.69056545930741
GJTQKWE X 2020-01-20,82.75994561713615
GJTQKWE X 2020-01-21,87.96962929873712
GJTQKWE X 2020-01-22,120.24255790578492
GJTQKWE X 2020-01-23,92.37790938060178
GJTQKWE X 2020-01-24,62.81409694056384
GJTQKWE X 2020-01-25,50.14418795271001
GJTQKWE X 2020-01-26,61.67609537935688
GJTQKWE X 2020-01-27,36.48369454248855
GJTQKWE X 2020-01-28,51.44875681255951
GJTQKWE X 2020-01-29,41.58168347777429
GJTQKWE X 2020-01-30,76.644612956156
GJTQKWE X 2020-01-31,88.75327262727107
GJTQKWE X 2020-02-01,84.33042853516277
GJTQKWE X 2020-02-02,75.91603162755644
GJTQKWE X 2020-02-03,79.64522292361872
GJTQKWE X 2020-02-04,58.76774530204385
GJTQKWE X 2020-02-05,44.13319803453168
GJTQKWE X 2020-02-06,70.52569885640226
GJTQKWE X 2020-02-07,40.463634565532104
GJTQKWE X 2020-02-08,40.395133448160784
GJTQKWE X 2020-02-09,39.300589584679884
GJTQKWE X 2020-02-10,76.61286957290079
GJTQKWE X 2020-02-11,99.40558481763235
GJTQKWE X 2020-02-12,93.54689739886477
GJTQKWE X 2020-02-13,115.38529578123955
GJTQKWE X 2020-02-14,100.04790704428581
GJTQKWE X 2020-02-15,76.09652912759265
GJTQKWE X 2020-02-16,25.837720462404988
GJTQKWE X 2020-02-17,63.01889998184497
GJTQKWE X 2020-02-18,65.58350353742635
GJTQKWE X 2020-02-19,73.42989856264336
GJTQKWE X 2020-02-20,75.70319549208186
GJTQKWE X 2020-02-21,120.71132365946904
GJTQKWE X 2020-02-22,91.72268311067363
GJTQKWE X 2020-02-23,63.86636041005845
GJTQKWE X 2020-02-24,105.32616117504483
GJTQKWE X 2020-02-25,85.20452895824343
GJTQKWE X 2020-02-26,104.7767461910632
GJTQKWE X 2020-02-27,54.40325547887471
GJTQKWE X 2020-02-28,95.30818801887928
GJTQKWE X 2020-02-29,81.21738356086651
GJTQKWE X 2020-03-01,103.9889500840688
GJTQKWE X 2020-03-02,39.468694207564006
GJTQKWE X 2020-03-03,79.50801262217553
GJTQKWE X 2020-03-04,57.957216544683675
GJTQKWE X 2020-03-05,41.5526294498442
GJTQKWE X 2020-03-06,56.776343251541334
GJTQKWE X 2020-03-07,83.39787733238055
GJTQKWE X 2020-03-08,67.04439326977675
GJTQKWE X 2020-03-09,71.7748085644697
GJTQKWE X 2020-03-10,41.97941722871299
GJTQKWE X 2020-03-11,65.91830621002052
GJTQKWE X 2020-03-12,89.69603382399197
GJTQKWE X 2020-03-13,64.64764073019838
GJTQKWE X 2020-03-14,60.364711366322396
GJTQKWE X 2020-03-15,79.90674482279034
GJTQKWE X 2020-03-16,76.7675685823195
GJTQKWE X 2020-03-17,89.96045967661117
GJTQKWE X 2020-03-18,92.46467413887791
GJTQKWE X 2020-03-19,96.85721945392889
GJTQKWE X 2020-03-20,61.33458323266372
GJTQKWE X 2020-03-21,110.07286849792523
GJTQKWE X 2020-03-22,98.46282787493499
GJTQKWE X 2020-03-23,55.494066742902405
GJTQKWE X 2020-03-24,59.73237885342796
GJTQKWE X 2020-03-25,97.95179694195957
GJTQKWE X 2020-03-26,89.0762784050764
GJTQKWE X 2020-03-27,90.04786828866297
GJTQKWE X 2020-03-28,29.597007576219738
GJTQKWE X 2020-03-29,37.37430899368505
GJTQKWE X 2020-03-30,54.732803772645774
GJTQKWE X 2020-03-31,46.00473511259808
GJTQKWE X 2020-04-01,39.49344814165181
GJTQKWE X 2020-04-02,44.114746605538464
GJTQKWE X 2020-04-03,53.84868990338884
GJTQKWE X 2020-04-04,36.56953041180988
GWG9QDT X 2020-01-02,103.55672942591131
GWG9QDT X 2020-01-03,116.81772028453592
GWG9QDT X 2020-01-04,54.422730701504506
GWG9QDT X 2020-01-05,81.71611961018468
GWG9QDT X 2020-01-06,99.41039671954057
GWG9QDT X 2020-01-07,113.07512209156856
GWG9QDT X 2020-01-08,96.63356399831152
GWG9QDT X 2020-01-09,96.13680092181413
GWG9QDT X 2020-01-10,25.546329879053893
GWG9QDT X 2020-01-11,74.98174242129669
GWG9QDT X 2020-01-12,99.55975656244995
GWG9QDT X 2020-01-13,98.90018057088152
GWG9QDT X 2020-01-14,82.72652674624096
GWG9QDT X 2020-01-15,62.20118855164215
GWG9QDT X 2020-01-16,90.63820136807722
GWG9QDT X 2020-01-17,30.065571719216443
GWG9QDT X 2020-01-18,69.76530339216839
GWG9QDT X 2020-01-19,32.31437027178474
GWG9QDT X 2020-01-20,23.264307619895582
GWG9QDT X 2020-01-21,50.97407107564311
GWG9QDT X 2020-01-22,40.66547485443591
GWG9QDT X 2020-01-23,62.523087975647655
GWG9QDT X 2020-01-24,61.02589385495337
GWG9QDT X 2020-01-25,53.492075532287565
GWG9QDT X 2020-01-26,79.41435734152601
GWG9QDT X 2020-01-27,34.452544397087735
GWG9QDT X 2020-01-28,12.627181040887923
GWG9QDT X 2020-01-29,28.490865193326044
GWG9QDT X 2020-01-30,39.63014251950708
GWG9QDT X 2020-01-31,36.92413929237625
GWG9QDT X 2020-02-01,28.153930087618853
GWG9QDT X 2020-02-02,69.90635663669612
GWG9QDT X 2020-02-03,88.96441654494302
GWG9QDT X 2020-02-04,79.23846349597028
GWG9QDT X 2020-02-05,56.69432458382482
GWG9QDT X 2020-02-06,75.08904950168393
GWG9QDT X 2020-02-07,98.2729203267976
GWG9QDT X 2020-02-08,58.48257405700585
GWG9QDT X 2020-02-09,90.28494862344387
GWG9QDT X 2020-02-10,57.15216327037774
GWG9QDT X 2020-02-11,100.9092272258038
GWG9QDT X 2020-02-12,58.690350358192276
GWG9QDT X 2020-02-13,49.04561538399636
GWG9QDT X 2020-02-14,90.50902281212109
GWG9QDT X 2020-02-15,82.6188268551402
GWG9QDT X 2020-02-16,61.19074695430112
GWG9QDT X 2020-02-17,58.259172065393884
GWG9QDT X 2020-02-18,34.6113412490615
GWG9QDT X 2020-02-19,51.16535084129364
GWG9QDT X 2020-02-20,82.16985708750951
GWG9QDT X 2020-02-21,53.97112538934837
GWG9QDT X 2020-02-22,86.54758350091865
GWG9QDT X 2020-02-23,54.848145057081396
GWG9QDT X 2020-02-24,75.939755000663
GWG9QDT X 2020-02-25,59.64529237219111
GWG9QDT X 2020-02-26,46.71189181514267
GWG9QDT X 2020-02-27,28.86970016006522
GWG9QDT X 2020-02-28,55.82171063826168
GWG9QDT X 2020-02-29,46.10558111383149
GWG9QDT X 2020-03-01,25.13184233731149
GWG9QDT X 2020-03-02,15.297029174323885
GWG9QDT X 2020-03-03,21.966477077561514
GWG9QDT X 2020-03-04,25.57480499971711
GWG9QDT X 2020-03-05,18.628622251755758
GWG9QDT X 2020-03-06,20.849984333717103
GWG9QDT X 2020-03-07,63.921455311304825
GWG9QDT X 2020-03-08,72.73945392963579
GWG9QDT X 2020-03-09,38.336977109853486
GWG9QDT X 2020-03-10,64.88404528922031
GWG9QDT X 2020-03-11,80.1248168486084
GWG9QDT X 2020-03-12,78.26144409900729
GWG9QDT X 2020-03-13,78.29700056416331
GWG9QDT X 2020-03-14,35.802613312737726
GWG9QDT X 2020-03-15,56.05426388366078
GWG9QDT X 2020-03-16,32.517957983567484
GWG9QDT X 2020-03-17,37.229127462709634
GWG9QDT X 2020-03-18,56.99507972370377
GWG9QDT X 2020-03-19,67.30770294604794
GWG9QDT X 2020-03-20,50.216735159815705
GWG9QDT X 2020-03-21,56.876269540282564
GWG9QDT X 2020-03-22,48.96025557725415
GWG9QDT X 2020-03-23,50.75350799527398
GWG9QDT X 2020-03-24,37.18365321715658
GWG9QDT X 2020-03-25,44.081916155466494
GWG9QDT X 2020-03-26,54.546284873611015
GWG9QDT X 2020-03-27,28.84859104655569
GWG9QDT X 2020-03-28,58.07968065923019
GWG9QDT X 2020-03-29,61.375669131110016
GWG9QDT X 2020-03-30,20.109640717412876
GWG9QDT X 2020-03-31,23.834373591263002
GWG9QDT X 2020-04-01,35.11489375506593
GWG9QDT X 2020-04-02,47.566957041399945
GWG9QDT X 2020-04-03,37.88142795371591
GWG9QDT X 2020-04-04,70.30007445813017
H6QNYMX X 2020-01-02,131.48611161387248
H6QNYMX X 2020-01-03,132.3940178029116
H6QNYMX X 2020-01-04,142.68081947900157
H6QNYMX X 2020-01-05,124.54019486449032
H6QNYMX X 2020-01-06,117.10462634019139
H6QNYMX X 2020-01-07,51.72239593014506
H6QNYMX X 2020-01-08,51.17011051612195
H6QNYMX X 2020-01-09,143.03417825773994
H6QNYMX X 2020-01-10,136.86459921723082
H6QNYMX X 2020-01-11,138.20581488205676
H6QNYMX X 2020-01-12,123.81721169455348
H6QNYMX X 2020-01-13,78.6605723271978
H6QNYMX X 2020-01-14,139.99397594024214
H6QNYMX X 2020-01-15,123.33376976242293
H6QNYMX X 2020-01-16,125.98915987527592
H6QNYMX X 2020-01-17,139.31038781216728
H6QNYMX X 2020-01-18,136.90596770240245
H6QNYMX X 2020-01-19,143.4116570957326
H6QNYMX X 2020-01-20,138.87696703893357
H6QNYMX X 2020-01-21,103.15871001157443
H6QNYMX X 2020-01-22,146.70874193758215
H6QNYMX X 2020-01-23,123.54288614376155
H6QNYMX X 2020-01-24,122.35652188640073
H6QNYMX X 2020-01-25,187.97462379999286
H6QNYMX X 2020-01-26,121.50494275744784
H6QNYMX X 2020-01-27,66.25718265069716
H6QNYMX X 2020-01-28,67.3108583947839
H6QNYMX X 2020-01-29,97.93895054751415
H6QNYMX X 2020-01-30,88.83992990087322
H6QNYMX X 2020-01-31,148.02950041365875
H6QNYMX X 2020-02-01,111.66995796390468
H6QNYMX X 2020-02-02,103.09319226544433
H6QNYMX X 2020-02-03,83.81170145226724
H6QNYMX X 2020-02-04,101.57883800005763
H6QNYMX X 2020-02-05,73.4937102043701
H6QNYMX X 2020-02-06,85.4833518985966
H6QNYMX X 2020-02-07,92.39529890839293
H6QNYMX X 2020-02-08,108.5561469143887
H6QNYMX X 2020-02-09,88.28270427396312
H6QNYMX X 2020-02-10,112.16401889740298
H6QNYMX X 2020-02-11,91.07998730929089
H6QNYMX X 2020-02-12,71.55469339045347
H6QNYMX X 2020-02-13,93.22680401782806
H6QNYMX X 2020-02-14,121.03080624264909
H6QNYMX X 2020-02-15,109.09606971176531
H6QNYMX X 2020-02-16,48.422008323618144
H6QNYMX X 2020-02-17,30.209883159292772
H6QNYMX X 2020-02-18,69.23866264608948
H6QNYMX X 2020-02-19,97.39875081469323
H6QNYMX X 2020-02-20,146.53960743041768
H6QNYMX X 2020-02-21,103.25177642856026
H6QNYMX X 2020-02-22,74.37883997060356
H6QNYMX X 2020-02-23,76.94494409380155
H6QNYMX X 2020-02-24,91.95095242778515
H6QNYMX X 2020-02-25,57.74883197961606
H6QNYMX X 2020-02-26,101.81826426557832
H6QNYMX X 2020-02-27,78.76227499672636
H6QNYMX X 2020-02-28,86.15152351804984
H6QNYMX X 2020-02-29,70.15431609782364
H6QNYMX X 2020-03-01,91.7760624566837
H6QNYMX X 2020-03-02,80.86142800941523
H6QNYMX X 2020-03-03,84.85788839797391
H6QNYMX X 2020-03-04,57.179317193059546
H6QNYMX X 2020-03-05,71.64261896362373
H6QNYMX X 2020-03-06,111.63551639084557
H6QNYMX X 2020-03-07,89.61365217964853
H6QNYMX X 2020-03-08,103.3943346954945
H6QNYMX X 2020-03-09,112.27706222977483
H6QNYMX X 2020-03-10,73.66905175299695
H6QNYMX X 2020-03-11,52.95543653002015
H6QNYMX X 2020-03-12,77.62602857368175
H6QNYMX X 2020-03-13,44.91902473183244
H6QNYMX X 2020-03-14,79.46352582760153
H6QNYMX X 2020-03-15,36.74707499293813
H6QNYMX X 2020-03-16,66.56691268743528
H6QNYMX X 2020-03-17,88.43837505415769
H6QNYMX X 2020-03-18,84.02721857774418
H6QNYMX X 2020-03-19,41.99024717438027
H6QNYMX X 2020-03-20,74.43789423631306
H6QNYMX X 2020-03-21,118.19075325187858
H6QNYMX X 2020-03-22,50.83963556682269
H6QNYMX X 2020-03-23,80.81512400110579
H6QNYMX X 2020-03-24,89.79488743664773
H6QNYMX X 2020-03-25,119.60755631965175
H6QNYMX X 2020-03-26,95.53071976096042
H6QNYMX X 2020-03-27,81.85024969139239
H6QNYMX X 2020-03-28,66.9296486483993
H6QNYMX X 2020-03-29,65.89986001977142
H6QNYMX X 2020-03-30,87.18224224408257
H6QNYMX X 2020-03-31,72.3445704044846
H6QNYMX X 2020-04-01,87.85188242382635
H6QNYMX X 2020-04-02,76.50348284110106
H6QNYMX X 2020-04-03,80.3522238697055
H6QNYMX X 2020-04-04,62.31561042146562
HJSDEVF X 2020-01-02,52.40297566332781
HJSDEVF X 2020-01-03,25.970422762704743
HJSDEVF X 2020-01-04,28.23879080158138
HJSDEVF X 2020-01-05,36.578924557911584
HJSDEVF X 2020-01-06,42.353678646936544
HJSDEVF X 2020-01-07,42.21784086763576
HJSDEVF X 2020-01-08,31.899035263725224
HJSDEVF X 2020-01-09,21.033598848421644
HJSDEVF X 2020-01-10,17.035388333406804
HJSDEVF X 2020-01-11,33.71536375385725
HJSDEVF X 2020-01-12,24.308920869801973
HJSDEVF X 2020-01-13,32.979364937066975
HJSDEVF X 2020-01-14,12.611897632737474
HJSDEVF X 2020-01-15,13.375251736234933
HJSDEVF X 2020-01-16,46.399414024337105
HJSDEVF X 2020-01-17,37.55474380086835
HJSDEVF X 2020-01-18,26.665659406719776
HJSDEVF X 2020-01-19,32.499411013863295
HJSDEVF X 2020-01-20,37.31698758996478
HJSDEVF X 2020-01-21,62.6315682052703
HJSDEVF X 2020-01-22,52.7762357590792
HJSDEVF X 2020-01-23,76.88853538955922
HJSDEVF X 2020-01-24,82.60053493634047
HJSDEVF X 2020-01-25,77.23150593921534
HJSDEVF X 2020-01-26,63.8800809089622
HJSDEVF X 2020-01-27,31.036069859616177
HJSDEVF X 2020-01-28,14.925452528843017
HJSDEVF X 2020-01-29,23.310274037000177
HJSDEVF X 2020-01-30,35.375241968745456
HJSDEVF X 2020-01-31,18.027330391665558
HJSDEVF X 2020-02-01,21.069880200494072
HJSDEVF X 2020-02-02,30.120149855102987
HJSDEVF X 2020-02-03,29.93951084531146
HJSDEVF X 2020-02-04,24.535253380985253
HJSDEVF X 2020-02-05,32.01109420436368
HJSDEVF X 2020-02-06,39.915145762277824
HJSDEVF X 2020-02-07,73.25138684934099
HJSDEVF X 2020-02-08,38.889359102042874
HJSDEVF X 2020-02-09,24.895805789351215
HJSDEVF X 2020-02-10,30.3911746598189
HJSDEVF X 2020-02-11,23.3631337651747
HJSDEVF X 2020-02-12,26.077906837595492
HJSDEVF X 2020-02-13,24.119176245527044
HJSDEVF X 2020-02-14,27.182848190258916
HJSDEVF X 2020-02-15,26.607168673380812
HJSDEVF X 2020-02-16,15.71813508364649
HJSDEVF X 2020-02-17,29.83522633244663
HJSDEVF X 2020-02-18,28.12954260062198
HJSDEVF X 2020-02-19,22.192965164142535
HJSDEVF X 2020-02-20,23.574656718535323
HJSDEVF X 2020-02-21,27.773983278758614
HJSDEVF X 2020-02-22,30.852336794546858
HJSDEVF X 2020-02-23,26.819865103710278
HJSDEVF X 2020-02-24,22.660164625340805
HJSDEVF X 2020-02-25,19.184937956588733
HJSDEVF X 2020-02-26,23.939226264706363
HJSDEVF X 2020-02-27,21.022101626710214
HJSDEVF X 2020-02-28,23.744253560511915
HJSDEVF X 2020-02-29,40.86360978120531
HJSDEVF X 2020-03-01,19.13772604053061
HJSDEVF X 2020-03-02,22.192045458125385
HJSDEVF X 2020-03-03,25.81439622571021
HJSDEVF X 2020-03-04,36.194791242623126
HJSDEVF X 2020-03-05,38.08710953404949
HJSDEVF X 2020-03-06,47.80114947847295
HJSDEVF X 2020-03-07,31.063928881493652
HJSDEVF X 2020-03-08,24.601671960414087
HJSDEVF X 2020-03-09,25.075609742808197
HJSDEVF X 2020-03-10,23.21251945440569
HJSDEVF X 2020-03-11,15.605671111956521
HJSDEVF X 2020-03-12,19.430543312342756
HJSDEVF X 2020-03-13,23.931651550734976
HJSDEVF X 2020-03-14,48.43066050484855
HJSDEVF X 2020-03-15,31.418227799765752
HJSDEVF X 2020-03-16,35.373797328691204
HJSDEVF X 2020-03-17,37.96063436069744
HJSDEVF X 2020-03-18,27.72340547863584
HJSDEVF X 2020-03-19,37.86683781602573
HJSDEVF X 2020-03-20,24.61885709033354
HJSDEVF X 2020-03-21,27.787445422396253
HJSDEVF X 2020-03-22,27.270072948771613
HJSDEVF X 2020-03-23,35.43321770054307
HJSDEVF X 2020-03-24,49.54322855924237
HJSDEVF X 2020-03-25,55.188111135711004
HJSDEVF X 2020-03-26,68.32426995240722
HJSDEVF X 2020-03-27,75.10971466374062
HJSDEVF X 2020-03-28,71.04064313250483
HJSDEVF X 2020-03-29,21.398589929687862
HJSDEVF X 2020-03-30,24.29173571226336
HJSDEVF X 2020-03-31,26.203052525686516
HJSDEVF X 2020-04-01,43.393407665086094
HJSDEVF X 2020-04-02,41.86086851915572
HJSDEVF X 2020-04-03,26.595917952323653
HJSDEVF X 2020-04-04,36.61774753983357
HP8D6X8 X 2020-01-02,102.8041887735552
HP8D6X8 X 2020-01-03,126.42867706561965
HP8D6X8 X 2020-01-04,124.53674880297969
HP8D6X8 X 2020-01-05,103.25749663177571
HP8D6X8 X 2020-01-06,101.6934651429326
HP8D6X8 X 2020-01-07,88.01442420529672
HP8D6X8 X 2020-01-08,123.15814322823535
HP8D6X8 X 2020-01-09,118.00774110323141
HP8D6X8 X 2020-01-10,128.48355633333784
HP8D6X8 X 2020-01-11,91.60996190857192
HP8D6X8 X 2020-01-12,118.65066943477335
HP8D6X8 X 2020-01-13,130.1950449208705
HP8D6X8 X 2020-01-14,126.1550112231729
HP8D6X8 X 2020-01-15,116.69840792652481
HP8D6X8 X 2020-01-16,85.77964926938522
HP8D6X8 X 2020-01-17,105.7210266382431
HP8D6X8 X 2020-01-18,110.93015677444818
HP8D6X8 X 2020-01-19,116.82010178456103
HP8D6X8 X 2020-01-20,143.94595855244927
HP8D6X8 X 2020-01-21,149.33535911403925
HP8D6X8 X 2020-01-22,136.85944679329663
HP8D6X8 X 2020-01-23,143.87372137748798
HP8D6X8 X 2020-01-24,90.08098248349071
HP8D6X8 X 2020-01-25,78.38040744374688
HP8D6X8 X 2020-01-26,64.63828512971503
HP8D6X8 X 2020-01-27,81.73680408075633
HP8D6X8 X 2020-01-28,109.79954559484058
HP8D6X8 X 2020-01-29,113.29873482591954
HP8D6X8 X 2020-01-30,123.83587398543746
HP8D6X8 X 2020-01-31,158.3135041565368
HP8D6X8 X 2020-02-01,92.69984337799579
HP8D6X8 X 2020-02-02,111.31129762614427
HP8D6X8 X 2020-02-03,110.11556642540666
HP8D6X8 X 2020-02-04,95.65652982724716
HP8D6X8 X 2020-02-05,85.06840150764154
HP8D6X8 X 2020-02-06,73.16942397840522
HP8D6X8 X 2020-02-07,84.5088705776428
HP8D6X8 X 2020-02-08,102.22904207920331
HP8D6X8 X 2020-02-09,97.25821454654542
HP8D6X8 X 2020-02-10,85.58525570989126
HP8D6X8 X 2020-02-11,76.26364161535201
HP8D6X8 X 2020-02-12,84.08555960960054
HP8D6X8 X 2020-02-13,79.38158043876177
HP8D6X8 X 2020-02-14,64.07783529772038
HP8D6X8 X 2020-02-15,52.304864598202066
HP8D6X8 X 2020-02-16,97.12137597606558
HP8D6X8 X 2020-02-17,66.61252352552755
HP8D6X8 X 2020-02-18,73.13193677543495
HP8D6X8 X 2020-02-19,101.11108723711982
HP8D6X8 X 2020-02-20,83.06341323187928
HP8D6X8 X 2020-02-21,88.50030931782625
HP8D6X8 X 2020-02-22,102.02646949508463
HP8D6X8 X 2020-02-23,128.90217986123446
HP8D6X8 X 2020-02-24,92.63910311013605
HP8D6X8 X 2020-02-25,93.94925957369955
HP8D6X8 X 2020-02-26,61.65395375317111
HP8D6X8 X 2020-02-27,102.74050995825488
HP8D6X8 X 2020-02-28,104.79156759294678
HP8D6X8 X 2020-02-29,82.69550108018873
HP8D6X8 X 2020-03-01,74.20576266309436
HP8D6X8 X 2020-03-02,72.54428657945398
HP8D6X8 X 2020-03-03,86.96971796716343
HP8D6X8 X 2020-03-04,92.11013087152635
HP8D6X8 X 2020-03-05,85.63532722639322
HP8D6X8 X 2020-03-06,86.40579352037659
HP8D6X8 X 2020-03-07,114.51061984144212
HP8D6X8 X 2020-03-08,43.47550960965831
HP8D6X8 X 2020-03-09,71.17049107198618
HP8D6X8 X 2020-03-10,59.66855786582005
HP8D6X8 X 2020-03-11,113.29641945886932
HP8D6X8 X 2020-03-12,102.60491359043665
HP8D6X8 X 2020-03-13,79.71065965985028
HP8D6X8 X 2020-03-14,82.97208307526225
HP8D6X8 X 2020-03-15,80.8014860227842
HP8D6X8 X 2020-03-16,97.20724130295687
HP8D6X8 X 2020-03-17,110.08286551387549
HP8D6X8 X 2020-03-18,100.52066853015576
HP8D6X8 X 2020-03-19,118.16567213424402
HP8D6X8 X 2020-03-20,94.75399446506
HP8D6X8 X 2020-03-21,121.87903488205446
HP8D6X8 X 2020-03-22,110.84574040906358
HP8D6X8 X 2020-03-23,89.28607216566057
HP8D6X8 X 2020-03-24,79.77329763023886
HP8D6X8 X 2020-03-25,98.58572691173741
HP8D6X8 X 2020-03-26,88.15489973070598
HP8D6X8 X 2020-03-27,55.14655888931698
HP8D6X8 X 2020-03-28,51.874391758684055
HP8D6X8 X 2020-03-29,49.282686832680966
HP8D6X8 X 2020-03-30,66.68329643910273
HP8D6X8 X 2020-03-31,64.27243600524493
HP8D6X8 X 2020-04-01,65.17186916704922
HP8D6X8 X 2020-04-02,73.95711611256628
HP8D6X8 X 2020-04-03,76.20225604315839
HP8D6X8 X 2020-04-04,109.42967492764093
HR4CUK5 X 2020-02-04,38.64238344032261
HR4CUK5 X 2020-02-05,27.492831912772473
HR4CUK5 X 2020-02-06,34.06085998167972
HR4CUK5 X 2020-02-07,28.1311027993928
HR4CUK5 X 2020-02-08,36.398820857273115
HR4CUK5 X 2020-02-09,50.62311222763456
HR4CUK5 X 2020-02-10,66.2037384886651
HR4CUK5 X 2020-02-11,45.18648473539425
HR4CUK5 X 2020-02-12,30.797726062697308
HR4CUK5 X 2020-02-13,27.533366219046243
HR4CUK5 X 2020-02-14,48.63659514949828
HR4CUK5 X 2020-02-15,31.725289345310614
HR4CUK5 X 2020-02-16,43.85787076447236
HR4CUK5 X 2020-02-17,40.95205472602453
HR4CUK5 X 2020-02-18,52.99722210133213
HR4CUK5 X 2020-02-19,42.01751196992045
HR4CUK5 X 2020-02-20,31.864426295540547
HR4CUK5 X 2020-02-21,25.45818501007375
HR4CUK5 X 2020-03-03,41.4936131922085
HR4CUK5 X 2020-03-04,20.58781046357384
HR4CUK5 X 2020-03-05,45.60402852722008
HR4CUK5 X 2020-03-06,40.616725105335654
HR4CUK5 X 2020-03-07,46.38766210401204
HR4CUK5 X 2020-03-08,35.70991561010498
HR4CUK5 X 2020-03-09,35.28192106369552
HR4CUK5 X 2020-03-10,46.06203348330871
HR4CUK5 X 2020-03-11,48.98827311920955
HR4CUK5 X 2020-03-12,41.996167531619186
HR4CUK5 X 2020-03-13,41.72404621292777
HR4CUK5 X 2020-03-14,60.4396356371513
HR4CUK5 X 2020-03-15,47.99760963635191
HR4CUK5 X 2020-03-16,39.59496884108546
HR4CUK5 X 2020-03-17,37.36212807109358
HR4CUK5 X 2020-03-18,57.04551535292762
HR4CUK5 X 2020-03-19,33.37924616939531
HR4CUK5 X 2020-03-20,37.827032882349286
HR4CUK5 X 2020-03-21,38.912419221336904
HR4CUK5 X 2020-03-22,30.30171466110304
HR4CUK5 X 2020-03-23,39.564445163087
HR4CUK5 X 2020-03-24,51.1963146912139
HR4CUK5 X 2020-03-25,47.591191351889506
HR4CUK5 X 2020-03-26,46.20962034942015
HR4CUK5 X 2020-03-27,55.01087074556132
HR4CUK5 X 2020-03-28,53.99855414833514
HR4CUK5 X 2020-03-29,43.63861672905758
HR4CUK5 X 2020-03-30,39.09995671187019
HR4CUK5 X 2020-03-31,42.40138888876551
HR4CUK5 X 2020-04-01,42.676051747317885
HR4CUK5 X 2020-04-02,26.87010707993555
HR4CUK5 X 2020-04-03,61.38098917501296
HR4CUK5 X 2020-04-04,101.87650236697516
HWF7EZ3 X 2020-01-02,25.742521471159193
HWF7EZ3 X 2020-01-03,43.959087493573435
HWF7EZ3 X 2020-01-04,114.26696861228804
HWF7EZ3 X 2020-01-05,73.9998864780985
HWF7EZ3 X 2020-01-06,34.39144999506462
HWF7EZ3 X 2020-01-07,32.56585255532535
HWF7EZ3 X 2020-01-08,44.500466172628336
HWF7EZ3 X 2020-01-09,42.09982359089078
HWF7EZ3 X 2020-01-10,106.51010405333794
HWF7EZ3 X 2020-01-11,92.30805783257195
HWF7EZ3 X 2020-01-12,65.40801889070852
HWF7EZ3 X 2020-01-13,59.032222174867
HWF7EZ3 X 2020-01-14,91.45482987906516
HWF7EZ3 X 2020-01-15,60.78737416995429
HWF7EZ3 X 2020-01-16,35.351022536952165
HWF7EZ3 X 2020-01-17,25.752408047389892
HWF7EZ3 X 2020-01-18,38.099289702697654
HWF7EZ3 X 2020-01-19,26.7888231483431
HWF7EZ3 X 2020-01-20,31.713355410893456
HWF7EZ3 X 2020-01-21,31.71806220983032
HWF7EZ3 X 2020-01-22,86.77022889103098
HWF7EZ3 X 2020-01-23,29.87557040817441
HWF7EZ3 X 2020-01-24,95.27638927796023
HWF7EZ3 X 2020-01-25,53.09643949178187
HWF7EZ3 X 2020-01-26,47.366213891457605
HWF7EZ3 X 2020-01-27,63.881396060393996
HWF7EZ3 X 2020-01-28,35.105690806162166
HWF7EZ3 X 2020-01-29,43.29201598234478
HWF7EZ3 X 2020-01-30,50.126061420092924
HWF7EZ3 X 2020-01-31,42.772505708429264
HWF7EZ3 X 2020-02-01,55.08545635270791
HWF7EZ3 X 2020-02-02,47.633356718693534
HWF7EZ3 X 2020-02-03,47.430222604387744
HWF7EZ3 X 2020-02-04,35.83091151098357
HWF7EZ3 X 2020-02-05,39.785836463441264
HWF7EZ3 X 2020-02-06,38.72001532462961
HWF7EZ3 X 2020-02-07,36.3508012271934
HWF7EZ3 X 2020-02-08,36.38408065809111
HWF7EZ3 X 2020-02-09,53.188436446578784
HWF7EZ3 X 2020-02-10,51.231577787218185
HWF7EZ3 X 2020-02-11,44.44677367397809
HWF7EZ3 X 2020-02-12,48.038288564892866
HWF7EZ3 X 2020-02-13,62.00209244556807
HWF7EZ3 X 2020-02-14,77.40371503733871
HWF7EZ3 X 2020-02-15,58.653709692183796
HWF7EZ3 X 2020-02-16,33.00350813830962
HWF7EZ3 X 2020-02-17,62.41855310789691
HWF7EZ3 X 2020-02-18,86.97606025861107
HWF7EZ3 X 2020-02-19,105.66703792732493
HWF7EZ3 X 2020-02-20,48.73589213023376
HWF7EZ3 X 2020-02-21,29.984555907969188
HWF7EZ3 X 2020-02-22,36.25904572704443
HWF7EZ3 X 2020-02-23,45.344949697824084
HWF7EZ3 X 2020-02-24,46.60879540714383
HWF7EZ3 X 2020-02-25,40.279258617505505
HWF7EZ3 X 2020-02-26,55.17935573775688
HWF7EZ3 X 2020-02-27,40.32570451088196
HWF7EZ3 X 2020-02-28,42.47586990117066
HWF7EZ3 X 2020-02-29,71.48918191633008
HWF7EZ3 X 2020-03-01,67.44088878182988
HWF7EZ3 X 2020-03-02,64.85814346446212
HWF7EZ3 X 2020-03-03,49.8154583212569
HWF7EZ3 X 2020-03-04,66.71078568237552
HWF7EZ3 X 2020-03-05,66.88501055651422
HWF7EZ3 X 2020-03-06,47.118821016152026
HWF7EZ3 X 2020-03-07,52.25786873202436
HWF7EZ3 X 2020-03-08,73.40328393351781
HWF7EZ3 X 2020-03-09,98.02331940742862
HWF7EZ3 X 2020-03-10,39.74754686567282
HWF7EZ3 X 2020-03-11,57.1145122177782
HWF7EZ3 X 2020-03-12,76.00291760349866
HWF7EZ3 X 2020-03-13,45.46997245875386
HWF7EZ3 X 2020-03-14,83.08377261158627
HWF7EZ3 X 2020-03-15,26.14398154496854
HWF7EZ3 X 2020-03-16,33.98384547924232
HWF7EZ3 X 2020-03-17,37.01341876706291
HWF7EZ3 X 2020-03-18,44.04329303551183
HWF7EZ3 X 2020-03-19,30.51541307770175
HWF7EZ3 X 2020-03-20,76.61090803834313
HWF7EZ3 X 2020-03-21,74.22484022512101
HWF7EZ3 X 2020-03-22,77.45239654395012
HWF7EZ3 X 2020-03-23,37.36573345032129
HWF7EZ3 X 2020-03-24,48.43647088230667
HWF7EZ3 X 2020-03-25,41.033830809043586
HWF7EZ3 X 2020-03-26,49.14449898133987
HWF7EZ3 X 2020-03-27,45.96878963506308
HWF7EZ3 X 2020-03-28,33.108426434464434
HWF7EZ3 X 2020-03-29,23.193744676775555
HWF7EZ3 X 2020-03-30,46.436240790040614
HWF7EZ3 X 2020-03-31,56.927097629295034
HWF7EZ3 X 2020-04-01,23.05549066210144
HWF7EZ3 X 2020-04-02,22.914237542381542
HWF7EZ3 X 2020-04-03,30.23460483560271
HWF7EZ3 X 2020-04-04,66.83567034839739
HX9IVM0 X 2020-01-14,57.71670863542819
HX9IVM0 X 2020-01-15,76.80141135000251
HX9IVM0 X 2020-02-06,85.52667916563661
HX9IVM0 X 2020-02-07,48.379833358804134
HX9IVM0 X 2020-02-08,52.24654308275902
HX9IVM0 X 2020-02-09,40.28429677245133
HX9IVM0 X 2020-02-10,42.576332391314686
HX9IVM0 X 2020-02-11,46.43873244188766
HX9IVM0 X 2020-02-12,53.704796478771556
HX9IVM0 X 2020-02-13,56.58831335523115
HX9IVM0 X 2020-02-14,58.83975155699743
HX9IVM0 X 2020-02-15,51.343421808144704
HX9IVM0 X 2020-02-16,73.45572666137578
HX9IVM0 X 2020-02-17,60.982930551046394
HX9IVM0 X 2020-02-18,72.2628201120156
HX9IVM0 X 2020-02-19,73.94618741720443
HX9IVM0 X 2020-02-20,72.85435580240448
HX9IVM0 X 2020-02-21,46.99180332555469
HX9IVM0 X 2020-02-22,107.14027845628726
HX9IVM0 X 2020-02-23,61.87510771129023
HX9IVM0 X 2020-02-24,61.36893312889417
HX9IVM0 X 2020-02-25,51.717086814265976
HX9IVM0 X 2020-02-26,48.04285470628161
HX9IVM0 X 2020-02-27,55.29258337010542
HX9IVM0 X 2020-02-28,91.01075103593301
HX9IVM0 X 2020-02-29,88.29814742081169
HX9IVM0 X 2020-03-01,93.8859466140781
HX9IVM0 X 2020-03-02,41.71410219661491
HX9IVM0 X 2020-03-03,34.26635944669659
HX9IVM0 X 2020-03-04,66.31605590195574
HX9IVM0 X 2020-03-05,81.23667354276974
HX9IVM0 X 2020-03-06,105.6965544127108
HX9IVM0 X 2020-03-07,79.75306555789571
HX9IVM0 X 2020-03-08,54.3820835891988
HX9IVM0 X 2020-03-09,103.4793980227226
HX9IVM0 X 2020-03-10,75.60192778166751
HX9IVM0 X 2020-03-11,71.71951759686829
HX9IVM0 X 2020-03-15,74.06825431639056
HX9IVM0 X 2020-03-16,40.91727415553341
HX9IVM0 X 2020-03-17,72.29061055989607
HX9IVM0 X 2020-03-18,63.67879004185089
HX9IVM0 X 2020-03-19,61.125728680159156
HX9IVM0 X 2020-03-20,48.591501388114544
HX9IVM0 X 2020-03-21,53.17173884316194
HX9IVM0 X 2020-03-22,59.850605346489615
HX9IVM0 X 2020-03-23,51.557224344671546
HX9IVM0 X 2020-03-24,49.844908676547924
HX9IVM0 X 2020-03-25,67.98611201465117
HX9IVM0 X 2020-03-26,40.76093101080817
HX9IVM0 X 2020-03-27,49.62247850841365
HX9IVM0 X 2020-03-28,58.633178131387524
HX9IVM0 X 2020-03-29,38.82582873962295
HX9IVM0 X 2020-03-30,50.56658367948331
HX9IVM0 X 2020-03-31,34.29622610065421
HX9IVM0 X 2020-04-01,40.541032916521765
HX9IVM0 X 2020-04-02,68.08034518697895
HX9IVM0 X 2020-04-03,45.76220708213927
HX9IVM0 X 2020-04-04,44.31095510375123
HYKM9JF X 2020-01-23,71.45296178227449
HYKM9JF X 2020-01-24,68.19175200164675
HYKM9JF X 2020-01-25,54.79251316331578
HYKM9JF X 2020-01-26,53.63344972866792
HYKM9JF X 2020-01-27,62.73405064385774
HYKM9JF X 2020-01-28,71.68322993378817
HYKM9JF X 2020-01-29,77.69737233724882
HYKM9JF X 2020-01-30,47.83684999596153
HYKM9JF X 2020-01-31,48.49637306994212
HYKM9JF X 2020-02-01,59.01273240132495
HYKM9JF X 2020-02-02,75.1196810316968
HYKM9JF X 2020-02-03,57.28691986640477
HYKM9JF X 2020-02-04,57.071443320591996
HYKM9JF X 2020-02-05,52.55757381139257
HYKM9JF X 2020-02-06,68.95128058551173
HYKM9JF X 2020-02-07,87.80179002598099
HYKM9JF X 2020-02-08,69.03223340754036
HYKM9JF X 2020-02-09,72.73788470377387
HYKM9JF X 2020-02-10,77.71577208843583
HYKM9JF X 2020-02-12,64.37471310324865
HYKM9JF X 2020-02-13,73.30222471944167
HYKM9JF X 2020-02-14,61.89345762043614
HYKM9JF X 2020-02-17,86.00599993051152
HYKM9JF X 2020-02-18,77.55118282226647
HYKM9JF X 2020-02-19,69.79729822145781
HYKM9JF X 2020-02-20,86.94904875520622
HYKM9JF X 2020-02-21,66.984623319144
HYKM9JF X 2020-02-22,68.96984433231071
HYKM9JF X 2020-02-23,75.48804181108467
IZ7V9WE X 2020-01-02,77.05533108090032
IZ7V9WE X 2020-01-03,42.99514121109672
IZ7V9WE X 2020-01-04,30.200846556697876
IZ7V9WE X 2020-01-05,37.68199037157193
IZ7V9WE X 2020-01-06,51.434571381156694
IZ7V9WE X 2020-01-07,36.7968829006454
IZ7V9WE X 2020-01-08,40.96943152113688
IZ7V9WE X 2020-01-09,32.527931014321595
IZ7V9WE X 2020-01-10,30.873935282420426
IZ7V9WE X 2020-01-11,16.363026021604494
IZ7V9WE X 2020-01-12,56.72467346509197
IZ7V9WE X 2020-01-13,118.1604236047979
IZ7V9WE X 2020-01-14,56.18580674215882
IZ7V9WE X 2020-01-15,48.42533784594453
IZ7V9WE X 2020-01-16,32.47984089551005
IZ7V9WE X 2020-01-17,84.10394630782243
IZ7V9WE X 2020-01-18,49.13014622871053
IZ7V9WE X 2020-01-19,42.64228736316633
IZ7V9WE X 2020-01-20,35.18018932069698
IZ7V9WE X 2020-01-21,45.18211022553455
IZ7V9WE X 2020-01-22,21.36303953969454
IZ7V9WE X 2020-01-23,52.288415590283684
IZ7V9WE X 2020-01-24,57.67072786521483
IZ7V9WE X 2020-01-25,45.702613227631765
IZ7V9WE X 2020-01-26,63.16718219079222
IZ7V9WE X 2020-01-27,48.368886442293075
IZ7V9WE X 2020-01-28,37.75692551848375
IZ7V9WE X 2020-01-29,53.12423200915699
IZ7V9WE X 2020-01-30,45.48596806474212
IZ7V9WE X 2020-01-31,73.62840616619117
IZ7V9WE X 2020-02-01,51.19582498454969
IZ7V9WE X 2020-02-02,52.14809468164942
IZ7V9WE X 2020-02-03,45.16000380072989
IZ7V9WE X 2020-02-04,56.809325230477555
IZ7V9WE X 2020-02-05,32.819520526840634
IZ7V9WE X 2020-02-06,33.09987132063992
IZ7V9WE X 2020-02-07,37.03193772920045
IZ7V9WE X 2020-02-08,53.0484627390518
IZ7V9WE X 2020-02-09,80.96875069834627
IZ7V9WE X 2020-02-10,45.352423949868516
IZ7V9WE X 2020-02-11,27.795763686814475
IZ7V9WE X 2020-02-12,14.388301125743581
IZ7V9WE X 2020-02-13,54.511656155810044
IZ7V9WE X 2020-02-14,64.75689829409494
IZ7V9WE X 2020-02-15,66.42386490161294
IZ7V9WE X 2020-02-16,60.08105517928715
IZ7V9WE X 2020-02-17,40.55595233475407
IZ7V9WE X 2020-02-18,50.389953728546104
IZ7V9WE X 2020-02-19,42.50018152472832
IZ7V9WE X 2020-02-20,39.469681909532305
IZ7V9WE X 2020-02-21,31.114941511288563
IZ7V9WE X 2020-02-22,60.323930178876964
IZ7V9WE X 2020-02-23,35.19384962942787
IZ7V9WE X 2020-02-24,90.97894259440741
IZ7V9WE X 2020-02-25,68.20800674634997
IZ7V9WE X 2020-02-26,28.03997884574727
IZ7V9WE X 2020-02-27,54.88220491023924
IZ7V9WE X 2020-02-28,75.71712522612222
IZ7V9WE X 2020-03-02,55.35360954296172
IZ7V9WE X 2020-03-03,65.51295783235476
IZ7V9WE X 2020-03-04,56.03048178624947
IZ7V9WE X 2020-03-05,58.59394116327536
IZ7V9WE X 2020-03-06,68.88913363007387
IZ7V9WE X 2020-03-07,61.74454341030007
IZ7V9WE X 2020-03-08,51.13418044123031
IZ7V9WE X 2020-03-09,41.9000339157258
IZ7V9WE X 2020-03-10,48.74799345877051
IZ7V9WE X 2020-03-11,61.878636155838535
IZ7V9WE X 2020-03-12,51.296757183932954
IZ7V9WE X 2020-03-13,45.26830646683377
IZ7V9WE X 2020-03-14,57.064314600719854
IZ7V9WE X 2020-03-15,38.078909940329666
IZ7V9WE X 2020-03-16,55.82317711765461
IZ7V9WE X 2020-03-17,56.89764122677424
IZ7V9WE X 2020-03-18,48.676057408784374
IZ7V9WE X 2020-03-19,41.7942774824929
IZ7V9WE X 2020-03-20,38.48175691905943
IZ7V9WE X 2020-03-21,42.93856495801953
IZ7V9WE X 2020-03-22,54.12701950638289
IZ7V9WE X 2020-03-23,56.993523014194224
IZ7V9WE X 2020-03-24,63.39309463663926
IZ7V9WE X 2020-03-25,63.769221082664586
IZ7V9WE X 2020-03-26,42.11853951080677
IZ7V9WE X 2020-03-27,73.9814150133014
IZ7V9WE X 2020-03-28,48.94048257759671
IZ7V9WE X 2020-03-29,58.38544349068589
IZ7V9WE X 2020-03-30,48.7061992778376
IZ7V9WE X 2020-03-31,51.633208539564976
IZ7V9WE X 2020-04-01,50.98420744082371
IZ7V9WE X 2020-04-02,33.88662555440658
IZ7V9WE X 2020-04-03,35.97923023993483
IZ7V9WE X 2020-04-04,27.315496406669254
IZUDLPW X 2020-01-02,169.92619522978185
IZUDLPW X 2020-01-03,162.37463306384677
IZUDLPW X 2020-01-04,139.19203336673064
IZUDLPW X 2020-01-05,126.67735037126728
IZUDLPW X 2020-01-06,191.93492357427056
IZUDLPW X 2020-01-07,47.60217308105758
IZUDLPW X 2020-01-08,131.92496609002308
IZUDLPW X 2020-01-09,128.81842826069828
IZUDLPW X 2020-01-10,149.12076752555544
IZUDLPW X 2020-01-11,105.45320043879585
IZUDLPW X 2020-01-12,145.1070618050702
IZUDLPW X 2020-01-13,122.27040514765265
IZUDLPW X 2020-01-14,142.58817550502386
IZUDLPW X 2020-01-15,190.52050072576947
IZUDLPW X 2020-01-16,154.2711327994836
IZUDLPW X 2020-01-17,213.6166354655872
IZUDLPW X 2020-01-18,170.44140963135538
IZUDLPW X 2020-01-19,119.12475288717637
IZUDLPW X 2020-01-20,109.32740068485045
IZUDLPW X 2020-01-21,121.44032203561035
IZUDLPW X 2020-01-22,241.01114952828846
IZUDLPW X 2020-01-23,170.9852228065667
IZUDLPW X 2020-01-24,121.61139071734492
IZUDLPW X 2020-01-25,172.13934553363003
IZUDLPW X 2020-01-26,166.66156262598508
IZUDLPW X 2020-01-27,136.7625333852398
IZUDLPW X 2020-01-28,118.26868706842363
IZUDLPW X 2020-01-29,91.67099126436882
IZUDLPW X 2020-01-30,61.074318073285795
IZUDLPW X 2020-01-31,179.78579449135748
IZUDLPW X 2020-02-01,134.89478111867743
IZUDLPW X 2020-02-02,127.4518043851876
IZUDLPW X 2020-02-03,94.01491150184502
IZUDLPW X 2020-02-04,61.08631548613285
IZUDLPW X 2020-02-05,84.69517689273997
IZUDLPW X 2020-02-06,129.56586817487346
IZUDLPW X 2020-02-07,131.6502920647631
IZUDLPW X 2020-02-08,105.86568236495216
IZUDLPW X 2020-02-09,131.99950748993444
IZUDLPW X 2020-02-10,198.11364681914978
IZUDLPW X 2020-02-11,168.97415760277664
IZUDLPW X 2020-02-12,176.68789267870926
IZUDLPW X 2020-02-13,112.8023362447212
IZUDLPW X 2020-02-14,89.41131463975218
IZUDLPW X 2020-02-15,60.251321075782826
IZUDLPW X 2020-02-16,44.09882751692561
IZUDLPW X 2020-02-17,89.90782528571125
IZUDLPW X 2020-02-18,89.97323861157182
IZUDLPW X 2020-02-19,163.98669442352832
IZUDLPW X 2020-02-20,71.82985110165428
IZUDLPW X 2020-02-21,124.94194494838099
IZUDLPW X 2020-02-22,60.950916509404735
IZUDLPW X 2020-02-23,120.20715312151809
IZUDLPW X 2020-02-24,69.51275419282588
IZUDLPW X 2020-02-25,60.03161369799943
IZUDLPW X 2020-02-26,90.55559015614911
IZUDLPW X 2020-02-27,133.05361369440396
IZUDLPW X 2020-02-28,153.27659799529863
IZUDLPW X 2020-02-29,114.34247371358829
IZUDLPW X 2020-03-01,134.38004610076354
IZUDLPW X 2020-03-02,84.67056638848115
IZUDLPW X 2020-03-03,101.16715314949899
IZUDLPW X 2020-03-04,85.8388132303744
IZUDLPW X 2020-03-05,113.00824938599214
IZUDLPW X 2020-03-06,131.6136638273694
IZUDLPW X 2020-03-07,110.22037679058981
IZUDLPW X 2020-03-08,71.13645366733525
IZUDLPW X 2020-03-09,60.15573336290235
IZUDLPW X 2020-03-10,63.90421108919473
IZUDLPW X 2020-03-11,118.72947556589988
IZUDLPW X 2020-03-12,45.66046168435297
IZUDLPW X 2020-03-13,77.1758131892018
IZUDLPW X 2020-03-14,48.889154781977055
IZUDLPW X 2020-03-15,60.05630197130647
IZUDLPW X 2020-03-16,95.99443178644837
IZUDLPW X 2020-03-17,97.6863526688683
IZUDLPW X 2020-03-18,108.61229300716589
IZUDLPW X 2020-03-19,32.55705111643668
IZUDLPW X 2020-03-20,106.8678815977413
IZUDLPW X 2020-03-21,69.8667906541515
IZUDLPW X 2020-03-22,115.68524448452328
IZUDLPW X 2020-03-23,85.31950838483114
IZUDLPW X 2020-03-24,112.87650064369029
IZUDLPW X 2020-03-25,105.59688821355546
IZUDLPW X 2020-03-26,47.32803639626963
IZUDLPW X 2020-03-27,63.24008573340315
IZUDLPW X 2020-03-28,83.93593356566495
IZUDLPW X 2020-03-29,116.90830181346057
IZUDLPW X 2020-03-30,67.7507945100558
IZUDLPW X 2020-03-31,100.69097096944787
IZUDLPW X 2020-04-01,58.84593746629098
IZUDLPW X 2020-04-02,88.3864098553335
IZUDLPW X 2020-04-03,73.38241305784679
IZUDLPW X 2020-04-04,73.94939261231816
JN2IEZN X 2020-01-02,34.01728744003894
JN2IEZN X 2020-01-03,80.8078340652521
JN2IEZN X 2020-01-04,111.77167750929966
JN2IEZN X 2020-01-05,94.62629648219418
JN2IEZN X 2020-01-06,48.306957007315816
JN2IEZN X 2020-01-07,48.5790712187053
JN2IEZN X 2020-01-08,46.64214405506037
JN2IEZN X 2020-01-09,55.818115754098926
JN2IEZN X 2020-01-10,118.86221268585525
JN2IEZN X 2020-01-11,108.81032804792675
JN2IEZN X 2020-01-12,122.60181639103742
JN2IEZN X 2020-01-13,82.70036116397758
JN2IEZN X 2020-01-14,112.90930623298895
JN2IEZN X 2020-01-15,112.24517997910172
JN2IEZN X 2020-01-16,101.25288350475259
JN2IEZN X 2020-01-17,99.70286884180398
JN2IEZN X 2020-01-18,94.58062136892461
JN2IEZN X 2020-01-19,79.3133304385427
JN2IEZN X 2020-01-20,78.21264909458093
JN2IEZN X 2020-01-21,61.43368266235602
JN2IEZN X 2020-01-22,118.0151712667897
JN2IEZN X 2020-01-23,87.36645174057452
JN2IEZN X 2020-01-24,94.54634912671618
JN2IEZN X 2020-01-25,104.61098714937549
JN2IEZN X 2020-01-26,107.30466211795981
JN2IEZN X 2020-01-27,119.35157348229815
JN2IEZN X 2020-01-28,59.455338548265686
JN2IEZN X 2020-01-29,61.10706764892922
JN2IEZN X 2020-01-30,62.91965562167397
JN2IEZN X 2020-01-31,49.27642698407891
JN2IEZN X 2020-02-01,75.65655878584394
JN2IEZN X 2020-02-02,80.11107322350564
JN2IEZN X 2020-02-03,80.64220754960566
JN2IEZN X 2020-02-04,29.02208762665832
JN2IEZN X 2020-02-05,34.339339558282205
JN2IEZN X 2020-02-06,28.142878413433436
JN2IEZN X 2020-02-07,44.667422351211016
JN2IEZN X 2020-02-08,39.1950842227246
JN2IEZN X 2020-02-09,73.82695252045195
JN2IEZN X 2020-02-10,53.517760897298004
JN2IEZN X 2020-02-11,58.62537031846857
JN2IEZN X 2020-02-12,48.50550844618412
JN2IEZN X 2020-02-13,65.40734797304911
JN2IEZN X 2020-02-14,98.68579947782605
JN2IEZN X 2020-02-15,70.41165082226568
JN2IEZN X 2020-02-16,60.71282903899106
JN2IEZN X 2020-02-17,55.84597668966951
JN2IEZN X 2020-02-18,94.83353635546766
JN2IEZN X 2020-02-19,93.80069005616915
JN2IEZN X 2020-02-20,57.396515449066825
JN2IEZN X 2020-02-21,35.35483786772985
JN2IEZN X 2020-02-22,43.052500486748166
JN2IEZN X 2020-02-23,32.50819368993786
JN2IEZN X 2020-02-24,95.46112880650944
JN2IEZN X 2020-02-25,60.8545424535114
JN2IEZN X 2020-02-26,70.48106176193934
JN2IEZN X 2020-02-27,42.79634962768277
JN2IEZN X 2020-02-28,30.942266938829768
JN2IEZN X 2020-02-29,53.08182005524196
JN2IEZN X 2020-03-01,68.44244854618944
JN2IEZN X 2020-03-02,67.52753684621574
JN2IEZN X 2020-03-03,57.988132588404056
JN2IEZN X 2020-03-04,65.13078920231234
JN2IEZN X 2020-03-05,39.57165254796873
JN2IEZN X 2020-03-06,34.69414320520627
JN2IEZN X 2020-03-07,68.3763404914567
JN2IEZN X 2020-03-08,72.5030465921441
JN2IEZN X 2020-03-09,65.83542631226126
JN2IEZN X 2020-03-10,32.52689356287721
JN2IEZN X 2020-03-11,40.54059717996584
JN2IEZN X 2020-03-12,70.26204723535209
JN2IEZN X 2020-03-13,59.363943601392975
JN2IEZN X 2020-03-14,68.3876929217911
JN2IEZN X 2020-03-15,58.12425407224235
JN2IEZN X 2020-03-16,42.75182907646094
JN2IEZN X 2020-03-17,33.88140421004951
JN2IEZN X 2020-03-18,72.2295615726681
JN2IEZN X 2020-03-19,44.97131694346005
JN2IEZN X 2020-03-20,61.17489922812493
JN2IEZN X 2020-03-21,73.81878260254334
JN2IEZN X 2020-03-22,79.09690311776932
JN2IEZN X 2020-03-23,51.515339769574425
JN2IEZN X 2020-03-24,49.52353732551695
JN2IEZN X 2020-03-25,49.51560531839074
JN2IEZN X 2020-03-26,52.59245166021171
JN2IEZN X 2020-03-27,68.9634356445152
JN2IEZN X 2020-03-28,52.9087603969077
JN2IEZN X 2020-03-29,33.13104084755519
JN2IEZN X 2020-03-30,37.3316016962374
JN2IEZN X 2020-03-31,65.12753947163982
JN2IEZN X 2020-04-01,52.66168229054223
JN2IEZN X 2020-04-02,54.686553890945454
JN2IEZN X 2020-04-03,66.27292191144001
JN2IEZN X 2020-04-04,60.28278453102831
JPD1BBI X 2020-01-02,31.542457915181473
JPD1BBI X 2020-01-03,19.53967971825387
JPD1BBI X 2020-01-04,22.690277614272226
JPD1BBI X 2020-01-05,27.349125273687328
JPD1BBI X 2020-01-06,25.24260161616013
JPD1BBI X 2020-01-07,21.27601210290693
JPD1BBI X 2020-01-08,21.65417858960371
JPD1BBI X 2020-01-09,21.82842550014057
JPD1BBI X 2020-01-10,20.267655869466196
JPD1BBI X 2020-01-11,23.212601266009614
JPD1BBI X 2020-01-12,14.816902595436279
JPD1BBI X 2020-01-13,17.291102534866912
JPD1BBI X 2020-01-14,13.669468904053094
JPD1BBI X 2020-01-15,13.622214610471882
JPD1BBI X 2020-01-16,18.61982559210291
JPD1BBI X 2020-01-17,15.183237961022531
JPD1BBI X 2020-01-18,20.3314257409778
JPD1BBI X 2020-01-19,38.46671083977409
JPD1BBI X 2020-01-20,46.38072283461625
JPD1BBI X 2020-01-21,39.784501929977964
JPD1BBI X 2020-01-22,56.21092593954198
JPD1BBI X 2020-01-23,39.97413906516327
JPD1BBI X 2020-01-24,29.74880223390165
JPD1BBI X 2020-01-25,45.98198944048414
JPD1BBI X 2020-01-26,19.904430320267167
JPD1BBI X 2020-01-27,20.741049487153653
JPD1BBI X 2020-01-28,21.194191065788416
JPD1BBI X 2020-01-31,15.555187583714627
JPD1BBI X 2020-02-01,20.82753603938447
JPD1BBI X 2020-02-02,22.408329893325934
JPD1BBI X 2020-02-03,16.64566457680712
JPD1BBI X 2020-02-04,22.388678134919516
JPD1BBI X 2020-02-05,26.10396191865462
JPD1BBI X 2020-02-06,35.575679991354946
JPD1BBI X 2020-02-07,34.2265572546305
JPD1BBI X 2020-02-08,21.977077234827107
JPD1BBI X 2020-02-09,21.576194570950868
JPD1BBI X 2020-02-10,33.359584741111874
JPD1BBI X 2020-02-11,18.219576071141493
JPD1BBI X 2020-02-12,21.025459374670493
JPD1BBI X 2020-02-13,20.24675281558816
JPD1BBI X 2020-02-14,23.9431223510515
JPD1BBI X 2020-02-15,14.36316806157539
JPD1BBI X 2020-02-16,28.607371108946637
JPD1BBI X 2020-02-17,19.750261403384197
JPD1BBI X 2020-02-18,19.8545781105668
JPD1BBI X 2020-02-19,25.305211024578597
JPD1BBI X 2020-02-20,14.425042808550295
JPD1BBI X 2020-02-21,26.63642413275226
JPD1BBI X 2020-02-22,23.06632803829396
JPD1BBI X 2020-02-23,13.642935732216955
JPD1BBI X 2020-02-24,14.452318088764763
JPD1BBI X 2020-02-25,19.475510262310546
JPD1BBI X 2020-02-26,22.350097318272375
JPD1BBI X 2020-02-27,20.61792151037052
JPD1BBI X 2020-02-28,36.632190103903184
JPD1BBI X 2020-02-29,17.721444889663584
JPD1BBI X 2020-03-01,21.76238078634095
JPD1BBI X 2020-03-02,14.06118282752869
JPD1BBI X 2020-03-03,20.06423389270084
JPD1BBI X 2020-03-04,27.004547999025178
JPD1BBI X 2020-03-05,37.78458059683821
JPD1BBI X 2020-03-06,37.00629970548581
JPD1BBI X 2020-03-07,21.108477511156345
JPD1BBI X 2020-03-08,21.090516115279588
JPD1BBI X 2020-03-09,24.378813756666545
JPD1BBI X 2020-03-10,12.381025275913498
JPD1BBI X 2020-03-11,16.121771403517567
JPD1BBI X 2020-03-12,22.54609480465768
JPD1BBI X 2020-03-13,31.059764441436243
JPD1BBI X 2020-03-14,20.143903585682914
JPD1BBI X 2020-03-15,19.01633758034597
JPD1BBI X 2020-03-16,27.90288339172909
JPD1BBI X 2020-03-17,19.50010195750093
JPD1BBI X 2020-03-18,17.701640783374195
JPD1BBI X 2020-03-19,23.09943073887601
JPD1BBI X 2020-03-20,36.417162101274876
JPD1BBI X 2020-03-21,49.7358764001806
JPD1BBI X 2020-03-22,36.13652648379497
JPD1BBI X 2020-03-23,54.94482299821709
JPD1BBI X 2020-03-24,35.62650746253352
JPD1BBI X 2020-03-25,39.34026746988846
JPD1BBI X 2020-03-26,53.532347689583
JPD1BBI X 2020-03-27,62.490177406469826
JPD1BBI X 2020-03-28,54.44639977008327
JPD1BBI X 2020-03-29,41.386708711273826
JPD1BBI X 2020-03-30,17.532793339985368
JPD1BBI X 2020-03-31,26.535762723903495
JPD1BBI X 2020-04-01,24.866740089564416
JPD1BBI X 2020-04-02,25.48983095340791
JPD1BBI X 2020-04-03,27.86429400398419
JPD1BBI X 2020-04-04,46.876199749718666
JQ83891 X 2020-01-02,116.49010538001498
JQ83891 X 2020-01-03,161.33163068876559
JQ83891 X 2020-01-04,175.00166706457185
JQ83891 X 2020-01-05,128.38738360001764
JQ83891 X 2020-01-06,109.10566742753942
JQ83891 X 2020-01-07,142.99948462968354
JQ83891 X 2020-01-08,139.76239633209866
JQ83891 X 2020-01-09,150.59207445390393
JQ83891 X 2020-01-10,148.00138915756804
JQ83891 X 2020-01-11,151.43740659232117
JQ83891 X 2020-01-12,151.65814031980716
JQ83891 X 2020-01-13,200.60982060328598
JQ83891 X 2020-01-14,196.17298229117688
JQ83891 X 2020-01-15,147.2649263069104
JQ83891 X 2020-01-16,143.25158205915784
JQ83891 X 2020-01-17,184.1404284879389
JQ83891 X 2020-01-18,116.5053128052856
JQ83891 X 2020-01-19,142.4678131346189
JQ83891 X 2020-01-20,138.86552056913553
JQ83891 X 2020-01-21,165.73610525250524
JQ83891 X 2020-01-22,199.45270230664892
JQ83891 X 2020-01-23,115.67317895456837
JQ83891 X 2020-01-24,121.50087496112609
JQ83891 X 2020-01-25,128.51528453085132
JQ83891 X 2020-01-26,129.0401287306937
JQ83891 X 2020-01-27,141.13140643049672
JQ83891 X 2020-01-28,178.78286873659852
JQ83891 X 2020-01-29,187.03407967392542
JQ83891 X 2020-01-30,186.17021434863494
JQ83891 X 2020-01-31,159.9288628248845
JQ83891 X 2020-02-01,138.6585031568829
JQ83891 X 2020-02-02,173.4875860279908
JQ83891 X 2020-02-03,149.5005357839459
JQ83891 X 2020-02-04,166.83820932717828
JQ83891 X 2020-02-05,100.72388323542012
JQ83891 X 2020-02-06,106.05022429798508
JQ83891 X 2020-02-07,98.84927596576428
JQ83891 X 2020-02-08,135.07695152668157
JQ83891 X 2020-02-09,125.58851903932843
JQ83891 X 2020-02-10,101.489957664817
JQ83891 X 2020-02-11,100.15211985705717
JQ83891 X 2020-02-12,109.50281367787561
JQ83891 X 2020-02-13,88.13125455701734
JQ83891 X 2020-02-14,85.3082849589661
JQ83891 X 2020-02-15,73.46347731651942
JQ83891 X 2020-02-16,77.09766843696738
JQ83891 X 2020-02-17,70.14556347000489
JQ83891 X 2020-02-18,80.50696840729752
JQ83891 X 2020-02-19,98.53120678345643
JQ83891 X 2020-02-20,97.22774569670212
JQ83891 X 2020-02-21,92.65488073045972
JQ83891 X 2020-02-22,84.03331538703254
JQ83891 X 2020-02-23,147.44065044790398
JQ83891 X 2020-02-24,68.93968730297749
JQ83891 X 2020-02-25,131.70778222485478
JQ83891 X 2020-02-26,104.91596502953628
JQ83891 X 2020-02-27,97.05642350971478
JQ83891 X 2020-02-28,126.69370819757852
JQ83891 X 2020-02-29,93.658627744919
JQ83891 X 2020-03-01,134.50368204560914
JQ83891 X 2020-03-02,140.11377037192784
JQ83891 X 2020-03-03,55.66994400177508
JQ83891 X 2020-03-04,87.86570691990015
JQ83891 X 2020-03-05,121.848793059078
JQ83891 X 2020-03-06,113.33176948945547
JQ83891 X 2020-03-07,122.8796168887918
JQ83891 X 2020-03-08,117.39134370359356
JQ83891 X 2020-03-09,84.88985998994146
JQ83891 X 2020-03-10,71.3033812590534
JQ83891 X 2020-03-11,87.63378628031413
JQ83891 X 2020-03-12,98.20419640882041
JQ83891 X 2020-03-13,102.25082041242119
JQ83891 X 2020-03-14,66.92504811767002
JQ83891 X 2020-03-15,70.99404822597589
JQ83891 X 2020-03-16,98.301600135734
JQ83891 X 2020-03-17,74.30040557301841
JQ83891 X 2020-03-18,94.89610433254849
JQ83891 X 2020-03-19,54.527442136160175
JQ83891 X 2020-03-20,79.19400753584374
JQ83891 X 2020-03-21,129.3248767437844
JQ83891 X 2020-03-22,120.52678554325898
JQ83891 X 2020-03-23,95.3802302524269
JQ83891 X 2020-03-24,119.02589859332288
JQ83891 X 2020-03-25,64.82343351545468
JQ83891 X 2020-03-26,65.9280674736664
JQ83891 X 2020-03-27,46.73605888813992
JQ83891 X 2020-03-28,117.57485505511673
JQ83891 X 2020-03-29,55.003470701607114
JQ83891 X 2020-03-30,51.71073473155897
JQ83891 X 2020-03-31,69.29236028351589
JQ83891 X 2020-04-01,76.35459804262963
JQ83891 X 2020-04-02,42.78200745272471
JQ83891 X 2020-04-03,86.10417630172064
JQ83891 X 2020-04-04,105.54918007193004
JTT436U X 2020-01-02,28.80865268081355
JTT436U X 2020-01-03,36.40995626657638
JTT436U X 2020-01-04,23.317736914651995
JTT436U X 2020-01-05,26.218168640119792
JTT436U X 2020-01-06,27.293636430422474
JTT436U X 2020-01-07,41.57590100029328
JTT436U X 2020-01-08,40.34548342055641
JTT436U X 2020-01-09,22.899043449949772
JTT436U X 2020-01-10,22.11114712102748
JTT436U X 2020-01-11,27.384386195406222
JTT436U X 2020-01-12,51.41387959799223
JTT436U X 2020-01-13,49.618363945700125
JTT436U X 2020-01-14,28.247846655343245
JTT436U X 2020-01-15,59.68419032422037
JTT436U X 2020-01-16,32.026191072106606
JTT436U X 2020-01-17,31.668756259343823
JTT436U X 2020-01-18,35.97193125260844
JTT436U X 2020-01-19,61.362562143275284
JTT436U X 2020-01-20,38.42790515177397
JTT436U X 2020-01-21,25.41278761778789
JTT436U X 2020-01-22,68.51611708234168
JTT436U X 2020-01-23,43.506363769661185
JTT436U X 2020-01-24,42.028965645246394
JTT436U X 2020-01-25,34.669117954092414
JTT436U X 2020-01-26,46.51967847719981
JTT436U X 2020-01-27,33.123044987232376
JTT436U X 2020-01-28,30.318465208862477
JTT436U X 2020-01-29,56.3975113708706
JTT436U X 2020-01-30,26.12474820258548
JTT436U X 2020-01-31,24.48440441030464
JTT436U X 2020-02-01,28.432965492357944
JTT436U X 2020-02-02,30.728967587119563
JTT436U X 2020-02-03,61.20464164975547
JTT436U X 2020-02-04,26.139149261661217
JTT436U X 2020-02-05,33.83529830254303
JTT436U X 2020-02-06,27.061481612245274
JTT436U X 2020-02-07,30.302691021481735
JTT436U X 2020-02-08,36.91763340113448
JTT436U X 2020-02-09,31.331460914637198
JTT436U X 2020-02-10,57.1525130888039
JTT436U X 2020-02-11,24.927576570354475
JTT436U X 2020-02-12,46.74480418173534
JTT436U X 2020-02-13,47.786446502924086
JTT436U X 2020-02-14,48.992878633268305
JTT436U X 2020-02-15,63.93467075915582
JTT436U X 2020-02-16,49.613738163359365
JTT436U X 2020-02-17,23.585012382901567
JTT436U X 2020-02-18,32.19556500438385
JTT436U X 2020-02-19,29.023907676788873
JTT436U X 2020-02-20,52.29920660116757
JTT436U X 2020-02-21,36.377921786548754
JTT436U X 2020-02-22,49.692936916092506
JTT436U X 2020-02-23,29.87021673095615
JTT436U X 2020-02-24,34.30356012915827
JTT436U X 2020-02-25,69.21521068811988
JTT436U X 2020-02-26,40.63668014415164
JTT436U X 2020-02-27,32.38421335226403
JTT436U X 2020-02-28,38.029628185428784
JTT436U X 2020-02-29,45.19866488370571
JTT436U X 2020-03-01,51.57945431742365
JTT436U X 2020-03-02,36.81915196155373
JTT436U X 2020-03-03,32.94702633772599
JTT436U X 2020-03-04,33.869649310581316
JTT436U X 2020-03-05,32.314034318703875
JTT436U X 2020-03-06,29.772751088296445
JTT436U X 2020-03-07,42.443177080909614
JTT436U X 2020-03-08,45.516783291885744
JTT436U X 2020-03-09,50.30632342416476
JTT436U X 2020-03-10,27.745963755982167
JTT436U X 2020-03-11,37.690034274995035
JTT436U X 2020-03-12,32.03686372918757
JTT436U X 2020-03-13,33.50785391583856
JTT436U X 2020-03-14,44.749807942548486
JTT436U X 2020-03-15,37.09384548634319
JTT436U X 2020-03-16,32.485324289880154
JTT436U X 2020-03-17,38.92126303966082
JTT436U X 2020-03-18,32.858045457846984
JTT436U X 2020-03-19,37.887414830248474
JTT436U X 2020-03-20,45.42660243100933
JTT436U X 2020-03-21,34.01196229633847
JTT436U X 2020-03-22,54.31394729009658
JTT436U X 2020-03-23,30.536597771460443
JTT436U X 2020-03-24,29.589827164375258
JTT436U X 2020-03-25,34.778616037016604
JTT436U X 2020-03-26,58.643186916869496
JTT436U X 2020-03-27,77.38460060970341
JTT436U X 2020-03-28,45.85178004851201
JTT436U X 2020-03-29,19.821754014679993
JTT436U X 2020-03-30,42.65138457735013
JTT436U X 2020-03-31,39.24163925192387
JTT436U X 2020-04-01,36.26462417453237
JTT436U X 2020-04-02,50.817884069340536
JTT436U X 2020-04-03,50.40900583362632
JTT436U X 2020-04-04,54.25435505337455
JV6BKL1 X 2020-01-02,63.044981732323166
JV6BKL1 X 2020-01-03,47.78908394156459
JV6BKL1 X 2020-01-04,29.756262857254256
JV6BKL1 X 2020-01-05,51.185721540421966
JV6BKL1 X 2020-01-06,64.21856617735487
JV6BKL1 X 2020-01-07,44.595438557454585
JV6BKL1 X 2020-01-08,39.29997248455176
JV6BKL1 X 2020-01-09,29.99445024324975
JV6BKL1 X 2020-01-10,19.09055128363019
JV6BKL1 X 2020-01-11,37.60509034383753
JV6BKL1 X 2020-01-12,48.06281342566185
JV6BKL1 X 2020-01-13,42.45617741883821
JV6BKL1 X 2020-01-14,27.411574943672008
JV6BKL1 X 2020-01-15,23.223205476664255
JV6BKL1 X 2020-01-16,28.2779495346291
JV6BKL1 X 2020-01-17,21.388096547171187
JV6BKL1 X 2020-01-18,30.81036805490166
JV6BKL1 X 2020-01-19,60.65036921178563
JV6BKL1 X 2020-01-20,55.112798091289875
JV6BKL1 X 2020-01-21,50.6788355608816
JV6BKL1 X 2020-01-22,74.10083240220624
JV6BKL1 X 2020-01-23,57.46736476297387
JV6BKL1 X 2020-01-24,86.54061993162519
JV6BKL1 X 2020-01-25,91.70853323872869
JV6BKL1 X 2020-01-26,85.54488076064544
JV6BKL1 X 2020-01-27,34.97885298734195
JV6BKL1 X 2020-01-28,13.119133374317503
JV6BKL1 X 2020-01-29,17.49042635729627
JV6BKL1 X 2020-01-30,28.852116637933378
JV6BKL1 X 2020-01-31,5.455846632444004
JV6BKL1 X 2020-02-01,7.344360938322964
JV6BKL1 X 2020-02-02,7.796618092650274
JV6BKL1 X 2020-02-03,18.544688492230826
JV6BKL1 X 2020-02-04,18.996430243289957
JV6BKL1 X 2020-02-05,25.95715700605674
JV6BKL1 X 2020-02-06,54.768479814090945
JV6BKL1 X 2020-02-07,66.30078884900985
JV6BKL1 X 2020-02-08,63.2626757471304
JV6BKL1 X 2020-02-09,43.21342875654521
JV6BKL1 X 2020-02-10,21.627097085397857
JV6BKL1 X 2020-02-11,14.290816165430154
JV6BKL1 X 2020-02-12,14.643708937238642
JV6BKL1 X 2020-02-13,38.001417799555334
JV6BKL1 X 2020-02-14,23.963712569018973
JV6BKL1 X 2020-02-15,30.27506353069905
JV6BKL1 X 2020-02-16,25.257820528042416
JV6BKL1 X 2020-02-17,10.028665519080711
JV6BKL1 X 2020-02-18,12.297165278700572
JV6BKL1 X 2020-02-19,17.646925250777727
JV6BKL1 X 2020-02-20,26.73700936224907
JV6BKL1 X 2020-02-21,22.701097332815774
JV6BKL1 X 2020-02-22,37.075646604920294
JV6BKL1 X 2020-02-23,14.821311434399838
JV6BKL1 X 2020-02-24,17.015271285814627
JV6BKL1 X 2020-02-25,20.39618423659242
JV6BKL1 X 2020-02-26,7.650425741705433
JV6BKL1 X 2020-02-27,23.888747428449605
JV6BKL1 X 2020-02-28,20.591250028004275
JV6BKL1 X 2020-02-29,18.212421658270085
JV6BKL1 X 2020-03-01,13.35037249629497
JV6BKL1 X 2020-03-02,17.640551041422185
JV6BKL1 X 2020-03-03,21.05280867866348
JV6BKL1 X 2020-03-04,21.06692922051723
JV6BKL1 X 2020-03-05,27.46570797226041
JV6BKL1 X 2020-03-06,19.90357495251444
JV6BKL1 X 2020-03-07,40.3109234603718
JV6BKL1 X 2020-03-08,28.9925078682925
JV6BKL1 X 2020-03-09,18.923558755234108
JV6BKL1 X 2020-03-10,12.285177396793053
JV6BKL1 X 2020-03-11,11.142248171941485
JV6BKL1 X 2020-03-12,11.8586755012741
JV6BKL1 X 2020-03-13,19.109071801617233
JV6BKL1 X 2020-03-14,44.3962231994511
JV6BKL1 X 2020-03-15,41.11783433999789
JV6BKL1 X 2020-03-16,42.634535317592466
JV6BKL1 X 2020-03-17,55.92375249913661
JV6BKL1 X 2020-03-18,54.61734840688064
JV6BKL1 X 2020-03-19,50.88798448955133
JV6BKL1 X 2020-03-20,65.27661553592979
JV6BKL1 X 2020-03-21,44.85654694466674
JV6BKL1 X 2020-03-22,29.49126205664823
JV6BKL1 X 2020-03-23,23.915784119838463
JV6BKL1 X 2020-03-24,35.30178132244539
JV6BKL1 X 2020-03-25,42.77150681940738
JV6BKL1 X 2020-03-26,53.361788162429775
JV6BKL1 X 2020-03-27,53.35741242073824
JV6BKL1 X 2020-03-28,78.44178600495084
JV6BKL1 X 2020-03-29,33.16685243896596
JV6BKL1 X 2020-03-30,12.978489164057926
JV6BKL1 X 2020-03-31,38.23530265701997
JV6BKL1 X 2020-04-01,39.968102838375195
JV6BKL1 X 2020-04-02,61.105802580582335
JV6BKL1 X 2020-04-03,56.30888826280484
JV6BKL1 X 2020-04-04,46.07591816322302
JWR64XG X 2020-01-02,79.80736682584
JWR64XG X 2020-01-03,88.09552735115354
JWR64XG X 2020-01-04,96.73353234016713
JWR64XG X 2020-01-05,46.82601519260338
JWR64XG X 2020-01-06,62.11555329653525
JWR64XG X 2020-01-07,71.93209441545272
JWR64XG X 2020-01-08,107.42933445763218
JWR64XG X 2020-01-09,73.30472603538936
JWR64XG X 2020-01-10,81.40659644398549
JWR64XG X 2020-01-11,57.51697639642508
JWR64XG X 2020-01-12,54.06233017630812
JWR64XG X 2020-01-13,82.7549386914193
JWR64XG X 2020-01-14,77.73430678670411
JWR64XG X 2020-01-15,87.09350070235767
JWR64XG X 2020-01-16,84.98743656686105
JWR64XG X 2020-01-17,80.48940503861304
JWR64XG X 2020-01-18,79.13459133286612
JWR64XG X 2020-01-19,97.95318909485543
JWR64XG X 2020-01-20,90.16643101305866
JWR64XG X 2020-01-21,48.04153234794236
JWR64XG X 2020-01-22,45.87072055838263
JWR64XG X 2020-01-23,41.506356219860656
JWR64XG X 2020-01-24,90.33427085305699
JWR64XG X 2020-01-25,133.77556057298602
JWR64XG X 2020-01-26,125.04317960774553
JWR64XG X 2020-02-02,48.10533294241076
JWR64XG X 2020-02-03,35.75568256314752
JWR64XG X 2020-02-04,34.62360456033768
JWR64XG X 2020-02-05,30.37597662054724
JWR64XG X 2020-02-06,32.036351178527916
JWR64XG X 2020-02-07,30.490128967212286
JWR64XG X 2020-02-08,38.54079922671976
JWR64XG X 2020-02-09,68.23811616313738
JWR64XG X 2020-02-10,39.10243155946861
JWR64XG X 2020-02-11,31.242513114816674
JWR64XG X 2020-02-12,24.38859797159474
JWR64XG X 2020-02-13,28.9193167787093
JWR64XG X 2020-02-14,47.271572176908776
JWR64XG X 2020-02-15,55.06364111309589
JWR64XG X 2020-02-16,63.11090454244061
JWR64XG X 2020-02-17,60.41900233231736
JWR64XG X 2020-02-18,65.84402289668081
JWR64XG X 2020-02-19,32.61566228574547
JWR64XG X 2020-02-20,49.28659121394324
JWR64XG X 2020-02-21,50.77177494182137
JWR64XG X 2020-02-22,34.845170882387805
JWR64XG X 2020-02-23,41.534266962391385
JWR64XG X 2020-02-24,22.183284016329292
JWR64XG X 2020-02-25,53.70188470965238
JWR64XG X 2020-02-26,60.51683752216955
JWR64XG X 2020-02-27,32.67740170998606
JWR64XG X 2020-02-28,59.55973919815868
JWR64XG X 2020-02-29,51.68551694717265
JWR64XG X 2020-03-01,46.73965805933745
JWR64XG X 2020-03-02,44.45640374976669
JWR64XG X 2020-03-03,44.261146029100665
JWR64XG X 2020-03-04,52.300304844845414
JWR64XG X 2020-03-05,32.55730059023561
JWR64XG X 2020-03-06,58.01289877848514
JWR64XG X 2020-03-07,50.153919310239104
JWR64XG X 2020-03-08,33.183450293598895
JWR64XG X 2020-03-09,57.234688105896296
JWR64XG X 2020-03-10,53.798506345798764
JWR64XG X 2020-03-11,47.892216188859244
JWR64XG X 2020-03-12,33.065582553888554
JWR64XG X 2020-03-13,35.021865067779416
JWR64XG X 2020-03-14,21.506304544221607
JWR64XG X 2020-03-15,45.480430715771746
JWR64XG X 2020-03-16,60.795566533562535
JWR64XG X 2020-03-17,65.75225408048352
JWR64XG X 2020-03-18,71.46707730527693
JWR64XG X 2020-03-19,85.8183302981375
JWR64XG X 2020-03-20,56.8342577857365
JWR64XG X 2020-03-21,53.91874768736656
JWR64XG X 2020-03-22,32.1951151319055
JWR64XG X 2020-03-23,32.74073307697606
JWR64XG X 2020-03-24,40.32828884899732
JWR64XG X 2020-03-25,55.91304424912414
JWR64XG X 2020-03-26,57.267511765763345
JWR64XG X 2020-03-27,69.8982888350453
JWR64XG X 2020-03-28,69.11576364649767
JWR64XG X 2020-03-29,127.51760081311652
JWR64XG X 2020-03-30,36.889183056588436
JWR64XG X 2020-03-31,43.88052113728365
JWR64XG X 2020-04-01,58.84810058046352
JWR64XG X 2020-04-02,67.09135157745979
JWR64XG X 2020-04-03,66.1628171290304
JWR64XG X 2020-04-04,63.94174671130489
K0QHLEW X 2020-01-02,31.952628778129224
K0QHLEW X 2020-01-03,27.625779675479187
K0QHLEW X 2020-01-04,45.35742372790934
K0QHLEW X 2020-01-05,17.182505257281004
K0QHLEW X 2020-01-06,36.5434553260704
K0QHLEW X 2020-01-07,17.838456677433737
K0QHLEW X 2020-01-08,19.70688278587732
K0QHLEW X 2020-01-09,44.263098537774155
K0QHLEW X 2020-01-10,46.68978898879636
K0QHLEW X 2020-01-11,12.803848986644262
K0QHLEW X 2020-01-12,15.808587559907515
K0QHLEW X 2020-01-13,33.1526131477472
K0QHLEW X 2020-01-14,55.83681133272083
K0QHLEW X 2020-01-15,49.93971232250028
K0QHLEW X 2020-01-16,26.119455561609556
K0QHLEW X 2020-01-17,59.53109380270524
K0QHLEW X 2020-01-18,28.73595332758643
K0QHLEW X 2020-01-19,67.3479541168279
K0QHLEW X 2020-01-20,24.084572777429443
K0QHLEW X 2020-01-21,38.231615656968536
K0QHLEW X 2020-01-22,21.138975608558955
K0QHLEW X 2020-01-23,27.516372708853226
K0QHLEW X 2020-01-24,56.81723805698091
K0QHLEW X 2020-01-25,45.13431979713244
K0QHLEW X 2020-01-26,38.84123952357935
K0QHLEW X 2020-01-27,20.87040886954565
K0QHLEW X 2020-01-28,19.69553809886223
K0QHLEW X 2020-01-29,23.490078230681085
K0QHLEW X 2020-01-30,36.75850280919364
K0QHLEW X 2020-01-31,26.978779685160298
K0QHLEW X 2020-02-01,13.897614070214043
K0QHLEW X 2020-02-02,22.817803515702046
K0QHLEW X 2020-02-03,47.559635958157465
K0QHLEW X 2020-02-04,58.094184309534384
K0QHLEW X 2020-02-05,25.249632023863683
K0QHLEW X 2020-02-06,41.05286080264647
K0QHLEW X 2020-02-07,18.97208901628306
K0QHLEW X 2020-02-08,21.214655601475965
K0QHLEW X 2020-02-09,61.08454110920033
K0QHLEW X 2020-02-10,63.367436035906294
K0QHLEW X 2020-02-11,77.37405366987021
K0QHLEW X 2020-02-12,56.42801233056049
K0QHLEW X 2020-02-13,59.89176025155341
K0QHLEW X 2020-02-14,27.970616442999848
K0QHLEW X 2020-02-15,45.02052167588769
K0QHLEW X 2020-02-16,17.437329855270676
K0QHLEW X 2020-02-17,23.200224552949404
K0QHLEW X 2020-02-18,71.7300887951353
K0QHLEW X 2020-02-19,47.45426200600954
K0QHLEW X 2020-02-20,27.193132712339583
K0QHLEW X 2020-02-21,50.70309001486637
K0QHLEW X 2020-02-22,61.63565813094387
K0QHLEW X 2020-02-23,31.76179427701888
K0QHLEW X 2020-02-24,32.599367394989535
K0QHLEW X 2020-02-25,76.58475329435849
K0QHLEW X 2020-02-26,64.47908469057343
K0QHLEW X 2020-02-27,67.67786942172367
K0QHLEW X 2020-02-28,57.771749151387525
K0QHLEW X 2020-02-29,21.48681781727983
K0QHLEW X 2020-03-01,42.43767315301045
K0QHLEW X 2020-03-02,66.48471277951437
K0QHLEW X 2020-03-03,55.416694946450136
K0QHLEW X 2020-03-04,33.81512840952448
K0QHLEW X 2020-03-05,68.03058327632026
K0QHLEW X 2020-03-06,39.8480230760908
K0QHLEW X 2020-03-07,53.403742347997344
K0QHLEW X 2020-03-08,51.51251709379936
K0QHLEW X 2020-03-09,64.36338107956105
K0QHLEW X 2020-03-10,79.01621478411015
K0QHLEW X 2020-03-11,46.02827613146926
K0QHLEW X 2020-03-12,36.4385546377668
K0QHLEW X 2020-03-13,48.94503987474245
K0QHLEW X 2020-03-14,39.227155458888916
K0QHLEW X 2020-03-15,24.211486032885126
K0QHLEW X 2020-03-16,30.92971914506741
K0QHLEW X 2020-03-17,41.735413666457035
K0QHLEW X 2020-03-18,74.31250499000605
K0QHLEW X 2020-03-19,65.57454852310926
K0QHLEW X 2020-03-20,66.93906310806217
K0QHLEW X 2020-03-21,24.502264498135816
K0QHLEW X 2020-03-22,58.666765633074746
K0QHLEW X 2020-03-23,25.067160171255814
K0QHLEW X 2020-03-24,30.097176658083505
K0QHLEW X 2020-03-25,34.512913554710806
K0QHLEW X 2020-03-26,45.20791730994617
K0QHLEW X 2020-03-27,44.36699113251822
K0QHLEW X 2020-03-28,30.080019976571677
K0QHLEW X 2020-03-29,23.854609903664446
K0QHLEW X 2020-03-30,45.158133105864145
K0QHLEW X 2020-03-31,43.6873999673938
K0QHLEW X 2020-04-01,41.97385863205038
K0QHLEW X 2020-04-02,43.81531050415557
K0QHLEW X 2020-04-03,54.42450725872614
K0QHLEW X 2020-04-04,99.81138959435148
K39BZEQ X 2020-01-02,93.2764616646208
K39BZEQ X 2020-01-03,76.95365896986482
K39BZEQ X 2020-01-04,57.02134648217009
K39BZEQ X 2020-01-05,29.20393261342464
K39BZEQ X 2020-01-06,62.439617364409045
K39BZEQ X 2020-01-07,104.76508991022716
K39BZEQ X 2020-01-08,99.31994295041852
K39BZEQ X 2020-01-09,75.08828541216779
K39BZEQ X 2020-01-10,77.79444455130103
K39BZEQ X 2020-01-11,62.50945386907365
K39BZEQ X 2020-01-12,78.55969103148492
K39BZEQ X 2020-01-13,58.50176547756638
K39BZEQ X 2020-01-14,56.83857549714325
K39BZEQ X 2020-01-15,93.41453705420632
K39BZEQ X 2020-01-16,90.278240218432
K39BZEQ X 2020-01-17,87.10780242396444
K39BZEQ X 2020-01-18,75.60034096405155
K39BZEQ X 2020-01-19,77.74492062834715
K39BZEQ X 2020-01-20,123.44430258641874
K39BZEQ X 2020-01-21,103.06752951591669
K39BZEQ X 2020-01-22,86.33388156429397
K39BZEQ X 2020-01-23,51.26790377150088
K39BZEQ X 2020-01-24,95.40630676451963
K39BZEQ X 2020-01-25,89.3556012740661
K39BZEQ X 2020-01-26,96.57167239441715
K39BZEQ X 2020-01-27,106.10119596812625
K39BZEQ X 2020-01-28,55.4092892172515
K39BZEQ X 2020-01-29,30.920539567333137
K39BZEQ X 2020-01-30,30.60351446992872
K39BZEQ X 2020-01-31,37.676121378343865
K39BZEQ X 2020-02-01,33.35944070575017
K39BZEQ X 2020-02-02,27.50402339393348
K39BZEQ X 2020-02-03,23.873025320639044
K39BZEQ X 2020-02-04,46.13725028399922
K39BZEQ X 2020-02-05,19.3379169592533
K39BZEQ X 2020-02-06,26.206759759288957
K39BZEQ X 2020-02-07,31.00744155457908
K39BZEQ X 2020-02-08,52.76560080168606
K39BZEQ X 2020-02-09,72.73321178838198
K39BZEQ X 2020-02-10,40.58239064625717
K39BZEQ X 2020-02-11,19.601232634283186
K39BZEQ X 2020-02-12,21.9312740404618
K39BZEQ X 2020-02-13,39.227308411545714
K39BZEQ X 2020-02-14,27.303433815090102
K39BZEQ X 2020-02-15,44.220078995841305
K39BZEQ X 2020-02-16,26.36958549857429
K39BZEQ X 2020-02-17,36.78143369858731
K39BZEQ X 2020-02-18,30.77053354043388
K39BZEQ X 2020-02-19,36.270679808207234
K39BZEQ X 2020-02-20,24.9256487756537
K39BZEQ X 2020-02-21,40.535787134620435
K39BZEQ X 2020-02-22,42.132683413935304
K39BZEQ X 2020-02-23,22.202922124758047
K39BZEQ X 2020-02-24,22.4932089152004
K39BZEQ X 2020-02-25,39.320167594580354
K39BZEQ X 2020-02-26,37.485797994166184
K39BZEQ X 2020-02-27,27.780204612495737
K39BZEQ X 2020-02-28,23.936637581853816
K39BZEQ X 2020-02-29,63.7338843471031
K39BZEQ X 2020-03-01,38.042452612076815
K39BZEQ X 2020-03-02,22.721835863124607
K39BZEQ X 2020-03-03,30.467319602126707
K39BZEQ X 2020-03-04,24.817451902143077
K39BZEQ X 2020-03-05,34.71232971694599
K39BZEQ X 2020-03-06,33.4789600198378
K39BZEQ X 2020-03-07,35.21798684031854
K39BZEQ X 2020-03-08,25.55676768791276
K39BZEQ X 2020-03-09,42.04361935760757
K39BZEQ X 2020-03-10,28.83199094819782
K39BZEQ X 2020-03-11,39.76177089863967
K39BZEQ X 2020-03-12,25.580191223586652
K39BZEQ X 2020-03-13,39.6079662889309
K39BZEQ X 2020-03-14,33.24040229266231
K39BZEQ X 2020-03-15,42.27293298648456
K39BZEQ X 2020-03-16,44.74664083544915
K39BZEQ X 2020-03-17,70.7289474083963
K39BZEQ X 2020-03-18,58.44664444403159
K39BZEQ X 2020-03-19,61.666995504231224
K39BZEQ X 2020-03-20,69.39984139068373
K39BZEQ X 2020-03-21,81.71211281864726
K39BZEQ X 2020-03-22,29.21629426051811
K39BZEQ X 2020-03-23,39.436976410583256
K39BZEQ X 2020-03-24,36.26769291723662
K39BZEQ X 2020-03-25,39.99502189810324
K39BZEQ X 2020-03-26,55.451035515602086
K39BZEQ X 2020-03-27,57.846629376271636
K39BZEQ X 2020-03-28,78.9184289169085
K39BZEQ X 2020-03-29,59.905955713684605
K39BZEQ X 2020-03-30,23.201430284585065
K39BZEQ X 2020-03-31,45.67737033886788
K39BZEQ X 2020-04-01,52.7064135807105
K39BZEQ X 2020-04-02,55.10020235428056
K39BZEQ X 2020-04-03,56.671670255233565
K39BZEQ X 2020-04-04,53.72746632922387
K3G6YOA X 2020-01-02,88.2884474423301
K3G6YOA X 2020-01-03,29.37843464785729
K3G6YOA X 2020-01-04,30.356278995411728
K3G6YOA X 2020-01-05,36.081879472718164
K3G6YOA X 2020-01-06,92.16398128400454
K3G6YOA X 2020-01-07,59.326424445366854
K3G6YOA X 2020-01-08,79.16103840360371
K3G6YOA X 2020-01-09,32.25415086175976
K3G6YOA X 2020-01-10,23.05393620588628
K3G6YOA X 2020-01-11,41.21984853425815
K3G6YOA X 2020-01-12,92.47011034184955
K3G6YOA X 2020-01-13,101.08390561582826
K3G6YOA X 2020-01-14,37.26794461011793
K3G6YOA X 2020-01-15,28.76098598694786
K3G6YOA X 2020-01-16,46.741853088957924
K3G6YOA X 2020-01-17,35.780291631838594
K3G6YOA X 2020-01-18,25.892436159735055
K3G6YOA X 2020-01-19,45.84482043909564
K3G6YOA X 2020-01-20,61.95448550936722
K3G6YOA X 2020-01-21,49.2309645905961
K3G6YOA X 2020-01-22,38.581571276673074
K3G6YOA X 2020-01-23,41.378205076300304
K3G6YOA X 2020-01-24,78.42403596294245
K3G6YOA X 2020-01-25,39.500433197232276
K3G6YOA X 2020-01-26,56.62942029547594
K3G6YOA X 2020-01-27,65.1305026458604
K3G6YOA X 2020-01-28,77.23493552535324
K3G6YOA X 2020-01-29,31.284146137405102
K3G6YOA X 2020-01-30,58.298318068490445
K3G6YOA X 2020-01-31,47.39533713282357
K3G6YOA X 2020-02-01,51.100231476097136
K3G6YOA X 2020-02-02,62.49573004227692
K3G6YOA X 2020-02-03,70.38060695867006
K3G6YOA X 2020-02-04,17.676080701029413
K3G6YOA X 2020-02-05,35.91821201291945
K3G6YOA X 2020-02-06,56.74999511703068
K3G6YOA X 2020-02-07,44.6874301748785
K3G6YOA X 2020-02-08,45.490592474776705
K3G6YOA X 2020-02-09,65.60852083983916
K3G6YOA X 2020-02-10,31.12468408493764
K3G6YOA X 2020-02-11,24.000249017271848
K3G6YOA X 2020-02-12,42.50828854602002
K3G6YOA X 2020-02-13,50.59043300355755
K3G6YOA X 2020-02-14,26.013255430480555
K3G6YOA X 2020-02-15,58.44011374770315
K3G6YOA X 2020-02-16,35.565647285003806
K3G6YOA X 2020-02-17,28.052853664264056
K3G6YOA X 2020-02-18,23.20102077645962
K3G6YOA X 2020-02-19,24.207914011205133
K3G6YOA X 2020-02-20,54.59456952657279
K3G6YOA X 2020-02-21,38.390617844675035
K3G6YOA X 2020-02-22,68.32251058638397
K3G6YOA X 2020-02-23,91.24564557826638
K3G6YOA X 2020-02-24,70.41134054071206
K3G6YOA X 2020-02-25,32.9495612230004
K3G6YOA X 2020-02-26,17.543331616952905
K3G6YOA X 2020-02-27,28.810647119349852
K3G6YOA X 2020-02-28,35.21210429087636
K3G6YOA X 2020-02-29,35.740699966486794
K3G6YOA X 2020-03-01,49.210406131024754
K3G6YOA X 2020-03-02,20.83608617835646
K3G6YOA X 2020-03-03,30.1291060204115
K3G6YOA X 2020-03-04,29.6263602037846
K3G6YOA X 2020-03-05,45.53952548518719
K3G6YOA X 2020-03-06,16.483580005829204
K3G6YOA X 2020-03-07,20.21244131981119
K3G6YOA X 2020-03-08,34.29408362260576
K3G6YOA X 2020-03-09,17.627687317621653
K3G6YOA X 2020-03-10,26.17460729349395
K3G6YOA X 2020-03-11,44.4461288438783
K3G6YOA X 2020-03-12,59.51374071793998
K3G6YOA X 2020-03-13,29.783455793562283
K3G6YOA X 2020-03-14,32.32521773961238
K3G6YOA X 2020-03-15,67.60861532284942
K3G6YOA X 2020-03-16,37.00802896763317
K3G6YOA X 2020-03-17,41.39444484975923
K3G6YOA X 2020-03-18,63.20903119907
K3G6YOA X 2020-03-19,44.276076023861435
K3G6YOA X 2020-03-20,45.240431164565145
K3G6YOA X 2020-03-21,31.799541950656582
K3G6YOA X 2020-03-22,27.880182397749792
K3G6YOA X 2020-03-23,35.99434650299458
K3G6YOA X 2020-03-24,28.031630239478744
K3G6YOA X 2020-03-25,38.155274394948606
K3G6YOA X 2020-03-26,31.008944819764295
K3G6YOA X 2020-03-27,66.26105016750238
K3G6YOA X 2020-03-28,85.52598731926186
K3G6YOA X 2020-03-29,32.374946825262285
K3G6YOA X 2020-03-30,27.09105582209471
K3G6YOA X 2020-03-31,65.9846738054404
K3G6YOA X 2020-04-01,18.249434082292925
K3G6YOA X 2020-04-02,30.3873049069842
K3G6YOA X 2020-04-03,37.23912079162626
K3G6YOA X 2020-04-04,55.03202391675455
L09JD4W X 2020-01-02,19.926184419790523
L09JD4W X 2020-01-03,9.555106173163985
L09JD4W X 2020-01-04,19.665155546335946
L09JD4W X 2020-01-05,33.04518119439085
L09JD4W X 2020-01-06,18.260183699826737
L09JD4W X 2020-01-07,19.248839386280242
L09JD4W X 2020-01-08,15.463592179038624
L09JD4W X 2020-01-09,14.2603043441745
L09JD4W X 2020-01-10,13.378696210585638
L09JD4W X 2020-01-11,23.33441359559933
L09JD4W X 2020-01-12,11.676967414215255
L09JD4W X 2020-01-13,15.400019955700103
L09JD4W X 2020-01-14,25.317163659830655
L09JD4W X 2020-01-15,35.991179695080014
L09JD4W X 2020-01-16,16.188302683083577
L09JD4W X 2020-01-17,20.531122736788276
L09JD4W X 2020-01-18,18.28810650231418
L09JD4W X 2020-01-19,28.14149714954234
L09JD4W X 2020-01-20,21.681151038343433
L09JD4W X 2020-01-21,22.19858826791036
L09JD4W X 2020-01-22,30.391016629030354
L09JD4W X 2020-01-23,28.42625958432938
L09JD4W X 2020-01-24,20.274399126591774
L09JD4W X 2020-01-25,18.808327259108413
L09JD4W X 2020-01-26,23.54548938624106
L09JD4W X 2020-01-27,16.595914135620493
L09JD4W X 2020-01-28,20.154737355620618
L09JD4W X 2020-01-29,24.191579412825746
L09JD4W X 2020-01-30,27.30746631848323
L09JD4W X 2020-01-31,11.147811838172014
L09JD4W X 2020-02-01,16.05677164871885
L09JD4W X 2020-02-02,15.023464402489601
L09JD4W X 2020-02-03,29.181880795093647
L09JD4W X 2020-02-04,9.792892537663345
L09JD4W X 2020-02-05,21.47252243647711
L09JD4W X 2020-02-06,19.538043600841235
L09JD4W X 2020-02-07,26.710007312955888
L09JD4W X 2020-02-08,28.213143333298895
L09JD4W X 2020-02-09,17.866574054866856
L09JD4W X 2020-02-10,13.785036242148973
L09JD4W X 2020-02-11,16.16966680094146
L09JD4W X 2020-02-12,15.843619583171574
L09JD4W X 2020-02-13,15.323245325883533
L09JD4W X 2020-02-14,22.196301483671533
L09JD4W X 2020-02-15,23.60192804580784
L09JD4W X 2020-02-16,20.848283247762264
L09JD4W X 2020-02-17,16.78685437114815
L09JD4W X 2020-02-18,14.556193384082952
L09JD4W X 2020-02-19,13.354786843224097
L09JD4W X 2020-02-20,24.1200875775639
L09JD4W X 2020-02-21,19.555055599375237
L09JD4W X 2020-02-22,16.11761201724445
L09JD4W X 2020-02-23,19.133461900157126
L09JD4W X 2020-02-24,13.795386849579923
L09JD4W X 2020-02-25,20.271523372434068
L09JD4W X 2020-02-26,12.530599495629488
L09JD4W X 2020-02-27,19.656386525530834
L09JD4W X 2020-02-28,16.782007701633084
L09JD4W X 2020-02-29,21.494176053683628
L09JD4W X 2020-03-01,20.760892595907933
L09JD4W X 2020-03-02,14.298075470476949
L09JD4W X 2020-03-03,32.855110411842354
L09JD4W X 2020-03-04,24.182490517079806
L09JD4W X 2020-03-05,20.799153904304482
L09JD4W X 2020-03-06,30.11228756770395
L09JD4W X 2020-03-07,26.43529650008695
L09JD4W X 2020-03-08,24.87305750899604
L09JD4W X 2020-03-09,18.96970129274023
L09JD4W X 2020-03-10,19.426333377350897
L09JD4W X 2020-03-11,15.13518630317689
L09JD4W X 2020-03-12,13.462071294493253
L09JD4W X 2020-03-13,18.595290657416317
L09JD4W X 2020-03-14,22.75028692339216
L09JD4W X 2020-03-15,26.334277887737343
L09JD4W X 2020-03-16,24.004120779284925
L09JD4W X 2020-03-17,30.17024253409094
L09JD4W X 2020-03-18,16.08516905187831
L09JD4W X 2020-03-19,24.589447917943723
L09JD4W X 2020-03-20,19.396206586299897
L09JD4W X 2020-03-21,31.65427943241776
L09JD4W X 2020-03-22,30.159913428863454
L09JD4W X 2020-03-23,26.092883583476862
L09JD4W X 2020-03-24,40.79979101586143
L09JD4W X 2020-03-25,35.394261310491885
L09JD4W X 2020-03-26,34.16963935870645
L09JD4W X 2020-03-27,39.664937604618736
L09JD4W X 2020-03-28,23.181677464941686
L09JD4W X 2020-03-29,9.209127950059724
L09JD4W X 2020-03-30,25.41357442169742
L09JD4W X 2020-03-31,21.442900817176117
L09JD4W X 2020-04-01,18.103532849169085
L09JD4W X 2020-04-02,15.076263803970853
L09JD4W X 2020-04-03,16.086206746001004
L09JD4W X 2020-04-04,20.341799178496366
LCD7B05 X 2020-01-02,46.81136044077173
LCD7B05 X 2020-01-03,54.18000983607921
LCD7B05 X 2020-01-04,42.93312088480546
LCD7B05 X 2020-01-05,23.20920309288919
LCD7B05 X 2020-01-06,36.35485825797724
LCD7B05 X 2020-01-07,47.31205279632795
LCD7B05 X 2020-01-08,45.74676364105709
LCD7B05 X 2020-01-09,23.86717167062684
LCD7B05 X 2020-01-10,66.92740756448418
LCD7B05 X 2020-01-11,44.509060381873034
LCD7B05 X 2020-01-12,23.940973663385563
LCD7B05 X 2020-01-13,32.45432927015269
LCD7B05 X 2020-01-14,44.01112690476423
LCD7B05 X 2020-01-15,56.33577966262352
LCD7B05 X 2020-01-16,38.78635535834085
LCD7B05 X 2020-01-17,36.50618602756052
LCD7B05 X 2020-01-18,19.3605910624349
LCD7B05 X 2020-01-19,39.142938955150946
LCD7B05 X 2020-01-20,26.464417638570374
LCD7B05 X 2020-01-21,32.67006566255296
LCD7B05 X 2020-01-22,61.65529975823725
LCD7B05 X 2020-01-23,67.96545732118189
LCD7B05 X 2020-01-24,82.0732695757256
LCD7B05 X 2020-01-25,30.8616676453233
LCD7B05 X 2020-01-26,30.687005346648768
LCD7B05 X 2020-01-27,26.68061139176369
LCD7B05 X 2020-01-28,20.759107393110412
LCD7B05 X 2020-01-29,24.636846379107197
LCD7B05 X 2020-01-30,50.344902151441254
LCD7B05 X 2020-01-31,86.11916224728662
LCD7B05 X 2020-02-01,61.29357796062703
LCD7B05 X 2020-02-02,50.53143442334302
LCD7B05 X 2020-02-03,59.98466883858754
LCD7B05 X 2020-02-04,52.428790255977056
LCD7B05 X 2020-02-05,19.213674329203727
LCD7B05 X 2020-02-06,26.053859880123078
LCD7B05 X 2020-02-07,48.36775385702033
LCD7B05 X 2020-02-08,30.378917293641514
LCD7B05 X 2020-02-09,39.39886035418035
LCD7B05 X 2020-02-10,35.75581496631335
LCD7B05 X 2020-02-11,29.301785818862854
LCD7B05 X 2020-02-12,53.59758815497817
LCD7B05 X 2020-02-13,29.81492656150668
LCD7B05 X 2020-02-14,22.925674845503288
LCD7B05 X 2020-02-15,29.874220611777915
LCD7B05 X 2020-02-16,37.06561943678915
LCD7B05 X 2020-02-17,61.442496442092065
LCD7B05 X 2020-02-18,48.61655497918356
LCD7B05 X 2020-02-19,21.279316540112088
LCD7B05 X 2020-02-20,37.107309941629254
LCD7B05 X 2020-02-21,23.820002583819864
LCD7B05 X 2020-02-22,47.79422936797301
LCD7B05 X 2020-02-23,44.20724389091219
LCD7B05 X 2020-02-24,61.748826539425565
LCD7B05 X 2020-02-25,54.67367482064679
LCD7B05 X 2020-02-26,40.579660746685434
LCD7B05 X 2020-02-27,21.783433591624313
LCD7B05 X 2020-02-28,21.845784653929364
LCD7B05 X 2020-02-29,19.94398291581244
LCD7B05 X 2020-03-01,23.724827572900914
LCD7B05 X 2020-03-02,50.01478336421551
LCD7B05 X 2020-03-03,57.06780535525114
LCD7B05 X 2020-03-04,39.16450263897099
LCD7B05 X 2020-03-05,31.83788186674311
LCD7B05 X 2020-03-06,29.156660749082498
LCD7B05 X 2020-03-07,22.445038574762773
LCD7B05 X 2020-03-08,25.358356187607235
LCD7B05 X 2020-03-09,53.97975602829436
LCD7B05 X 2020-03-10,39.975365848891656
LCD7B05 X 2020-03-11,37.68637381752175
LCD7B05 X 2020-03-12,46.90821003470788
LCD7B05 X 2020-03-13,35.87404052136756
LCD7B05 X 2020-03-14,17.873368964629453
LCD7B05 X 2020-03-15,18.869544504766655
LCD7B05 X 2020-03-16,37.57033852549449
LCD7B05 X 2020-03-17,30.77876267486458
LCD7B05 X 2020-03-18,27.88467321165676
LCD7B05 X 2020-03-19,73.3532320940353
LCD7B05 X 2020-03-20,36.18939999018846
LCD7B05 X 2020-03-21,21.594182654906
LCD7B05 X 2020-03-22,41.63409261874186
LCD7B05 X 2020-03-23,16.569736275392582
LCD7B05 X 2020-03-24,15.685592874198182
LCD7B05 X 2020-03-25,34.273385622820825
LCD7B05 X 2020-03-26,29.435366456512483
LCD7B05 X 2020-03-27,35.753282149676465
LCD7B05 X 2020-03-28,28.729866935731295
LCD7B05 X 2020-03-29,5.1928771076650975
LCD7B05 X 2020-03-30,20.22984339875599
LCD7B05 X 2020-03-31,30.135030743801245
LCD7B05 X 2020-04-01,30.83928790730038
LCD7B05 X 2020-04-02,14.703325372723597
LCD7B05 X 2020-04-03,5.818392276860774
LCD7B05 X 2020-04-04,6.510056496391126
LOSOTRL X 2020-01-02,51.165691403159094
LOSOTRL X 2020-01-03,25.87444192049322
LOSOTRL X 2020-01-04,51.92438231275953
LOSOTRL X 2020-01-05,54.89695100255595
LOSOTRL X 2020-01-06,31.226326758024783
LOSOTRL X 2020-01-07,32.657218211061625
LOSOTRL X 2020-01-08,22.39812576160353
LOSOTRL X 2020-01-09,25.39741774449486
LOSOTRL X 2020-01-10,35.00124939736068
LOSOTRL X 2020-01-11,44.43659896876265
LOSOTRL X 2020-01-12,23.138191791264433
LOSOTRL X 2020-01-13,35.6497948506695
LOSOTRL X 2020-01-14,22.184340293348356
LOSOTRL X 2020-01-15,25.180769975960757
LOSOTRL X 2020-01-16,45.15448002480258
LOSOTRL X 2020-01-17,25.069305446740287
LOSOTRL X 2020-01-18,34.90366211668106
LOSOTRL X 2020-01-19,49.74258754143321
LOSOTRL X 2020-01-20,93.22703292860075
LOSOTRL X 2020-01-21,94.612699194397
LOSOTRL X 2020-01-22,74.22866002106393
LOSOTRL X 2020-01-23,68.27221443487059
LOSOTRL X 2020-01-24,71.08745602147718
LOSOTRL X 2020-01-25,61.44940411814956
LOSOTRL X 2020-01-26,53.96288636182942
LOSOTRL X 2020-01-27,23.867299429748428
LOSOTRL X 2020-01-28,16.429552774314203
LOSOTRL X 2020-01-29,36.43230055321022
LOSOTRL X 2020-01-30,27.325733114689136
LOSOTRL X 2020-01-31,17.80275250908331
LOSOTRL X 2020-02-01,15.142889603112373
LOSOTRL X 2020-02-02,34.70275042308793
LOSOTRL X 2020-02-03,33.25599334445909
LOSOTRL X 2020-02-04,29.690840665916312
LOSOTRL X 2020-02-05,62.01413469374526
LOSOTRL X 2020-02-06,74.36268478751185
LOSOTRL X 2020-02-07,62.529659290126176
LOSOTRL X 2020-02-08,27.985629449493693
LOSOTRL X 2020-02-09,19.825387739614076
LOSOTRL X 2020-02-10,25.712819049484914
LOSOTRL X 2020-02-11,20.06345916809477
LOSOTRL X 2020-02-12,28.684815068680855
LOSOTRL X 2020-02-13,22.439107313526954
LOSOTRL X 2020-02-14,45.25263568854738
LOSOTRL X 2020-02-15,9.913130430602997
LOSOTRL X 2020-02-16,15.149298478287399
LOSOTRL X 2020-02-17,19.113650647533543
LOSOTRL X 2020-02-18,21.32825603878703
LOSOTRL X 2020-02-19,23.744806718331226
LOSOTRL X 2020-02-20,16.487558953038434
LOSOTRL X 2020-02-21,32.59243742065594
LOSOTRL X 2020-02-22,30.51366206401123
LOSOTRL X 2020-02-23,18.187847025274937
LOSOTRL X 2020-02-24,36.524848811462725
LOSOTRL X 2020-02-25,15.345569875417365
LOSOTRL X 2020-02-26,22.691585888982793
LOSOTRL X 2020-02-27,31.809678357525492
LOSOTRL X 2020-02-28,22.04153081578627
LOSOTRL X 2020-02-29,13.419705090980706
LOSOTRL X 2020-03-01,26.013030546668105
LOSOTRL X 2020-03-02,33.520553206928845
LOSOTRL X 2020-03-03,30.98266952972117
LOSOTRL X 2020-03-04,29.880706506073864
LOSOTRL X 2020-03-05,35.78006978252243
LOSOTRL X 2020-03-06,29.896610065885312
LOSOTRL X 2020-03-07,45.81804590988624
LOSOTRL X 2020-03-08,23.123498699639924
LOSOTRL X 2020-03-09,38.5764473110436
LOSOTRL X 2020-03-10,12.345737814977383
LOSOTRL X 2020-03-11,18.604385835221414
LOSOTRL X 2020-03-12,20.99317221837206
LOSOTRL X 2020-03-13,25.257892066860208
LOSOTRL X 2020-03-14,46.49910878636726
LOSOTRL X 2020-03-15,24.509962748620225
LOSOTRL X 2020-03-16,42.82799293379374
LOSOTRL X 2020-03-17,39.35858410297568
LOSOTRL X 2020-03-18,23.145249371323413
LOSOTRL X 2020-03-19,52.814666893201775
LOSOTRL X 2020-03-20,41.10931256174578
LOSOTRL X 2020-03-21,26.854886680475424
LOSOTRL X 2020-03-22,43.48156624177687
LOSOTRL X 2020-03-23,49.90454508937106
LOSOTRL X 2020-03-24,53.70708871830281
LOSOTRL X 2020-03-25,67.63465760062651
LOSOTRL X 2020-03-26,71.4481094741113
LOSOTRL X 2020-03-27,62.01527252801657
LOSOTRL X 2020-03-28,33.587896694303204
LOSOTRL X 2020-03-29,20.87750801211451
LOSOTRL X 2020-03-30,14.050815316867876
LOSOTRL X 2020-03-31,24.23164722272977
LOSOTRL X 2020-04-01,27.211351849727173
LOSOTRL X 2020-04-02,31.843275278968378
LOSOTRL X 2020-04-03,28.78697843426874
LOSOTRL X 2020-04-04,47.65310879673689
LQ6ITV0 X 2020-01-02,46.41082537666007
LQ6ITV0 X 2020-01-03,11.28888943669737
LQ6ITV0 X 2020-01-04,12.978168252847738
LQ6ITV0 X 2020-01-05,31.252438810242843
LQ6ITV0 X 2020-01-06,34.62235863943908
LQ6ITV0 X 2020-01-07,26.26665750931788
LQ6ITV0 X 2020-01-08,14.21924892912498
LQ6ITV0 X 2020-01-09,25.65128371900947
LQ6ITV0 X 2020-01-10,17.991122048156644
LQ6ITV0 X 2020-01-11,29.396456231653147
LQ6ITV0 X 2020-01-12,15.737950966865569
LQ6ITV0 X 2020-01-13,21.635950255567884
LQ6ITV0 X 2020-01-14,20.262532222693842
LQ6ITV0 X 2020-01-15,8.948165427572317
LQ6ITV0 X 2020-01-16,28.00253180729959
LQ6ITV0 X 2020-01-17,40.63349286114154
LQ6ITV0 X 2020-01-18,22.5297378990995
LQ6ITV0 X 2020-01-19,24.556738197319277
LQ6ITV0 X 2020-01-20,32.09416934785305
LQ6ITV0 X 2020-01-21,24.15499294187591
LQ6ITV0 X 2020-01-22,28.470573298911233
LQ6ITV0 X 2020-01-23,33.85130547555906
LQ6ITV0 X 2020-01-24,22.508435625809383
LQ6ITV0 X 2020-01-25,18.797707858305188
LQ6ITV0 X 2020-01-26,27.282072286264977
LQ6ITV0 X 2020-01-27,33.35226976259436
LQ6ITV0 X 2020-01-28,22.133598591285068
LQ6ITV0 X 2020-01-29,31.26919395914335
LQ6ITV0 X 2020-01-30,20.13290785344638
LQ6ITV0 X 2020-01-31,18.387509658865643
LQ6ITV0 X 2020-02-01,18.498581242111687
LQ6ITV0 X 2020-02-02,17.25577793777731
LQ6ITV0 X 2020-02-03,15.147298391188972
LQ6ITV0 X 2020-02-04,22.72552026695452
LQ6ITV0 X 2020-02-05,30.32583055187667
LQ6ITV0 X 2020-02-06,24.717676059617986
LQ6ITV0 X 2020-02-07,32.089188682720064
LQ6ITV0 X 2020-02-08,38.30715796699744
LQ6ITV0 X 2020-02-09,18.1493326314315
LQ6ITV0 X 2020-02-10,19.083656942138195
LQ6ITV0 X 2020-02-11,20.101411884540155
LQ6ITV0 X 2020-02-12,15.167746004434001
LQ6ITV0 X 2020-02-13,20.826125116372545
LQ6ITV0 X 2020-02-14,48.24571558205321
LQ6ITV0 X 2020-02-15,38.28320289576365
LQ6ITV0 X 2020-02-16,16.082382612622336
LQ6ITV0 X 2020-02-17,17.49500230901584
LQ6ITV0 X 2020-02-18,13.658446865381176
LQ6ITV0 X 2020-02-19,14.425785350350072
LQ6ITV0 X 2020-02-20,19.72877299587649
LQ6ITV0 X 2020-02-21,19.560227902603557
LQ6ITV0 X 2020-02-22,17.06711171956881
LQ6ITV0 X 2020-02-23,20.009724626009774
LQ6ITV0 X 2020-02-24,18.236287060303955
LQ6ITV0 X 2020-02-25,23.374785356086257
LQ6ITV0 X 2020-02-26,25.57551013872878
LQ6ITV0 X 2020-02-27,27.529088984404304
LQ6ITV0 X 2020-02-28,28.778808182942555
LQ6ITV0 X 2020-02-29,19.011155618029562
LQ6ITV0 X 2020-03-01,17.284763864356805
LQ6ITV0 X 2020-03-02,31.69404810063186
LQ6ITV0 X 2020-03-03,33.01176388751671
LQ6ITV0 X 2020-03-04,25.13198477410753
LQ6ITV0 X 2020-03-05,25.91137606352887
LQ6ITV0 X 2020-03-06,27.29034378328896
LQ6ITV0 X 2020-03-07,30.084340936537288
LQ6ITV0 X 2020-03-08,28.741122433158978
LQ6ITV0 X 2020-03-09,35.0128789042238
LQ6ITV0 X 2020-03-10,22.643631464344956
LQ6ITV0 X 2020-03-11,20.642663101351427
LQ6ITV0 X 2020-03-12,16.812224490009584
LQ6ITV0 X 2020-03-13,23.4674663940933
LQ6ITV0 X 2020-03-14,34.055899739290446
LQ6ITV0 X 2020-03-15,41.841942130797506
LQ6ITV0 X 2020-03-16,26.165769371659422
LQ6ITV0 X 2020-03-17,45.121133190582356
LQ6ITV0 X 2020-03-18,24.624764910763645
LQ6ITV0 X 2020-03-19,34.08953226982547
LQ6ITV0 X 2020-03-20,20.72744049229221
LQ6ITV0 X 2020-03-21,20.99971496557788
LQ6ITV0 X 2020-03-22,24.863846527630876
LQ6ITV0 X 2020-03-23,46.2870994613767
LQ6ITV0 X 2020-03-24,47.43813261464577
LQ6ITV0 X 2020-03-25,51.355368662243414
LQ6ITV0 X 2020-03-26,68.40778916672093
LQ6ITV0 X 2020-03-27,57.62308298246839
LQ6ITV0 X 2020-03-28,39.29555973123469
LQ6ITV0 X 2020-03-29,35.58753511692386
LQ6ITV0 X 2020-03-30,36.52943485321558
LQ6ITV0 X 2020-03-31,48.39948222172079
LQ6ITV0 X 2020-04-01,17.903266054051887
LQ6ITV0 X 2020-04-02,21.203759339126737
LQ6ITV0 X 2020-04-03,25.981205048091795
LQ6ITV0 X 2020-04-04,30.912200550136163
LUNFFBL X 2020-01-02,32.66641655464235
LUNFFBL X 2020-01-03,29.031997288162536
LUNFFBL X 2020-01-04,40.90663786360401
LUNFFBL X 2020-01-05,33.604336374342516
LUNFFBL X 2020-01-06,28.267820530312378
LUNFFBL X 2020-01-07,41.78414643034496
LUNFFBL X 2020-01-08,33.45806536280006
LUNFFBL X 2020-01-09,32.94604077827953
LUNFFBL X 2020-01-10,34.578463065299594
LUNFFBL X 2020-01-11,33.14235872693777
LUNFFBL X 2020-01-12,29.141152724523515
LUNFFBL X 2020-01-13,34.83510169011823
LUNFFBL X 2020-01-14,39.362393404837206
LUNFFBL X 2020-01-15,41.5787524657921
LUNFFBL X 2020-01-16,42.615773532933886
LUNFFBL X 2020-01-17,23.399932110002524
LUNFFBL X 2020-01-18,36.2453351288791
LUNFFBL X 2020-01-19,30.404564768384986
LUNFFBL X 2020-01-20,46.99606806248177
LUNFFBL X 2020-01-21,50.51637389451763
LUNFFBL X 2020-01-22,39.40263523715183
LUNFFBL X 2020-01-23,53.97070967323596
LUNFFBL X 2020-01-24,34.113996831425155
LUNFFBL X 2020-01-25,49.90079701456659
LUNFFBL X 2020-01-26,41.25506063049986
LUNFFBL X 2020-01-27,58.23269102259644
LUNFFBL X 2020-01-28,64.71350346416496
LUNFFBL X 2020-01-29,46.969337908369624
LUNFFBL X 2020-01-30,40.619026271975216
LUNFFBL X 2020-01-31,31.175157307262793
LUNFFBL X 2020-02-01,25.474419446607065
LUNFFBL X 2020-02-02,36.88205430977088
LUNFFBL X 2020-02-03,46.28925742310064
LUNFFBL X 2020-02-04,38.385905708418015
LUNFFBL X 2020-02-05,40.52411345182389
LUNFFBL X 2020-02-06,31.717854669368343
LUNFFBL X 2020-02-07,26.095546410284086
LUNFFBL X 2020-02-08,25.369118333715143
LUNFFBL X 2020-02-09,30.36667966290856
LUNFFBL X 2020-02-10,38.45256378677156
LUNFFBL X 2020-02-11,22.036799713164314
LUNFFBL X 2020-02-12,26.324047770205617
LUNFFBL X 2020-02-13,49.67507227303519
LUNFFBL X 2020-02-14,50.08424910227425
LUNFFBL X 2020-02-15,43.2500201940495
LUNFFBL X 2020-02-16,43.43539645866815
LUNFFBL X 2020-02-17,40.37357074998551
LUNFFBL X 2020-02-18,38.00040117027754
LUNFFBL X 2020-02-19,39.92109742676154
LUNFFBL X 2020-02-20,33.72599709441088
LUNFFBL X 2020-02-21,26.526416215896717
LUNFFBL X 2020-02-22,23.464599925898696
LUNFFBL X 2020-02-23,38.903263690907444
LUNFFBL X 2020-02-24,42.94368255044693
LUNFFBL X 2020-02-25,20.284946693151078
LUNFFBL X 2020-02-26,21.673432095936
LUNFFBL X 2020-02-27,17.539799915151857
LUNFFBL X 2020-02-28,30.450086436204955
LUNFFBL X 2020-02-29,36.807985802629
LUNFFBL X 2020-03-01,23.955502921096475
LUNFFBL X 2020-03-02,32.82391891146177
LUNFFBL X 2020-03-03,37.151572122776585
LUNFFBL X 2020-03-04,41.09828863110571
LUNFFBL X 2020-03-05,44.59531635894533
LUNFFBL X 2020-03-06,46.95797714987621
LUNFFBL X 2020-03-07,45.68977525221508
LUNFFBL X 2020-03-08,43.268166451724426
LUNFFBL X 2020-03-09,53.98771493847915
LUNFFBL X 2020-03-10,55.126058300857906
LUNFFBL X 2020-03-11,52.04356158801368
LUNFFBL X 2020-03-12,57.76925027740491
LUNFFBL X 2020-03-13,54.227455296484784
LUNFFBL X 2020-03-14,49.102398290307704
LUNFFBL X 2020-03-15,38.128451984945016
LUNFFBL X 2020-03-16,44.42896909873989
LUNFFBL X 2020-03-17,44.24596211460189
LUNFFBL X 2020-03-18,44.56962786460272
LUNFFBL X 2020-03-19,37.00058828236843
LUNFFBL X 2020-03-20,31.49438968859436
LUNFFBL X 2020-03-21,20.44268292624493
LUNFFBL X 2020-03-22,27.663517528166686
LUNFFBL X 2020-03-23,32.3095857088007
LUNFFBL X 2020-03-24,36.111224107578
LUNFFBL X 2020-03-25,40.82305686794037
LUNFFBL X 2020-03-26,49.464274908421544
LUNFFBL X 2020-03-27,47.23128377776647
LUNFFBL X 2020-03-28,22.18168037609117
LUNFFBL X 2020-03-29,24.46543851186486
LUNFFBL X 2020-03-30,25.75787336357702
LUNFFBL X 2020-03-31,26.794331347474312
LUNFFBL X 2020-04-01,32.983359373525886
LUNFFBL X 2020-04-02,26.54533362777137
LUNFFBL X 2020-04-03,22.28629250797118
LUNFFBL X 2020-04-04,39.263749747466285
M2NF5RJ X 2020-01-02,49.40202659184093
M2NF5RJ X 2020-01-03,40.116102350499624
M2NF5RJ X 2020-01-04,37.711145738952254
M2NF5RJ X 2020-01-05,28.983305453007425
M2NF5RJ X 2020-01-06,33.75636114921053
M2NF5RJ X 2020-01-07,54.88404315215572
M2NF5RJ X 2020-01-17,43.16300255106061
M2NF5RJ X 2020-01-18,35.53330412457048
M2NF5RJ X 2020-02-14,29.995325169439404
M2NF5RJ X 2020-02-15,35.04554072691054
M2NF5RJ X 2020-02-16,31.260745063085643
M2NF5RJ X 2020-02-17,42.90118829180183
M2NF5RJ X 2020-02-27,44.19659990458554
M2NF5RJ X 2020-02-28,47.95348179408686
M2NF5RJ X 2020-02-29,51.79516573607963
M2NF5RJ X 2020-03-01,52.36832803400487
M2NF5RJ X 2020-03-02,28.673725441455737
M2NF5RJ X 2020-03-03,40.94269953078887
M2NF5RJ X 2020-03-04,48.5872082103239
M2NF5RJ X 2020-03-05,45.95986402564813
M2NF5RJ X 2020-03-06,36.035528947715555
M2NF5RJ X 2020-03-07,44.77027092871752
M2NF5RJ X 2020-03-08,43.07673197431345
M2NF5RJ X 2020-03-09,35.602237321866504
M5C67OC X 2020-01-02,16.833564532062663
M5C67OC X 2020-01-03,9.833196292871506
M5C67OC X 2020-01-04,15.318578897978817
M5C67OC X 2020-01-05,22.926809563532892
M5C67OC X 2020-01-06,20.014001523410528
M5C67OC X 2020-01-07,19.005164623478926
M5C67OC X 2020-01-08,9.35413289657069
M5C67OC X 2020-01-09,16.927002366996604
M5C67OC X 2020-01-10,24.2688900553794
M5C67OC X 2020-01-11,20.89537542096312
M5C67OC X 2020-01-12,21.801914681036276
M5C67OC X 2020-01-13,12.557907853218254
M5C67OC X 2020-01-14,21.661175599114728
M5C67OC X 2020-01-15,24.603798510189847
M5C67OC X 2020-01-16,12.230745947640493
M5C67OC X 2020-01-17,15.115471986934615
M5C67OC X 2020-01-18,13.9076417335848
M5C67OC X 2020-01-19,17.67726879082602
M5C67OC X 2020-01-20,22.793632586979204
M5C67OC X 2020-01-21,17.669896108771475
M5C67OC X 2020-01-22,16.713187297048794
M5C67OC X 2020-01-23,23.435794447149974
M5C67OC X 2020-01-24,19.33651715228321
M5C67OC X 2020-01-25,30.16876458805423
M5C67OC X 2020-01-26,29.18275862337024
M5C67OC X 2020-01-27,20.90185984097209
M5C67OC X 2020-01-28,8.312018689266285
M5C67OC X 2020-01-29,31.505733335939638
M5C67OC X 2020-01-30,24.320546177239727
M5C67OC X 2020-01-31,12.11014065271688
M5C67OC X 2020-02-01,17.27711857282671
M5C67OC X 2020-02-02,15.540909983331016
M5C67OC X 2020-02-03,10.231217209731469
M5C67OC X 2020-02-04,12.700464619516968
M5C67OC X 2020-02-05,22.21262320717044
M5C67OC X 2020-02-06,25.44100437465253
M5C67OC X 2020-02-07,26.38335741129989
M5C67OC X 2020-02-08,36.35956465752142
M5C67OC X 2020-02-09,26.519638281960695
M5C67OC X 2020-02-10,14.225902517242975
M5C67OC X 2020-02-11,15.532987179011663
M5C67OC X 2020-02-12,14.461988398048582
M5C67OC X 2020-02-13,13.859829322865643
M5C67OC X 2020-02-14,22.78366239962727
M5C67OC X 2020-02-15,9.002953732575651
M5C67OC X 2020-02-16,13.71848842265145
M5C67OC X 2020-02-17,19.337022262677678
M5C67OC X 2020-02-18,15.072681079428463
M5C67OC X 2020-02-19,14.579844212052436
M5C67OC X 2020-02-20,23.360806685481307
M5C67OC X 2020-02-21,12.408685437991775
M5C67OC X 2020-02-22,9.544434545953013
M5C67OC X 2020-02-23,14.095490341109222
M5C67OC X 2020-02-24,16.633289413668344
M5C67OC X 2020-02-25,12.63874998956949
M5C67OC X 2020-02-26,13.674285872366788
M5C67OC X 2020-02-27,14.292572443480239
M5C67OC X 2020-02-28,12.597294109501814
M5C67OC X 2020-02-29,16.35779717484715
M5C67OC X 2020-03-01,12.171723539605242
M5C67OC X 2020-03-02,12.581768669540661
M5C67OC X 2020-03-03,34.3807017899228
M5C67OC X 2020-03-04,18.47519299868606
M5C67OC X 2020-03-05,17.546707311703496
M5C67OC X 2020-03-06,16.015092473375187
M5C67OC X 2020-03-07,31.810104122945795
M5C67OC X 2020-03-08,25.074962084169556
M5C67OC X 2020-03-09,21.12641006869122
M5C67OC X 2020-03-10,15.727287764844032
M5C67OC X 2020-03-11,12.743659650188896
M5C67OC X 2020-03-12,11.821645203553405
M5C67OC X 2020-03-13,13.428445796834733
M5C67OC X 2020-03-14,19.148872105556844
M5C67OC X 2020-03-15,24.971102828183305
M5C67OC X 2020-03-16,24.58888039781681
M5C67OC X 2020-03-17,22.78858521207161
M5C67OC X 2020-03-18,15.38678923021271
M5C67OC X 2020-03-19,16.36683674789634
M5C67OC X 2020-03-20,26.709424184829032
M5C67OC X 2020-03-21,29.06958250737849
M5C67OC X 2020-03-22,28.937707050447216
M5C67OC X 2020-03-23,14.743235655227299
M5C67OC X 2020-03-24,34.69670687852425
M5C67OC X 2020-03-25,31.14282756751787
M5C67OC X 2020-03-26,27.75329975603489
M5C67OC X 2020-03-27,32.49434123918391
M5C67OC X 2020-03-28,20.100064042034454
M5C67OC X 2020-03-29,16.69254078802837
M5C67OC X 2020-03-30,15.851133550348937
M5C67OC X 2020-03-31,26.441627525038996
M5C67OC X 2020-04-01,21.978458463381028
M5C67OC X 2020-04-02,21.992787320983332
M5C67OC X 2020-04-03,16.978776607332865
M5C67OC X 2020-04-04,22.389890207230764
M9Z8DED X 2020-01-02,36.81028732416476
M9Z8DED X 2020-01-03,25.966423766403082
M9Z8DED X 2020-01-04,37.7678388841959
M9Z8DED X 2020-01-05,19.96597863022006
M9Z8DED X 2020-01-06,30.470211861648927
M9Z8DED X 2020-01-07,39.73879082454552
M9Z8DED X 2020-01-08,20.36353327621877
M9Z8DED X 2020-01-09,17.523144126361423
M9Z8DED X 2020-01-10,50.419589961981025
M9Z8DED X 2020-01-11,26.904681972810103
M9Z8DED X 2020-01-12,16.088142060173148
M9Z8DED X 2020-01-13,65.57885922552408
M9Z8DED X 2020-01-14,106.63288529422717
M9Z8DED X 2020-01-15,33.771970579882485
M9Z8DED X 2020-01-16,21.018996780192694
M9Z8DED X 2020-01-17,22.389599756464737
M9Z8DED X 2020-01-18,41.94208759440004
M9Z8DED X 2020-01-19,21.24921823534458
M9Z8DED X 2020-01-20,48.4554160015831
M9Z8DED X 2020-01-21,28.946087852449786
M9Z8DED X 2020-01-22,42.92729892379065
M9Z8DED X 2020-01-23,50.22526517201984
M9Z8DED X 2020-01-24,82.3010412048353
M9Z8DED X 2020-01-25,34.53518916460314
M9Z8DED X 2020-01-26,24.101929955379703
M9Z8DED X 2020-01-27,17.899571139818896
M9Z8DED X 2020-01-28,20.449701097631493
M9Z8DED X 2020-01-29,48.87488685821547
M9Z8DED X 2020-01-30,64.90231920405988
M9Z8DED X 2020-01-31,65.04878155953683
M9Z8DED X 2020-02-01,73.5007539888295
M9Z8DED X 2020-02-02,39.064457078262876
M9Z8DED X 2020-02-03,59.40767295680921
M9Z8DED X 2020-02-04,38.27652343967793
M9Z8DED X 2020-02-05,20.687804151406425
M9Z8DED X 2020-02-06,21.915005090476036
M9Z8DED X 2020-02-07,18.16211856252709
M9Z8DED X 2020-02-08,30.634541646155412
M9Z8DED X 2020-02-09,57.59173528389327
M9Z8DED X 2020-02-10,37.70241523192145
M9Z8DED X 2020-02-11,49.182595168201686
M9Z8DED X 2020-02-12,36.0993099355319
M9Z8DED X 2020-02-13,39.172345885749095
M9Z8DED X 2020-02-14,25.92550775515076
M9Z8DED X 2020-02-15,48.52136965887509
M9Z8DED X 2020-02-16,34.592943019663025
M9Z8DED X 2020-02-17,35.871493561090126
M9Z8DED X 2020-02-18,33.17621578750751
M9Z8DED X 2020-02-19,23.599679537596003
M9Z8DED X 2020-02-20,26.36079886675939
M9Z8DED X 2020-02-21,45.134401958723224
M9Z8DED X 2020-02-22,41.77335260414225
M9Z8DED X 2020-02-23,37.2422010617256
M9Z8DED X 2020-02-24,57.94668962719018
M9Z8DED X 2020-02-25,53.813495398288296
M9Z8DED X 2020-02-26,31.385954219200812
M9Z8DED X 2020-02-27,14.095082700358788
M9Z8DED X 2020-02-28,20.608514748031382
M9Z8DED X 2020-02-29,28.214260180919055
M9Z8DED X 2020-03-01,42.14366571655075
M9Z8DED X 2020-03-02,47.12226475416277
M9Z8DED X 2020-03-03,57.29052713505274
M9Z8DED X 2020-03-04,33.20051644826864
M9Z8DED X 2020-03-05,42.70360726705639
M9Z8DED X 2020-03-06,41.18602158860655
M9Z8DED X 2020-03-07,36.39020438303691
M9Z8DED X 2020-03-08,60.11351306761945
M9Z8DED X 2020-03-09,30.261049542078652
M9Z8DED X 2020-03-10,22.954603574827537
M9Z8DED X 2020-03-11,29.841129801970602
M9Z8DED X 2020-03-12,38.88783593746961
M9Z8DED X 2020-03-13,20.359746273676162
M9Z8DED X 2020-03-14,12.964391370520069
M9Z8DED X 2020-03-15,27.71943927178708
M9Z8DED X 2020-03-16,53.83304971344285
M9Z8DED X 2020-03-17,37.405991200548954
M9Z8DED X 2020-03-18,37.770945623428396
M9Z8DED X 2020-03-19,30.684616145023774
M9Z8DED X 2020-03-20,41.17459647094178
M9Z8DED X 2020-03-21,19.30319008769448
M9Z8DED X 2020-03-22,50.62443920985012
M9Z8DED X 2020-03-23,35.870282367253594
M9Z8DED X 2020-03-24,51.03482103356047
M9Z8DED X 2020-03-25,38.202777670913136
M9Z8DED X 2020-03-26,63.494027425606404
M9Z8DED X 2020-03-27,35.78777368283089
M9Z8DED X 2020-03-28,34.91590321550086
M9Z8DED X 2020-03-29,14.897621470189677
M9Z8DED X 2020-03-30,15.18393999843217
M9Z8DED X 2020-03-31,16.42382857488107
M9Z8DED X 2020-04-01,19.160606259158094
M9Z8DED X 2020-04-02,50.330255017215016
M9Z8DED X 2020-04-03,16.776666976843238
M9Z8DED X 2020-04-04,29.32649275927335
MDMU646 X 2020-01-02,46.11919618935164
MDMU646 X 2020-01-03,61.896501714978456
MDMU646 X 2020-01-04,35.45662467937701
MDMU646 X 2020-01-05,36.13815463589945
MDMU646 X 2020-01-06,44.88832124707079
MDMU646 X 2020-01-07,47.0589869688709
MDMU646 X 2020-01-08,54.97749925479718
MDMU646 X 2020-01-09,44.98716823108837
MDMU646 X 2020-01-10,43.04262147294427
MDMU646 X 2020-01-11,31.896599315684007
MDMU646 X 2020-01-12,30.956706424502286
MDMU646 X 2020-01-13,38.84326976345486
MDMU646 X 2020-01-14,49.3093105839789
MDMU646 X 2020-01-15,51.853609296736664
MDMU646 X 2020-01-16,41.6906706209828
MDMU646 X 2020-01-17,39.75152145522874
MDMU646 X 2020-01-18,27.58734768556525
MDMU646 X 2020-01-19,43.11111068991708
MDMU646 X 2020-01-20,33.46060244152402
MDMU646 X 2020-01-21,37.538177327008455
MDMU646 X 2020-01-22,57.0650847699668
MDMU646 X 2020-01-23,34.00016665411945
MDMU646 X 2020-01-24,45.02364263955705
MDMU646 X 2020-01-25,31.91347862642528
MDMU646 X 2020-01-26,38.81711298402808
MDMU646 X 2020-01-27,73.18757063854916
MDMU646 X 2020-01-28,50.20936164869789
MDMU646 X 2020-01-29,67.20870841290362
MDMU646 X 2020-01-30,60.025331830389234
MDMU646 X 2020-01-31,40.74081683026712
MDMU646 X 2020-02-01,39.75627820731353
MDMU646 X 2020-02-02,35.05319188920773
MDMU646 X 2020-02-03,57.5611239543058
MDMU646 X 2020-02-04,58.17859581622494
MDMU646 X 2020-02-05,43.28250089702008
MDMU646 X 2020-02-06,53.226053806005595
MDMU646 X 2020-02-07,57.672952970517215
MDMU646 X 2020-02-08,50.279163485358794
MDMU646 X 2020-02-09,49.272344181587165
MDMU646 X 2020-02-10,48.42269507754543
MDMU646 X 2020-02-11,45.59316073703834
MDMU646 X 2020-02-12,56.82150878497447
MDMU646 X 2020-02-13,54.561200697423054
MDMU646 X 2020-02-14,44.04270416342889
MDMU646 X 2020-02-15,44.84175480757492
MDMU646 X 2020-02-16,44.14854383538243
MDMU646 X 2020-02-17,39.96739168159984
MDMU646 X 2020-02-18,77.20115717400418
MDMU646 X 2020-02-19,64.08665803364786
MDMU646 X 2020-02-20,28.569718363713434
MDMU646 X 2020-02-21,26.78657487264185
MDMU646 X 2020-02-22,43.153254592922224
MDMU646 X 2020-02-23,49.34576587827395
MDMU646 X 2020-02-24,62.74854711377213
MDMU646 X 2020-02-25,74.40137188402907
MDMU646 X 2020-02-26,49.663559261235065
MDMU646 X 2020-02-27,45.86397973471369
MDMU646 X 2020-02-28,70.75743386605298
MDMU646 X 2020-02-29,59.838219812969726
MDMU646 X 2020-03-01,41.46036839966854
MDMU646 X 2020-03-02,51.25165087536718
MDMU646 X 2020-03-03,51.47961309433935
MDMU646 X 2020-03-04,49.95786137162853
MDMU646 X 2020-03-05,42.74353966939012
MDMU646 X 2020-03-06,61.642456965702436
MDMU646 X 2020-03-07,28.32837365443671
MDMU646 X 2020-03-08,47.902033700588085
MDMU646 X 2020-03-09,35.699306309165756
MDMU646 X 2020-03-10,73.33646256231766
MDMU646 X 2020-03-11,76.36341676833952
MDMU646 X 2020-03-12,71.66378921629403
MDMU646 X 2020-03-13,40.76166115893565
MDMU646 X 2020-03-14,49.69821961778852
MDMU646 X 2020-03-15,70.14114027269764
MDMU646 X 2020-03-16,49.7171202793728
MDMU646 X 2020-03-17,50.395518354435566
MDMU646 X 2020-03-18,54.97861881941078
MDMU646 X 2020-03-19,42.608731574744326
MDMU646 X 2020-03-20,54.21405456033626
MDMU646 X 2020-03-21,48.96587391562167
MDMU646 X 2020-03-22,58.60125308890996
MDMU646 X 2020-03-23,53.70316124797369
MDMU646 X 2020-03-24,49.40156113144186
MDMU646 X 2020-03-25,40.95055089935647
MDMU646 X 2020-03-26,44.6379211184039
MDMU646 X 2020-03-27,56.81721389106603
MDMU646 X 2020-03-28,67.46100517231609
MDMU646 X 2020-03-29,38.84530290894593
MDMU646 X 2020-03-30,55.92940839932152
MDMU646 X 2020-03-31,48.40995899677794
MDMU646 X 2020-04-01,64.2976948951492
MDMU646 X 2020-04-02,50.375426341645635
MDMU646 X 2020-04-03,89.69296250997634
MDMU646 X 2020-04-04,72.08005221683486
MELPBP8 X 2020-01-03,60.61661662366366
MELPBP8 X 2020-01-04,28.701750996145748
MELPBP8 X 2020-01-05,44.15385413488748
MELPBP8 X 2020-01-06,60.24106445223778
MELPBP8 X 2020-01-07,62.25279768623082
MELPBP8 X 2020-01-08,45.33937917136382
MELPBP8 X 2020-01-14,25.503051553723054
MELPBP8 X 2020-01-15,23.990472795589
MELPBP8 X 2020-01-16,45.43781509156563
MELPBP8 X 2020-01-17,18.83418886584564
MELPBP8 X 2020-01-18,26.501878599699772
MELPBP8 X 2020-01-19,33.487657421836694
MELPBP8 X 2020-01-20,34.79396188494769
MELPBP8 X 2020-01-21,39.591167875848136
MELPBP8 X 2020-01-22,95.73465857522923
MELPBP8 X 2020-01-23,59.6340822055122
MELPBP8 X 2020-01-24,83.7240562515773
MELPBP8 X 2020-01-25,93.91787258863302
MELPBP8 X 2020-01-26,96.11570043167501
MELPBP8 X 2020-01-27,30.99634863861332
MELPBP8 X 2020-01-28,13.667323558654036
MELPBP8 X 2020-01-29,16.736083819209945
MELPBP8 X 2020-01-30,30.787603867253715
MELPBP8 X 2020-01-31,14.567722467480117
MELPBP8 X 2020-02-01,30.599966499869474
MELPBP8 X 2020-02-02,9.213337730376814
MELPBP8 X 2020-02-03,20.475344282903098
MELPBP8 X 2020-02-04,10.615782227215643
MELPBP8 X 2020-02-05,27.160172266944144
MELPBP8 X 2020-02-06,23.885562045772865
MELPBP8 X 2020-02-07,71.18941984627337
MELPBP8 X 2020-02-08,65.3744135381513
MELPBP8 X 2020-02-09,44.509451063835705
MELPBP8 X 2020-02-10,24.237855090635954
MELPBP8 X 2020-02-11,19.23034396652179
MELPBP8 X 2020-02-12,21.02314611380579
MELPBP8 X 2020-02-13,40.10436371628023
MELPBP8 X 2020-02-14,23.835605923710297
MELPBP8 X 2020-02-15,51.7213855030952
MELPBP8 X 2020-02-16,35.09978243297714
MELPBP8 X 2020-02-17,12.59971645654317
MELPBP8 X 2020-02-18,12.973950566132348
MELPBP8 X 2020-02-19,19.54431706369826
MELPBP8 X 2020-02-20,20.11797184697474
MELPBP8 X 2020-02-21,25.684352710789625
MELPBP8 X 2020-02-22,56.41927270371218
MELPBP8 X 2020-02-23,29.279648525604806
MELPBP8 X 2020-02-24,17.429289961719025
MELPBP8 X 2020-02-25,24.609850245351012
MELPBP8 X 2020-02-26,18.057520831216188
MELPBP8 X 2020-02-27,46.63742101334089
MELPBP8 X 2020-02-28,54.06425931376746
MELPBP8 X 2020-02-29,20.931957437848848
MELPBP8 X 2020-03-01,21.63111114175979
MELPBP8 X 2020-03-02,17.450938509602796
MELPBP8 X 2020-03-03,22.682107975442342
MELPBP8 X 2020-03-04,30.84754611162449
MELPBP8 X 2020-03-05,22.659415046757978
MELPBP8 X 2020-03-06,9.082932612403447
MELPBP8 X 2020-03-07,37.18431583812977
MELPBP8 X 2020-03-08,44.26561919160479
MELPBP8 X 2020-03-09,20.458507694362318
MELPBP8 X 2020-03-10,27.762543621076638
MELPBP8 X 2020-03-11,19.70289102676206
MELPBP8 X 2020-03-12,18.71793750792958
MELPBP8 X 2020-03-13,19.66297239995286
MELPBP8 X 2020-03-14,44.83384016841414
MELPBP8 X 2020-03-15,49.76498788122776
MELPBP8 X 2020-03-16,30.573123768294735
MELPBP8 X 2020-03-17,46.6864003503243
MELPBP8 X 2020-03-18,50.547551718683174
MELPBP8 X 2020-03-19,45.83431011744068
MELPBP8 X 2020-03-20,60.06622774562197
MELPBP8 X 2020-03-21,45.0758953202382
MELPBP8 X 2020-03-22,36.14373612395455
MELPBP8 X 2020-03-23,30.839451057868935
MELPBP8 X 2020-03-24,29.20387135201827
MELPBP8 X 2020-03-25,48.30217017405642
MELPBP8 X 2020-03-26,61.488372720119614
MELPBP8 X 2020-03-27,54.18696075150796
MELPBP8 X 2020-03-28,62.169648009571844
MELPBP8 X 2020-03-29,34.89819875093077
MELPBP8 X 2020-03-30,30.144382797120365
MELPBP8 X 2020-03-31,25.969638860003712
MELPBP8 X 2020-04-01,23.51553513206087
MELPBP8 X 2020-04-02,61.86043386760154
MELPBP8 X 2020-04-03,57.705319836285014
MELPBP8 X 2020-04-04,44.624730251902804
MN4JVH4 X 2020-01-02,63.932195070272854
MN4JVH4 X 2020-01-03,81.60234253663333
MN4JVH4 X 2020-01-04,91.5143623247839
MN4JVH4 X 2020-01-05,74.65051461422352
MN4JVH4 X 2020-01-06,74.1709025098795
MN4JVH4 X 2020-01-07,44.10034714968837
MN4JVH4 X 2020-01-08,33.84764301203653
MN4JVH4 X 2020-01-09,65.4691262265842
MN4JVH4 X 2020-01-10,70.94984628181733
MN4JVH4 X 2020-01-11,94.10238554934942
MN4JVH4 X 2020-01-12,81.06551641768634
MN4JVH4 X 2020-01-13,27.252023383522832
MN4JVH4 X 2020-01-14,105.41007627759028
MN4JVH4 X 2020-01-15,103.51171304041287
MN4JVH4 X 2020-01-16,86.14364476416581
MN4JVH4 X 2020-01-17,66.16064881008268
MN4JVH4 X 2020-01-18,61.659640838836665
MN4JVH4 X 2020-01-19,86.19738806618376
MN4JVH4 X 2020-01-20,99.80767558439318
MN4JVH4 X 2020-01-21,48.19327770496806
MN4JVH4 X 2020-01-22,87.051725550351
MN4JVH4 X 2020-01-23,99.23804606676198
MN4JVH4 X 2020-01-24,53.559129487196394
MN4JVH4 X 2020-01-25,119.99387938980529
MN4JVH4 X 2020-01-26,101.99104222501144
MN4JVH4 X 2020-01-27,110.82834616557874
MN4JVH4 X 2020-01-28,73.0778562376373
MN4JVH4 X 2020-01-29,66.589373567306
MN4JVH4 X 2020-01-30,97.79929608446149
MN4JVH4 X 2020-01-31,26.634711922130094
MN4JVH4 X 2020-02-01,57.36089904110301
MN4JVH4 X 2020-02-02,76.17325970641024
MN4JVH4 X 2020-02-03,90.58873085750183
MN4JVH4 X 2020-02-04,71.81216022316015
MN4JVH4 X 2020-02-05,69.94656253615913
MN4JVH4 X 2020-02-06,49.50809282737804
MN4JVH4 X 2020-02-07,55.12879934087675
MN4JVH4 X 2020-02-08,48.07740524523332
MN4JVH4 X 2020-02-09,81.74535821106412
MN4JVH4 X 2020-02-10,97.51163326034762
MN4JVH4 X 2020-02-11,86.69213347491008
MN4JVH4 X 2020-02-12,72.15113830111976
MN4JVH4 X 2020-02-13,66.03062618174954
MN4JVH4 X 2020-02-14,90.33394377704407
MN4JVH4 X 2020-02-15,111.56146940967614
MN4JVH4 X 2020-02-16,102.31795257120193
MN4JVH4 X 2020-02-17,76.40709453344805
MN4JVH4 X 2020-02-18,81.07086590647776
MN4JVH4 X 2020-02-19,83.69844782554617
MN4JVH4 X 2020-02-20,81.56206297817496
MN4JVH4 X 2020-02-21,69.96366608764865
MN4JVH4 X 2020-02-22,57.48729159517826
MN4JVH4 X 2020-02-23,66.32898984914243
MN4JVH4 X 2020-02-24,82.4040151395538
MN4JVH4 X 2020-02-25,28.52433265032618
MN4JVH4 X 2020-02-26,108.14068259129316
MN4JVH4 X 2020-02-27,79.8706269293207
MN4JVH4 X 2020-02-28,78.82059560854165
MN4JVH4 X 2020-02-29,75.67079803723837
MN4JVH4 X 2020-03-01,50.326920207136205
MN4JVH4 X 2020-03-02,78.11044965210672
MN4JVH4 X 2020-03-03,64.28314731976143
MN4JVH4 X 2020-03-04,42.7262334708122
MN4JVH4 X 2020-03-05,49.35375462449483
MN4JVH4 X 2020-03-06,43.97758813648495
MN4JVH4 X 2020-03-07,55.02678759222557
MN4JVH4 X 2020-03-08,58.04464677001539
MN4JVH4 X 2020-03-09,50.25128724845865
MN4JVH4 X 2020-03-10,37.3734797063343
MN4JVH4 X 2020-03-11,62.00393019091824
MN4JVH4 X 2020-03-12,60.3149688751387
MN4JVH4 X 2020-03-13,47.60767764086945
MN4JVH4 X 2020-03-14,55.18063047372371
MN4JVH4 X 2020-03-15,68.13097582463787
MN4JVH4 X 2020-03-16,38.10328417555052
MN4JVH4 X 2020-03-17,47.52775367043378
MN4JVH4 X 2020-03-18,41.64461199533982
MN4JVH4 X 2020-03-19,63.523708360155354
MN4JVH4 X 2020-03-20,38.04982732331614
MN4JVH4 X 2020-03-21,47.22262525069042
MN4JVH4 X 2020-03-22,67.32361271642758
MN4JVH4 X 2020-03-23,67.82638768267672
MN4JVH4 X 2020-03-24,53.24228750362297
MN4JVH4 X 2020-03-25,45.194917378748336
MN4JVH4 X 2020-03-26,46.48241105339249
MN4JVH4 X 2020-03-27,49.015043143420534
MN4JVH4 X 2020-03-28,26.08917733961858
MN4JVH4 X 2020-03-29,34.73985266828166
MN4JVH4 X 2020-03-30,30.02203503408181
MN4JVH4 X 2020-03-31,65.56282389096496
MN4JVH4 X 2020-04-01,55.447596172044115
MN4JVH4 X 2020-04-02,65.56233854251649
MN4JVH4 X 2020-04-03,62.88909090036135
MN4JVH4 X 2020-04-04,61.033846586153174
MNOX0WS X 2020-01-02,19.875822207766582
MNOX0WS X 2020-01-03,19.2697336671047
MNOX0WS X 2020-01-04,18.914872753566662
MNOX0WS X 2020-01-05,17.888244233129225
MNOX0WS X 2020-01-06,9.689612966546807
MNOX0WS X 2020-01-07,17.3583485104521
MNOX0WS X 2020-01-08,12.25793976989226
MNOX0WS X 2020-01-09,11.357462207289018
MNOX0WS X 2020-01-10,16.754564077946906
MNOX0WS X 2020-01-11,19.167689759115518
MNOX0WS X 2020-01-12,13.279355446595765
MNOX0WS X 2020-01-13,20.699158674152677
MNOX0WS X 2020-01-14,20.874710354844876
MNOX0WS X 2020-01-15,18.777847990892447
MNOX0WS X 2020-01-16,23.365394579371497
MNOX0WS X 2020-01-17,17.854229992403486
MNOX0WS X 2020-01-18,16.115530438150287
MNOX0WS X 2020-01-19,18.3767395490529
MNOX0WS X 2020-01-20,19.36320410703867
MNOX0WS X 2020-01-21,26.03651932041339
MNOX0WS X 2020-01-22,15.216349833624697
MNOX0WS X 2020-01-23,19.283916191233583
MNOX0WS X 2020-01-24,17.093448261211726
MNOX0WS X 2020-01-25,15.94956802824063
MNOX0WS X 2020-01-26,21.41512047662774
MNOX0WS X 2020-01-27,16.644293292593314
MNOX0WS X 2020-01-28,18.290894238630543
MNOX0WS X 2020-01-29,16.414402627508963
MNOX0WS X 2020-01-30,18.406700639306337
MNOX0WS X 2020-01-31,22.909221114470565
MNOX0WS X 2020-02-01,23.363394894434194
MNOX0WS X 2020-02-02,70.0959103636974
MNOX0WS X 2020-02-03,21.735010633260313
MNOX0WS X 2020-02-04,17.580964774536632
MNOX0WS X 2020-02-05,15.215385927598621
MNOX0WS X 2020-02-06,14.696736499084217
MNOX0WS X 2020-02-07,8.479761711171758
MNOX0WS X 2020-02-08,13.330726294844848
MNOX0WS X 2020-02-09,9.66380024730882
MNOX0WS X 2020-02-10,14.49845639244008
MNOX0WS X 2020-02-11,14.668075212285892
MNOX0WS X 2020-02-12,24.8014479847087
MNOX0WS X 2020-02-13,18.04868884663171
MNOX0WS X 2020-02-14,11.15588160174553
MNOX0WS X 2020-02-15,18.290787860362787
MNOX0WS X 2020-02-16,14.417542439412973
MNOX0WS X 2020-02-17,13.855373127203315
MNOX0WS X 2020-02-18,18.40684431727836
MNOX0WS X 2020-02-19,22.015860806370938
MNOX0WS X 2020-02-20,13.891001165733897
MNOX0WS X 2020-02-21,12.042184716966364
MNOX0WS X 2020-02-22,15.643090966775166
MNOX0WS X 2020-02-23,14.272103911939684
MNOX0WS X 2020-02-24,13.302934709172849
MNOX0WS X 2020-02-25,13.71145272741251
MNOX0WS X 2020-02-26,11.370587770175455
MNOX0WS X 2020-02-27,17.51326226127994
MNOX0WS X 2020-02-28,17.68035192659032
MNOX0WS X 2020-02-29,14.655375075727562
MNOX0WS X 2020-03-01,14.890206376557977
MNOX0WS X 2020-03-02,14.759545271015291
MNOX0WS X 2020-03-03,15.831915075831525
MNOX0WS X 2020-03-04,16.48073810303596
MNOX0WS X 2020-03-05,14.260767067092758
MNOX0WS X 2020-03-06,11.562547113295182
MNOX0WS X 2020-03-07,15.610379078230643
MNOX0WS X 2020-03-08,17.151782195202628
MNOX0WS X 2020-03-09,14.390936040083819
MNOX0WS X 2020-03-10,8.844404522743432
MNOX0WS X 2020-03-11,13.006735362488943
MNOX0WS X 2020-03-12,12.22440332296621
MNOX0WS X 2020-03-13,18.836053098512895
MNOX0WS X 2020-03-14,20.113955023750382
MNOX0WS X 2020-03-15,20.55191437978276
MNOX0WS X 2020-03-16,19.962795568515794
MNOX0WS X 2020-03-17,9.388680420664404
MNOX0WS X 2020-03-18,12.87056275619723
MNOX0WS X 2020-03-19,16.1843153237725
MNOX0WS X 2020-03-20,12.78908643923306
MNOX0WS X 2020-03-21,10.897504936345722
MNOX0WS X 2020-03-22,15.237471139239076
MNOX0WS X 2020-03-23,16.59112649196062
MNOX0WS X 2020-03-24,12.612794332452811
MNOX0WS X 2020-03-25,17.54755969253982
MNOX0WS X 2020-03-26,12.90372793764029
MNOX0WS X 2020-03-27,13.976655912390019
MNOX0WS X 2020-03-28,12.3995106925924
MNOX0WS X 2020-03-29,18.075592447151628
MNOX0WS X 2020-03-30,17.56834636376082
MNOX0WS X 2020-03-31,17.050093933324167
MNOX0WS X 2020-04-01,22.76243242793715
MNOX0WS X 2020-04-02,20.455751307830376
MNOX0WS X 2020-04-03,22.481881066772264
MNOX0WS X 2020-04-04,28.865435778535698
N04QCJO X 2020-01-02,103.6720140666105
N04QCJO X 2020-01-03,103.45751298268998
N04QCJO X 2020-01-04,140.01559191184646
N04QCJO X 2020-01-05,115.45878623849364
N04QCJO X 2020-01-06,132.53562359519407
N04QCJO X 2020-01-07,142.92295528721814
N04QCJO X 2020-01-08,147.62434261598418
N04QCJO X 2020-01-09,141.11230749035326
N04QCJO X 2020-01-10,136.35155690392048
N04QCJO X 2020-01-11,121.51517713489825
N04QCJO X 2020-01-12,111.08877348453902
N04QCJO X 2020-01-13,115.98233311025906
N04QCJO X 2020-01-14,130.44023837730828
N04QCJO X 2020-01-15,135.2727038529875
N04QCJO X 2020-01-16,120.65742701237555
N04QCJO X 2020-01-17,134.0708739203156
N04QCJO X 2020-01-18,142.0481654357933
N04QCJO X 2020-01-19,146.97942779951325
N04QCJO X 2020-01-20,139.4791311650837
N04QCJO X 2020-01-21,109.22686624712749
N04QCJO X 2020-01-22,119.5550525984316
N04QCJO X 2020-01-23,123.9119942378238
N04QCJO X 2020-01-24,95.99626146435493
N04QCJO X 2020-01-25,75.66620014633135
N04QCJO X 2020-01-26,111.92295391200733
N04QCJO X 2020-01-27,100.71837123553094
N04QCJO X 2020-01-28,112.99873149529363
N04QCJO X 2020-01-29,142.57678467881811
N04QCJO X 2020-01-30,123.09901828901003
N04QCJO X 2020-01-31,147.15797308315564
N04QCJO X 2020-02-01,157.78619929705752
N04QCJO X 2020-02-02,154.82772980004341
N04QCJO X 2020-02-03,146.49158657311182
N04QCJO X 2020-02-04,133.06693678737736
N04QCJO X 2020-02-05,118.45993190504754
N04QCJO X 2020-02-06,108.09329481193268
N04QCJO X 2020-02-07,108.01781337734299
N04QCJO X 2020-02-08,118.1901196269548
N04QCJO X 2020-02-09,134.14413421235247
N04QCJO X 2020-02-10,138.24013978875485
N04QCJO X 2020-02-11,126.3063618766213
N04QCJO X 2020-02-12,108.06889127360022
N04QCJO X 2020-02-13,75.47306877618493
N04QCJO X 2020-02-14,71.68034186160887
N04QCJO X 2020-02-15,99.72286949144578
N04QCJO X 2020-02-16,81.95439607464387
N04QCJO X 2020-02-17,96.5275952500724
N04QCJO X 2020-02-18,106.44830372410615
N04QCJO X 2020-02-19,170.73536473287896
N04QCJO X 2020-02-20,177.4129203161043
N04QCJO X 2020-02-21,157.65585157371214
N04QCJO X 2020-02-22,158.308369751395
N04QCJO X 2020-02-23,146.72493185097073
N04QCJO X 2020-02-24,176.26227364495065
N04QCJO X 2020-02-25,155.80820950034797
N04QCJO X 2020-02-26,122.62123004757721
N04QCJO X 2020-02-27,101.99787240590766
N04QCJO X 2020-02-28,78.2533114037259
N04QCJO X 2020-02-29,95.91070497355642
N04QCJO X 2020-03-01,80.90447814298001
N04QCJO X 2020-03-02,79.90285900252826
N04QCJO X 2020-03-03,79.4936947121998
N04QCJO X 2020-03-04,72.55532490953776
N04QCJO X 2020-03-05,69.75417813644889
N04QCJO X 2020-03-06,69.278994997882
N04QCJO X 2020-03-07,71.24535132656827
N04QCJO X 2020-03-08,81.12546367850331
N04QCJO X 2020-03-09,118.59829387255222
N04QCJO X 2020-03-10,102.88474629383396
N04QCJO X 2020-03-11,106.96541198559233
N04QCJO X 2020-03-12,87.31414557011915
N04QCJO X 2020-03-13,81.65778179044916
N04QCJO X 2020-03-14,75.0200892223665
N04QCJO X 2020-03-15,67.90153989580968
N04QCJO X 2020-03-16,99.86768620130087
N04QCJO X 2020-03-17,74.4251085245782
N04QCJO X 2020-03-18,80.22668638780196
N04QCJO X 2020-03-19,75.76635472611316
N04QCJO X 2020-03-20,80.42176036757206
N04QCJO X 2020-03-21,76.47412730360772
N04QCJO X 2020-03-22,78.7284713206403
N04QCJO X 2020-03-23,73.80265788291365
N04QCJO X 2020-03-24,70.23199321384654
N04QCJO X 2020-03-25,68.96422383531822
N04QCJO X 2020-03-26,73.72922042542426
N04QCJO X 2020-03-27,66.97010272695128
N04QCJO X 2020-03-28,73.01727047651362
N04QCJO X 2020-03-29,72.52285790452878
N04QCJO X 2020-03-30,67.68683859181881
N04QCJO X 2020-03-31,84.66669295720438
N04QCJO X 2020-04-01,75.687103108692
N04QCJO X 2020-04-02,68.11449392663157
N04QCJO X 2020-04-03,72.82858361429406
N04QCJO X 2020-04-04,57.772387363556675
N0O5ZLI X 2020-01-02,36.143514969881906
N0O5ZLI X 2020-01-03,46.8796838675914
N0O5ZLI X 2020-01-04,38.01080089779271
N0O5ZLI X 2020-01-05,28.632930426668437
N0O5ZLI X 2020-01-06,45.72567601540008
N0O5ZLI X 2020-01-07,49.44678461331113
N0O5ZLI X 2020-01-08,41.15752066148923
N0O5ZLI X 2020-01-09,35.75289398667443
N0O5ZLI X 2020-01-10,30.435392631678738
N0O5ZLI X 2020-01-11,37.924007234866814
N0O5ZLI X 2020-01-12,50.33500518018581
N0O5ZLI X 2020-01-13,38.83734395134826
N0O5ZLI X 2020-01-14,50.211900926846795
N0O5ZLI X 2020-01-15,28.023784849642283
N0O5ZLI X 2020-01-16,35.19180700792886
N0O5ZLI X 2020-01-17,53.06385383697287
N0O5ZLI X 2020-01-18,45.16345016868308
N0O5ZLI X 2020-01-19,41.280344156786484
N0O5ZLI X 2020-01-20,56.881336621411165
N0O5ZLI X 2020-01-21,43.78461798570979
N0O5ZLI X 2020-01-22,48.31230430239653
N0O5ZLI X 2020-01-23,52.67978451803213
N0O5ZLI X 2020-01-24,37.69324182983593
N0O5ZLI X 2020-01-25,51.89083454512091
N0O5ZLI X 2020-01-26,54.27626054646039
N0O5ZLI X 2020-01-27,31.27700884099187
N0O5ZLI X 2020-01-28,23.053108240882203
N0O5ZLI X 2020-01-29,42.52420905098321
N0O5ZLI X 2020-01-30,28.822085739480627
N0O5ZLI X 2020-01-31,31.408303102932067
N0O5ZLI X 2020-02-01,30.769147252332807
N0O5ZLI X 2020-02-02,53.57737134355967
N0O5ZLI X 2020-02-03,71.6085226959264
N0O5ZLI X 2020-02-04,49.38463589917451
N0O5ZLI X 2020-02-05,83.51425262808515
N0O5ZLI X 2020-02-06,20.433485135835625
N0O5ZLI X 2020-02-07,58.789413816282845
N0O5ZLI X 2020-02-08,58.91483982338683
N0O5ZLI X 2020-02-09,28.541244727575403
N0O5ZLI X 2020-02-10,75.83974133601673
N0O5ZLI X 2020-02-11,36.208457550043214
N0O5ZLI X 2020-02-12,66.12070068624297
N0O5ZLI X 2020-02-13,57.176490278700214
N0O5ZLI X 2020-02-14,59.138520380893866
N0O5ZLI X 2020-02-15,55.59357442726447
N0O5ZLI X 2020-02-16,39.377480677611935
N0O5ZLI X 2020-02-17,29.1610832105821
N0O5ZLI X 2020-02-18,36.83901494462247
N0O5ZLI X 2020-02-19,62.41940848039769
N0O5ZLI X 2020-02-20,51.74877023990433
N0O5ZLI X 2020-02-21,56.72666278320686
N0O5ZLI X 2020-02-22,58.73510786107302
N0O5ZLI X 2020-02-23,41.16214932974336
N0O5ZLI X 2020-02-24,66.51074499974224
N0O5ZLI X 2020-02-25,62.52238272197734
N0O5ZLI X 2020-02-26,30.248963068464327
N0O5ZLI X 2020-02-27,25.57072073315252
N0O5ZLI X 2020-02-28,30.530066150803712
N0O5ZLI X 2020-02-29,42.60744262802148
N0O5ZLI X 2020-03-01,69.2818480836037
N0O5ZLI X 2020-03-02,66.43281154942596
N0O5ZLI X 2020-03-03,41.37967224374015
N0O5ZLI X 2020-03-04,34.2655852440622
N0O5ZLI X 2020-03-05,33.06021533509616
N0O5ZLI X 2020-03-06,38.2209616273358
N0O5ZLI X 2020-03-07,46.21799617478335
N0O5ZLI X 2020-03-08,38.006697495222355
N0O5ZLI X 2020-03-09,54.2459048127012
N0O5ZLI X 2020-03-10,39.073918595561146
N0O5ZLI X 2020-03-11,39.99221948589561
N0O5ZLI X 2020-03-12,47.289183049657254
N0O5ZLI X 2020-03-13,58.381741382756175
N0O5ZLI X 2020-03-14,52.77690649318725
N0O5ZLI X 2020-03-15,32.844708869167526
N0O5ZLI X 2020-03-16,29.994842559757856
N0O5ZLI X 2020-03-17,65.13027244796976
N0O5ZLI X 2020-03-18,53.342663355275135
N0O5ZLI X 2020-03-19,71.80308814994113
N0O5ZLI X 2020-03-20,45.39694090237013
N0O5ZLI X 2020-03-21,52.891045396746435
N0O5ZLI X 2020-03-22,68.97453549125964
N0O5ZLI X 2020-03-23,35.69003729200542
N0O5ZLI X 2020-03-24,35.32864813251422
N0O5ZLI X 2020-03-25,49.417393935084036
N0O5ZLI X 2020-03-26,80.07393438497469
N0O5ZLI X 2020-03-27,58.875185699483154
N0O5ZLI X 2020-03-28,36.28223196110549
N0O5ZLI X 2020-03-29,48.34067940576467
N0O5ZLI X 2020-03-30,40.9745647154643
N0O5ZLI X 2020-03-31,25.83988122585069
N0O5ZLI X 2020-04-01,17.696006961808116
N0O5ZLI X 2020-04-02,49.44852994025149
N0O5ZLI X 2020-04-03,60.19348148193913
N0O5ZLI X 2020-04-04,57.0760599063901
N0PF0ST X 2020-01-02,70.2673710686918
N0PF0ST X 2020-01-03,40.42382988422063
N0PF0ST X 2020-01-04,19.802990818211015
N0PF0ST X 2020-01-05,49.114817475748445
N0PF0ST X 2020-01-06,45.07873752914314
N0PF0ST X 2020-01-07,47.38986894913352
N0PF0ST X 2020-01-08,37.630606970756574
N0PF0ST X 2020-01-09,26.42836144524523
N0PF0ST X 2020-01-10,25.72577386914955
N0PF0ST X 2020-01-11,57.679528707571336
N0PF0ST X 2020-01-12,22.892460145740152
N0PF0ST X 2020-01-13,28.969769736593683
N0PF0ST X 2020-01-14,38.6387043248684
N0PF0ST X 2020-01-15,20.39097164966155
N0PF0ST X 2020-01-16,42.57533440462841
N0PF0ST X 2020-01-17,51.89598221044105
N0PF0ST X 2020-01-18,26.56406116318282
N0PF0ST X 2020-01-19,35.31992183592773
N0PF0ST X 2020-01-20,50.75587191493318
N0PF0ST X 2020-01-21,58.718483438478046
N0PF0ST X 2020-01-22,40.31667703624878
N0PF0ST X 2020-01-23,48.60331926105427
N0PF0ST X 2020-01-24,61.972745239885256
N0PF0ST X 2020-01-25,65.90595140592006
N0PF0ST X 2020-01-26,79.237795991995
N0PF0ST X 2020-01-27,39.382856941814595
N0PF0ST X 2020-01-28,46.80738153728874
N0PF0ST X 2020-01-29,19.127092188632272
N0PF0ST X 2020-01-30,33.57542314204157
N0PF0ST X 2020-01-31,22.30790519710198
N0PF0ST X 2020-02-01,17.46510200894408
N0PF0ST X 2020-02-02,19.383496441329985
N0PF0ST X 2020-02-03,44.67471318754593
N0PF0ST X 2020-02-04,24.105186996029893
N0PF0ST X 2020-02-05,32.93597132038075
N0PF0ST X 2020-02-06,32.97030120671778
N0PF0ST X 2020-02-07,40.3484500965395
N0PF0ST X 2020-02-08,48.1543856935744
N0PF0ST X 2020-02-09,26.01687076723627
N0PF0ST X 2020-02-10,10.159984331326783
N0PF0ST X 2020-02-11,17.099683069439063
N0PF0ST X 2020-02-12,15.614549749953756
N0PF0ST X 2020-02-13,20.81790997243282
N0PF0ST X 2020-02-14,50.358688785589976
N0PF0ST X 2020-02-15,41.3331171203636
N0PF0ST X 2020-02-16,17.973767570483904
N0PF0ST X 2020-02-17,21.20901377800307
N0PF0ST X 2020-02-18,16.631499346745734
N0PF0ST X 2020-02-19,11.346221793446677
N0PF0ST X 2020-02-20,39.040583543890065
N0PF0ST X 2020-02-21,23.09047833790869
N0PF0ST X 2020-02-22,15.975194594640083
N0PF0ST X 2020-02-23,18.465271605419982
N0PF0ST X 2020-02-24,18.746391647821945
N0PF0ST X 2020-02-25,15.478791334537352
N0PF0ST X 2020-02-26,26.568739230731076
N0PF0ST X 2020-02-27,41.44844712992632
N0PF0ST X 2020-02-28,32.47351206636564
N0PF0ST X 2020-02-29,33.665986539266115
N0PF0ST X 2020-03-01,20.2849157353238
N0PF0ST X 2020-03-02,44.460921065174176
N0PF0ST X 2020-03-03,44.544318988919706
N0PF0ST X 2020-03-04,42.94459593602326
N0PF0ST X 2020-03-05,51.43039077598501
N0PF0ST X 2020-03-06,38.932295568616425
N0PF0ST X 2020-03-07,31.688331582216705
N0PF0ST X 2020-03-08,32.42427490688586
N0PF0ST X 2020-03-09,28.17140543571275
N0PF0ST X 2020-03-10,23.52842826119071
N0PF0ST X 2020-03-11,25.693617278303435
N0PF0ST X 2020-03-12,21.92268472340197
N0PF0ST X 2020-03-13,18.430168173479846
N0PF0ST X 2020-03-14,49.53869297930963
N0PF0ST X 2020-03-15,45.96727390983797
N0PF0ST X 2020-03-16,43.30556211808864
N0PF0ST X 2020-03-17,54.32587753573563
N0PF0ST X 2020-03-18,40.340384687776634
N0PF0ST X 2020-03-19,50.14264842003318
N0PF0ST X 2020-03-20,52.62798325555431
N0PF0ST X 2020-03-21,28.699141894217256
N0PF0ST X 2020-03-22,50.65413991663464
N0PF0ST X 2020-03-23,59.47926528444515
N0PF0ST X 2020-03-24,73.9903100753761
N0PF0ST X 2020-03-25,56.61265851684885
N0PF0ST X 2020-03-26,83.80286597166604
N0PF0ST X 2020-03-27,74.92160033757162
N0PF0ST X 2020-03-28,71.32008402217066
N0PF0ST X 2020-03-29,21.78941024350438
N0PF0ST X 2020-03-30,36.09425609401305
N0PF0ST X 2020-03-31,21.909064029180595
N0PF0ST X 2020-04-01,23.369583334463805
N0PF0ST X 2020-04-02,22.64401354511148
N0PF0ST X 2020-04-03,31.92620022093969
N0PF0ST X 2020-04-04,47.93475250186314
N13GNKZ X 2020-01-02,97.65894007313165
N13GNKZ X 2020-01-03,110.04255040088411
N13GNKZ X 2020-01-04,57.662387887701314
N13GNKZ X 2020-01-05,63.80022874172387
N13GNKZ X 2020-01-06,127.27675075322942
N13GNKZ X 2020-01-07,105.4093758306213
N13GNKZ X 2020-01-08,88.91618508905422
N13GNKZ X 2020-01-09,88.62998162714689
N13GNKZ X 2020-01-10,83.112944330357
N13GNKZ X 2020-01-11,71.63192182687972
N13GNKZ X 2020-01-12,102.11533912711913
N13GNKZ X 2020-01-13,109.88925052794696
N13GNKZ X 2020-01-14,125.26102406234027
N13GNKZ X 2020-01-15,55.86380316395385
N13GNKZ X 2020-01-16,115.60427635408378
N13GNKZ X 2020-01-17,72.49066019639662
N13GNKZ X 2020-01-18,53.89140021899838
N13GNKZ X 2020-01-19,118.6093193476302
N13GNKZ X 2020-01-20,106.87652413996908
N13GNKZ X 2020-01-21,115.94816174776729
N13GNKZ X 2020-01-22,123.22043810247469
N13GNKZ X 2020-01-23,108.75870487836026
N13GNKZ X 2020-01-24,137.32001541243994
N13GNKZ X 2020-01-25,114.83213553640216
N13GNKZ X 2020-01-26,80.4225003821959
N13GNKZ X 2020-01-27,63.78325350582392
N13GNKZ X 2020-01-28,27.920021589213505
N13GNKZ X 2020-01-29,65.36517109308504
N13GNKZ X 2020-01-30,121.87277348569238
N13GNKZ X 2020-01-31,57.43276546306036
N13GNKZ X 2020-02-01,48.26947847133518
N13GNKZ X 2020-02-02,57.85198588953892
N13GNKZ X 2020-02-03,57.68437229456762
N13GNKZ X 2020-02-04,47.738314914788006
N13GNKZ X 2020-02-05,32.09376347035578
N13GNKZ X 2020-02-06,67.66580408958947
N13GNKZ X 2020-02-07,73.98909684962166
N13GNKZ X 2020-02-08,98.01817672177636
N13GNKZ X 2020-02-09,94.90647399885712
N13GNKZ X 2020-02-10,43.08559501760622
N13GNKZ X 2020-02-11,42.75076644469937
N13GNKZ X 2020-02-12,56.87049960914321
N13GNKZ X 2020-02-13,68.30459713646955
N13GNKZ X 2020-02-14,48.737384744594536
N13GNKZ X 2020-02-15,76.4098947151331
N13GNKZ X 2020-02-16,60.25945761591936
N13GNKZ X 2020-02-17,42.1559766558383
N13GNKZ X 2020-02-18,39.677426057742785
N13GNKZ X 2020-02-19,86.3394967740863
N13GNKZ X 2020-02-20,65.50962957674409
N13GNKZ X 2020-02-21,48.072958930378206
N13GNKZ X 2020-02-22,56.822197263150485
N13GNKZ X 2020-02-23,60.681009685554756
N13GNKZ X 2020-02-24,50.145897103081126
N13GNKZ X 2020-02-25,50.28602248961493
N13GNKZ X 2020-02-26,45.5193201793948
N13GNKZ X 2020-02-27,69.4503122731508
N13GNKZ X 2020-02-28,67.5592448930277
N13GNKZ X 2020-02-29,59.01256440592125
N13GNKZ X 2020-03-01,16.537770094502573
N13GNKZ X 2020-03-02,35.438505690981174
N13GNKZ X 2020-03-03,49.223497221940605
N13GNKZ X 2020-03-04,55.68390504746114
N13GNKZ X 2020-03-05,44.30557366230212
N13GNKZ X 2020-03-06,41.21248052745571
N13GNKZ X 2020-03-07,41.20876521129495
N13GNKZ X 2020-03-08,65.71154450469975
N13GNKZ X 2020-03-09,56.04672764463835
N13GNKZ X 2020-03-10,57.38989309292397
N13GNKZ X 2020-03-11,49.59207443848625
N13GNKZ X 2020-03-12,58.005487202400474
N13GNKZ X 2020-03-13,47.89870975190137
N13GNKZ X 2020-03-14,64.37119892487196
N13GNKZ X 2020-03-15,61.05774200248504
N13GNKZ X 2020-03-16,66.22519834003424
N13GNKZ X 2020-03-17,60.95956710111311
N13GNKZ X 2020-03-18,54.61239447555071
N13GNKZ X 2020-03-19,49.86342290191584
N13GNKZ X 2020-03-20,55.12479774142922
N13GNKZ X 2020-03-21,63.74397553167168
N13GNKZ X 2020-03-22,50.97121370827922
N13GNKZ X 2020-03-23,43.31862729284167
N13GNKZ X 2020-03-24,48.91503148661287
N13GNKZ X 2020-03-25,51.82112978922811
N13GNKZ X 2020-03-26,61.10165858558756
N13GNKZ X 2020-03-27,71.11313416986468
N13GNKZ X 2020-03-28,65.06587983537713
N13GNKZ X 2020-03-29,65.82651704732895
N13GNKZ X 2020-03-30,45.34677227428741
N13GNKZ X 2020-03-31,61.30962997399972
N13GNKZ X 2020-04-01,73.10912837204204
N13GNKZ X 2020-04-02,58.21799537730823
N13GNKZ X 2020-04-03,61.632562615761216
N13GNKZ X 2020-04-04,61.87217703097109
N3VJDCH X 2020-01-02,84.05334676592568
N3VJDCH X 2020-01-03,79.64128845062902
N3VJDCH X 2020-01-04,89.68692101419538
N3VJDCH X 2020-01-05,113.89491762628367
N3VJDCH X 2020-01-06,110.65986906028618
N3VJDCH X 2020-01-07,108.39529298585177
N3VJDCH X 2020-01-08,91.81594780965588
N3VJDCH X 2020-01-09,111.02342312831752
N3VJDCH X 2020-01-10,107.77335002406174
N3VJDCH X 2020-01-11,96.92201109359051
N3VJDCH X 2020-01-12,100.3845685048847
N3VJDCH X 2020-01-13,97.41170180465842
N3VJDCH X 2020-01-14,107.70450235252157
N3VJDCH X 2020-01-15,122.05892045909503
N3VJDCH X 2020-01-16,118.69759522625093
N3VJDCH X 2020-01-17,98.6866279851435
N3VJDCH X 2020-01-18,109.94998361469693
N3VJDCH X 2020-01-19,107.24145083744223
N3VJDCH X 2020-01-20,72.1127827110703
N3VJDCH X 2020-01-21,102.83710818562048
N3VJDCH X 2020-01-22,100.46938499672758
N3VJDCH X 2020-01-23,94.0399559506213
N3VJDCH X 2020-01-24,97.22383127440222
N3VJDCH X 2020-01-25,122.7483867860674
N3VJDCH X 2020-01-26,119.69856126413454
N3VJDCH X 2020-01-27,121.68424181155062
N3VJDCH X 2020-01-29,117.73310167046296
N3VJDCH X 2020-01-30,94.40647650298274
N3VJDCH X 2020-01-31,94.10789367568958
N3VJDCH X 2020-02-01,127.61766785425375
N3VJDCH X 2020-02-02,123.76262773783621
N3VJDCH X 2020-02-03,116.00796993665547
N3VJDCH X 2020-02-04,109.6039989975046
N3VJDCH X 2020-02-05,112.69941418765666
N3VJDCH X 2020-02-06,102.42659101069674
N3VJDCH X 2020-02-07,105.08264644924161
N3VJDCH X 2020-02-08,98.96631867170997
N3VJDCH X 2020-02-09,94.10151945921886
N3VJDCH X 2020-02-10,97.71428698134802
N3VJDCH X 2020-02-11,91.64972439272891
N3VJDCH X 2020-02-12,99.0477592947707
N3VJDCH X 2020-02-13,112.7236251604909
N3VJDCH X 2020-02-14,78.49239912648989
N3VJDCH X 2020-02-15,132.30896859025717
N3VJDCH X 2020-02-16,88.33494023918522
N3VJDCH X 2020-02-17,77.87730483707828
N3VJDCH X 2020-02-18,98.64937888083998
N3VJDCH X 2020-02-19,94.82640811977491
N3VJDCH X 2020-02-20,92.98034681161279
N3VJDCH X 2020-02-21,132.8186558621195
N3VJDCH X 2020-02-22,131.46374845264558
N3VJDCH X 2020-02-23,88.87257302545439
N3VJDCH X 2020-02-24,119.30844094896403
N3VJDCH X 2020-02-25,73.4552308053572
N3VJDCH X 2020-02-26,77.20728894960173
N3VJDCH X 2020-02-27,92.67496742061098
N3VJDCH X 2020-02-28,99.08545837286182
N3VJDCH X 2020-02-29,94.08853344019052
N3VJDCH X 2020-03-01,110.383423245942
N3VJDCH X 2020-03-02,127.27355669410856
N3VJDCH X 2020-03-03,78.24575140477123
N3VJDCH X 2020-03-04,99.52457165404144
N3VJDCH X 2020-03-05,110.294532473022
N3VJDCH X 2020-03-06,81.54419438767921
N3VJDCH X 2020-03-07,76.30908117510698
N3VJDCH X 2020-03-08,94.02951298070387
N3VJDCH X 2020-03-09,84.74703399447831
N3VJDCH X 2020-03-10,74.6368383964144
N3VJDCH X 2020-03-11,105.71304885686682
N3VJDCH X 2020-03-12,110.48348910942796
N3VJDCH X 2020-03-13,104.49080768924865
N3VJDCH X 2020-03-14,124.45173239733914
N3VJDCH X 2020-03-15,91.76503274548936
N3VJDCH X 2020-03-16,102.00614183934185
N3VJDCH X 2020-03-17,107.4999255679917
N3VJDCH X 2020-03-18,106.78300663076335
N3VJDCH X 2020-03-19,115.08416298553104
N3VJDCH X 2020-03-20,92.21125730907524
N3VJDCH X 2020-03-21,97.46053778412912
N3VJDCH X 2020-03-22,87.99270731678399
N3VJDCH X 2020-03-23,86.64962435269933
N3VJDCH X 2020-03-24,85.6690931752093
N3VJDCH X 2020-03-25,74.53345247542929
N3VJDCH X 2020-03-26,101.33132037219852
N3VJDCH X 2020-03-27,113.96364834630991
N3VJDCH X 2020-03-28,98.2961828432404
N3VJDCH X 2020-03-29,122.41726332829656
N3VJDCH X 2020-03-30,135.46264292492066
N3VJDCH X 2020-03-31,138.930338195667
N3VJDCH X 2020-04-01,138.78316998868723
N3VJDCH X 2020-04-02,98.48043968564743
N3VJDCH X 2020-04-03,101.86998872145755
N3VJDCH X 2020-04-04,129.70055162349985
NIPJPJE X 2020-01-02,54.13049732409585
NIPJPJE X 2020-01-03,42.77453786323423
NIPJPJE X 2020-01-04,42.68866031543224
NIPJPJE X 2020-01-05,56.19075780548138
NIPJPJE X 2020-01-06,40.84593230140855
NIPJPJE X 2020-01-07,53.042996837826315
NIPJPJE X 2020-01-08,50.16809786300331
NIPJPJE X 2020-01-09,21.452829115864176
NIPJPJE X 2020-01-10,34.104629035383255
NIPJPJE X 2020-01-11,33.601560015584326
NIPJPJE X 2020-01-12,28.292623769493723
NIPJPJE X 2020-01-13,51.94942261340012
NIPJPJE X 2020-01-14,49.30721338303067
NIPJPJE X 2020-01-15,63.32902805899741
NIPJPJE X 2020-01-16,44.134234200862245
NIPJPJE X 2020-01-17,32.51602261202439
NIPJPJE X 2020-01-18,25.922115044173154
NIPJPJE X 2020-01-19,62.707431628733204
NIPJPJE X 2020-01-20,58.58448284935578
NIPJPJE X 2020-01-21,57.33921152267567
NIPJPJE X 2020-01-22,53.51298463246476
NIPJPJE X 2020-01-23,24.100644123498242
NIPJPJE X 2020-01-24,57.34620933398328
NIPJPJE X 2020-01-25,38.23911556056213
NIPJPJE X 2020-01-26,48.27072769256586
NIPJPJE X 2020-01-27,83.32270529175841
NIPJPJE X 2020-01-28,73.01962459475433
NIPJPJE X 2020-01-29,58.56572976587435
NIPJPJE X 2020-01-30,70.2222837776993
NIPJPJE X 2020-01-31,79.49336005730528
NIPJPJE X 2020-02-01,49.70071691374434
NIPJPJE X 2020-02-02,69.40422646805624
NIPJPJE X 2020-02-03,80.17102670053004
NIPJPJE X 2020-02-04,53.12818782025157
NIPJPJE X 2020-02-05,51.503301209593324
NIPJPJE X 2020-02-06,43.00994595570263
NIPJPJE X 2020-02-07,57.178443174735435
NIPJPJE X 2020-02-08,46.15322171651678
NIPJPJE X 2020-02-09,46.97692171507998
NIPJPJE X 2020-02-10,32.17407127561747
NIPJPJE X 2020-02-11,40.778654751808276
NIPJPJE X 2020-02-12,47.04903245672549
NIPJPJE X 2020-02-13,47.94745192139131
NIPJPJE X 2020-02-14,51.066904495971166
NIPJPJE X 2020-02-15,44.185638134653715
NIPJPJE X 2020-02-16,29.744212995409164
NIPJPJE X 2020-02-17,52.77068965172637
NIPJPJE X 2020-02-18,42.24393365161521
NIPJPJE X 2020-02-19,51.51894461065902
NIPJPJE X 2020-02-20,54.57843251420977
NIPJPJE X 2020-02-21,48.949268068834854
NIPJPJE X 2020-02-22,33.11348498087071
NIPJPJE X 2020-02-23,35.27962992056287
NIPJPJE X 2020-02-24,37.837323314506364
NIPJPJE X 2020-02-25,46.75692266113467
NIPJPJE X 2020-02-26,52.98981924494913
NIPJPJE X 2020-02-27,57.65656132889937
NIPJPJE X 2020-02-28,71.7967581461924
NIPJPJE X 2020-02-29,66.51044467622917
NIPJPJE X 2020-03-01,59.3266139047236
NIPJPJE X 2020-03-02,47.71115066892884
NIPJPJE X 2020-03-03,51.66127193066897
NIPJPJE X 2020-03-04,53.87624250931721
NIPJPJE X 2020-03-05,53.90691800540592
NIPJPJE X 2020-03-06,53.07893500563093
NIPJPJE X 2020-03-07,36.89270092011005
NIPJPJE X 2020-03-08,44.10736886175547
NIPJPJE X 2020-03-09,44.25779250670698
NIPJPJE X 2020-03-10,52.36360599374304
NIPJPJE X 2020-03-11,49.06623531580363
NIPJPJE X 2020-03-12,68.91192444017891
NIPJPJE X 2020-03-13,46.40194919206217
NIPJPJE X 2020-03-14,41.330585712826135
NIPJPJE X 2020-03-15,47.54011271476867
NIPJPJE X 2020-03-16,37.25200377313396
NIPJPJE X 2020-03-17,40.37151454217047
NIPJPJE X 2020-03-18,42.62176650794861
NIPJPJE X 2020-03-19,47.415977147691926
NIPJPJE X 2020-03-20,44.16617879380466
NIPJPJE X 2020-03-21,46.12852754570846
NIPJPJE X 2020-03-22,61.64674522025315
NIPJPJE X 2020-03-23,52.959385359195046
NIPJPJE X 2020-03-24,50.248648807587976
NIPJPJE X 2020-03-25,69.6928452342769
NIPJPJE X 2020-03-26,69.94442528645247
NIPJPJE X 2020-03-27,59.353834919627104
NIPJPJE X 2020-03-28,51.21529820366929
NIPJPJE X 2020-03-29,54.59044490740562
NIPJPJE X 2020-03-30,53.67438192237813
NIPJPJE X 2020-03-31,57.9356742433138
NIPJPJE X 2020-04-01,72.83425532385004
NIPJPJE X 2020-04-02,35.0554415648295
NIPJPJE X 2020-04-03,80.92279026259546
NIPJPJE X 2020-04-04,36.839343393224425
NJFSSS1 X 2020-01-02,26.821366539132057
NJFSSS1 X 2020-01-03,15.811483385085438
NJFSSS1 X 2020-01-04,17.508042352174293
NJFSSS1 X 2020-01-05,31.819276044464054
NJFSSS1 X 2020-01-06,25.886203855854795
NJFSSS1 X 2020-01-07,20.716932323964667
NJFSSS1 X 2020-01-08,34.313718283600814
NJFSSS1 X 2020-01-09,43.07777105929841
NJFSSS1 X 2020-01-10,24.65168356079831
NJFSSS1 X 2020-01-11,23.132754402836138
NJFSSS1 X 2020-01-12,28.686795475870127
NJFSSS1 X 2020-01-13,19.828491037945636
NJFSSS1 X 2020-01-14,21.688404719641913
NJFSSS1 X 2020-01-15,20.747476673589414
NJFSSS1 X 2020-01-16,22.06894511104785
NJFSSS1 X 2020-01-17,27.025757329124552
NJFSSS1 X 2020-01-18,23.253717659131947
NJFSSS1 X 2020-01-19,23.12250298859518
NJFSSS1 X 2020-01-20,24.106732765671964
NJFSSS1 X 2020-01-21,29.50998255489916
NJFSSS1 X 2020-01-22,25.834247299967473
NJFSSS1 X 2020-01-23,25.86809929494364
NJFSSS1 X 2020-01-24,17.12505834704641
NJFSSS1 X 2020-01-25,21.63065383997766
NJFSSS1 X 2020-01-26,27.178290778118644
NJFSSS1 X 2020-01-27,25.185726366085177
NJFSSS1 X 2020-01-28,29.836404124891324
NJFSSS1 X 2020-01-29,36.84688063978932
NJFSSS1 X 2020-01-30,18.659524097942207
NJFSSS1 X 2020-01-31,24.561709575079874
NJFSSS1 X 2020-02-01,24.517749314991867
NJFSSS1 X 2020-02-02,28.38429525725229
NJFSSS1 X 2020-02-03,27.02137915000737
NJFSSS1 X 2020-02-04,17.76162106721677
NJFSSS1 X 2020-02-05,31.403813452463808
NJFSSS1 X 2020-02-06,28.953360702184064
NJFSSS1 X 2020-02-07,16.248487240102627
NJFSSS1 X 2020-02-08,20.103065981104596
NJFSSS1 X 2020-02-09,27.540599360027706
NJFSSS1 X 2020-02-10,20.062680976300268
NJFSSS1 X 2020-02-11,29.10565863100819
NJFSSS1 X 2020-02-12,24.0884684092851
NJFSSS1 X 2020-02-13,33.568749276496455
NJFSSS1 X 2020-02-14,26.219526469405423
NJFSSS1 X 2020-02-15,23.977695124176606
NJFSSS1 X 2020-02-16,25.630839413324992
NJFSSS1 X 2020-02-17,37.12817691391116
NJFSSS1 X 2020-02-18,20.383859626980925
NJFSSS1 X 2020-02-19,15.142242538310636
NJFSSS1 X 2020-02-20,26.804313924454604
NJFSSS1 X 2020-02-21,15.807952563330346
NJFSSS1 X 2020-02-22,30.58225091914317
NJFSSS1 X 2020-02-23,14.297323249497573
NJFSSS1 X 2020-02-24,20.09281208272357
NJFSSS1 X 2020-02-25,23.767803513228785
NJFSSS1 X 2020-02-26,28.06600725994098
NJFSSS1 X 2020-02-27,29.975697793397714
NJFSSS1 X 2020-02-28,15.028770371232447
NJFSSS1 X 2020-02-29,20.667853567016692
NJFSSS1 X 2020-03-01,22.727234662881294
NJFSSS1 X 2020-03-02,27.262224764811968
NJFSSS1 X 2020-03-03,23.008285453814594
NJFSSS1 X 2020-03-04,26.61031952849131
NJFSSS1 X 2020-03-05,25.30263863876202
NJFSSS1 X 2020-03-06,25.474049824982345
NJFSSS1 X 2020-03-07,23.560323999678637
NJFSSS1 X 2020-03-08,28.690263787204792
NJFSSS1 X 2020-03-09,30.42792643641468
NJFSSS1 X 2020-03-10,26.507707877099264
NJFSSS1 X 2020-03-11,22.649682219846678
NJFSSS1 X 2020-03-12,28.038206762171903
NJFSSS1 X 2020-03-13,24.940995945964097
NJFSSS1 X 2020-03-14,30.888797562619594
NJFSSS1 X 2020-03-15,23.19473008610095
NJFSSS1 X 2020-03-16,11.45653921400012
NJFSSS1 X 2020-03-17,27.04125542868786
NJFSSS1 X 2020-03-18,29.794023889080698
NJFSSS1 X 2020-03-19,21.52224547030028
NJFSSS1 X 2020-03-20,24.85324902744901
NJFSSS1 X 2020-03-21,18.75870480184766
NJFSSS1 X 2020-03-22,37.79261107399785
NJFSSS1 X 2020-03-23,24.616629192116392
NJFSSS1 X 2020-03-24,28.307459033689824
NJFSSS1 X 2020-03-25,23.79168581364648
NJFSSS1 X 2020-03-26,15.809733642761316
NJFSSS1 X 2020-03-27,19.113392984130165
NJFSSS1 X 2020-03-28,18.283269868401103
NJFSSS1 X 2020-03-29,37.01942760638127
NJFSSS1 X 2020-03-30,16.89596756330036
NJFSSS1 X 2020-03-31,20.05156789850819
NJFSSS1 X 2020-04-01,18.935491339811442
NJFSSS1 X 2020-04-02,19.861838679244677
NJFSSS1 X 2020-04-03,37.314685604985755
NJFSSS1 X 2020-04-04,25.495221466986855
NJNT1L4 X 2020-01-02,27.0319465495909
NJNT1L4 X 2020-01-03,20.047033989965573
NJNT1L4 X 2020-01-04,30.98405705954253
NJNT1L4 X 2020-01-05,32.223704581556525
NJNT1L4 X 2020-01-06,36.91123040946233
NJNT1L4 X 2020-01-07,19.00922789161362
NJNT1L4 X 2020-01-08,41.72566111573958
NJNT1L4 X 2020-01-09,38.286181080042
NJNT1L4 X 2020-01-10,31.630146049627342
NJNT1L4 X 2020-01-11,20.68816420668665
NJNT1L4 X 2020-01-12,40.08883068223973
NJNT1L4 X 2020-01-13,41.222798964039825
NJNT1L4 X 2020-01-14,50.11656353224375
NJNT1L4 X 2020-01-15,47.98897171122326
NJNT1L4 X 2020-01-16,61.76325650366431
NJNT1L4 X 2020-01-17,36.220466235931454
NJNT1L4 X 2020-01-18,27.873190253805717
NJNT1L4 X 2020-01-19,31.721465003644695
NJNT1L4 X 2020-01-20,38.09733857871266
NJNT1L4 X 2020-01-21,32.82012897465367
NJNT1L4 X 2020-01-22,32.522973403743286
NJNT1L4 X 2020-01-23,33.13087197318259
NJNT1L4 X 2020-01-24,40.51324512433656
NJNT1L4 X 2020-01-25,27.050955514381357
NJNT1L4 X 2020-01-26,37.85922178509359
NJNT1L4 X 2020-01-27,42.38745174087292
NJNT1L4 X 2020-01-28,33.24352021654661
NJNT1L4 X 2020-01-29,36.482526628718695
NJNT1L4 X 2020-01-30,36.52049388732046
NJNT1L4 X 2020-01-31,20.06557565493243
NJNT1L4 X 2020-02-01,33.89436496870554
NJNT1L4 X 2020-02-02,63.44309903203778
NJNT1L4 X 2020-02-03,36.24469659465225
NJNT1L4 X 2020-02-04,26.98483935301911
NJNT1L4 X 2020-02-05,63.09995372567586
NJNT1L4 X 2020-02-06,31.079790649500126
NJNT1L4 X 2020-02-07,33.40962917522027
NJNT1L4 X 2020-02-08,28.91327875584824
NJNT1L4 X 2020-02-09,29.430434059573855
NJNT1L4 X 2020-02-10,35.341559641947256
NJNT1L4 X 2020-02-11,55.06736137687032
NJNT1L4 X 2020-02-12,45.56486515218983
NJNT1L4 X 2020-02-13,47.82991192047041
NJNT1L4 X 2020-02-14,47.34282980156034
NJNT1L4 X 2020-02-15,23.30158288051382
NJNT1L4 X 2020-02-16,25.451009950412747
NJNT1L4 X 2020-02-17,30.480813608714605
NJNT1L4 X 2020-02-18,39.18517667417178
NJNT1L4 X 2020-02-19,66.59178412856976
NJNT1L4 X 2020-02-20,60.382418281203556
NJNT1L4 X 2020-02-21,62.65451808934466
NJNT1L4 X 2020-02-22,47.77384524500891
NJNT1L4 X 2020-02-23,42.45874302456513
NJNT1L4 X 2020-02-24,69.74700377278444
NJNT1L4 X 2020-02-25,38.979842347544746
NJNT1L4 X 2020-02-26,32.236639057833735
NJNT1L4 X 2020-02-27,75.87672430076431
NJNT1L4 X 2020-02-28,71.07027947961772
NJNT1L4 X 2020-02-29,56.5355552979768
NJNT1L4 X 2020-03-01,23.23880502633035
NJNT1L4 X 2020-03-02,22.43462889429162
NJNT1L4 X 2020-03-03,20.914436903170422
NJNT1L4 X 2020-03-04,54.90276284216519
NJNT1L4 X 2020-03-05,52.70764094378926
NJNT1L4 X 2020-03-06,41.88162184106806
NJNT1L4 X 2020-03-07,28.35553053517649
NJNT1L4 X 2020-03-08,45.800920415542464
NJNT1L4 X 2020-03-09,45.622422269777424
NJNT1L4 X 2020-03-10,33.51292022145485
NJNT1L4 X 2020-03-11,45.55094362814304
NJNT1L4 X 2020-03-12,33.10529138836564
NJNT1L4 X 2020-03-13,53.95909774420397
NJNT1L4 X 2020-03-14,39.83829381469094
NJNT1L4 X 2020-03-15,45.323725152970695
NJNT1L4 X 2020-03-16,25.747229621490966
NJNT1L4 X 2020-03-17,20.442312591984034
NJNT1L4 X 2020-03-18,26.865759322109014
NJNT1L4 X 2020-03-19,40.55211591181378
NJNT1L4 X 2020-03-20,53.7016789947619
NJNT1L4 X 2020-03-21,27.77500599756791
NJNT1L4 X 2020-03-22,28.375475822173712
NJNT1L4 X 2020-03-23,61.53423591042194
NJNT1L4 X 2020-03-24,28.668797055028342
NJNT1L4 X 2020-03-25,58.05648338366268
NJNT1L4 X 2020-03-26,46.659593341714796
NJNT1L4 X 2020-03-27,49.66527147227963
NJNT1L4 X 2020-03-28,32.160033617912035
NJNT1L4 X 2020-03-29,50.21385695745228
NJNT1L4 X 2020-03-30,36.72580060904129
NJNT1L4 X 2020-03-31,39.7389936977236
NJNT1L4 X 2020-04-01,66.22510694524357
NJNT1L4 X 2020-04-02,15.23049865737119
NJNT1L4 X 2020-04-03,28.62537636874002
NJNT1L4 X 2020-04-04,36.402955317867395
NPGYODP X 2020-01-02,16.57633891797974
NPGYODP X 2020-01-03,14.74019045824567
NPGYODP X 2020-01-04,17.17865472193029
NPGYODP X 2020-01-05,50.599621859606955
NPGYODP X 2020-01-06,37.17357327183144
NPGYODP X 2020-01-07,13.018640582751424
NPGYODP X 2020-01-08,18.7526250290514
NPGYODP X 2020-01-09,12.488825583678768
NPGYODP X 2020-01-10,10.362944490513964
NPGYODP X 2020-01-11,25.250208547907192
NPGYODP X 2020-01-12,13.742910058399527
NPGYODP X 2020-01-13,19.16722459503816
NPGYODP X 2020-01-14,7.832811394265072
NPGYODP X 2020-01-15,12.488037424692113
NPGYODP X 2020-01-16,19.847557886861797
NPGYODP X 2020-01-17,11.795932893758078
NPGYODP X 2020-01-18,19.37295713532588
NPGYODP X 2020-01-19,17.777500117944214
NPGYODP X 2020-01-20,12.269244288038433
NPGYODP X 2020-01-21,15.42445746815594
NPGYODP X 2020-01-22,9.61488856127946
NPGYODP X 2020-01-23,8.983429734716111
NPGYODP X 2020-01-24,13.458665198808305
NPGYODP X 2020-01-25,15.738070394176166
NPGYODP X 2020-01-26,28.67408049102503
NPGYODP X 2020-01-27,24.219681503114508
NPGYODP X 2020-01-28,17.161599451592373
NPGYODP X 2020-01-29,14.30325197084921
NPGYODP X 2020-01-30,11.553974819885955
NPGYODP X 2020-01-31,16.2650043491191
NPGYODP X 2020-02-01,20.040791326466422
NPGYODP X 2020-02-02,12.211274237008148
NPGYODP X 2020-02-03,14.391120553812424
NPGYODP X 2020-02-04,14.682265493056502
NPGYODP X 2020-02-05,18.58341319135099
NPGYODP X 2020-02-06,8.79545697797073
NPGYODP X 2020-02-07,27.960573971792883
NPGYODP X 2020-02-08,22.511429113471213
NPGYODP X 2020-02-09,13.289969968891338
NPGYODP X 2020-02-10,22.104056647107292
NPGYODP X 2020-02-11,29.866608547621816
NPGYODP X 2020-02-12,27.78857290672719
NPGYODP X 2020-02-13,28.45133641773394
NPGYODP X 2020-02-14,23.97603835716007
NPGYODP X 2020-02-15,34.79549636615679
NPGYODP X 2020-02-16,29.025507690895267
NPGYODP X 2020-02-17,16.85277848370792
NPGYODP X 2020-02-18,18.230192121881196
NPGYODP X 2020-02-19,13.185884924252619
NPGYODP X 2020-02-20,26.79520758481153
NPGYODP X 2020-02-21,30.530245619982963
NPGYODP X 2020-02-22,14.299101979623806
NPGYODP X 2020-02-23,21.990349066568463
NPGYODP X 2020-02-24,14.750001889854328
NPGYODP X 2020-02-25,18.202080080901762
NPGYODP X 2020-02-26,74.09118790543407
NPGYODP X 2020-02-27,37.868771149718135
NPGYODP X 2020-02-28,45.148041494981584
NPGYODP X 2020-02-29,36.81530458710881
NPGYODP X 2020-03-01,28.26109483421864
NPGYODP X 2020-03-02,37.862256965992685
NPGYODP X 2020-03-03,32.1110215338184
NPGYODP X 2020-03-04,22.740447867058815
NPGYODP X 2020-03-05,35.5929864646888
NPGYODP X 2020-03-06,22.920366744426595
NPGYODP X 2020-03-07,23.54418693278987
NPGYODP X 2020-03-08,27.504229238949108
NPGYODP X 2020-03-09,22.628795086819522
NPGYODP X 2020-03-10,20.060772181569753
NPGYODP X 2020-03-11,38.273101990443365
NPGYODP X 2020-03-12,25.167904784390863
NPGYODP X 2020-03-13,16.713801739138887
NPGYODP X 2020-03-14,11.772257370429628
NPGYODP X 2020-03-15,25.775800013729274
NPGYODP X 2020-03-16,13.54865470001372
NPGYODP X 2020-03-17,22.35480615619689
NPGYODP X 2020-03-18,14.352359683022865
NPGYODP X 2020-03-19,20.4291205166765
NPGYODP X 2020-03-20,14.024010983505239
NPGYODP X 2020-03-21,34.39769278201531
NPGYODP X 2020-03-22,19.977984358220382
NPGYODP X 2020-03-23,20.176970264422618
NPGYODP X 2020-03-24,32.62552707069528
NPGYODP X 2020-03-25,25.905445307766264
NPGYODP X 2020-03-26,13.371920954250747
NPGYODP X 2020-03-27,17.0790889004504
NPGYODP X 2020-03-28,16.456018805101664
NPGYODP X 2020-03-29,11.378241466129861
NPGYODP X 2020-03-30,18.32153568962228
NPGYODP X 2020-03-31,18.18295952850926
NPGYODP X 2020-04-01,18.226213220983183
NPGYODP X 2020-04-02,23.530494118227836
NPGYODP X 2020-04-03,50.6226351352246
NPGYODP X 2020-04-04,30.408507726571273
NT9A6FP X 2020-01-02,26.470329666870065
NT9A6FP X 2020-01-03,51.199105281465535
NT9A6FP X 2020-01-04,35.255796205549856
NT9A6FP X 2020-01-05,23.257607611935146
NT9A6FP X 2020-01-06,20.449433716412496
NT9A6FP X 2020-01-07,60.178077537567574
NT9A6FP X 2020-01-08,64.58555693075823
NT9A6FP X 2020-01-09,20.15806954714538
NT9A6FP X 2020-01-10,37.334167622589796
NT9A6FP X 2020-01-11,61.5433324137129
NT9A6FP X 2020-01-12,65.00658077784675
NT9A6FP X 2020-01-13,73.45843983581709
NT9A6FP X 2020-01-14,55.89040816612558
NT9A6FP X 2020-01-15,55.320222502988614
NT9A6FP X 2020-01-16,42.052981633446834
NT9A6FP X 2020-01-17,39.88839657959953
NT9A6FP X 2020-01-18,33.670264514251386
NT9A6FP X 2020-01-19,36.292574788631626
NT9A6FP X 2020-01-20,51.686466412574006
NT9A6FP X 2020-01-21,31.89305990287877
NT9A6FP X 2020-01-22,69.00096585462097
NT9A6FP X 2020-01-23,59.99510574591095
NT9A6FP X 2020-01-24,103.62623548789759
NT9A6FP X 2020-01-25,50.51819337484797
NT9A6FP X 2020-01-26,80.20829911633909
NT9A6FP X 2020-01-27,49.535837447036045
NT9A6FP X 2020-01-28,19.08235560939039
NT9A6FP X 2020-01-29,23.0464583236355
NT9A6FP X 2020-01-30,35.57040102243563
NT9A6FP X 2020-01-31,7.969941208237476
NT9A6FP X 2020-02-01,13.996797199617152
NT9A6FP X 2020-02-02,24.566081506120028
NT9A6FP X 2020-02-03,65.42703698457679
NT9A6FP X 2020-02-04,36.75751854804486
NT9A6FP X 2020-02-05,58.31726652523852
NT9A6FP X 2020-02-06,13.68840960457094
NT9A6FP X 2020-02-07,60.220016856345
NT9A6FP X 2020-02-08,50.619948512742646
NT9A6FP X 2020-02-09,31.479419536533698
NT9A6FP X 2020-02-10,54.91167432373634
NT9A6FP X 2020-02-11,32.14880115268924
NT9A6FP X 2020-02-12,62.57254559457367
NT9A6FP X 2020-02-13,62.58288975649296
NT9A6FP X 2020-02-14,45.24024474819639
NT9A6FP X 2020-02-15,49.41177827048321
NT9A6FP X 2020-02-16,65.5883543207429
NT9A6FP X 2020-02-17,45.70426263662073
NT9A6FP X 2020-02-18,29.542112459503386
NT9A6FP X 2020-02-19,23.26176948105305
NT9A6FP X 2020-02-20,78.29108772213029
NT9A6FP X 2020-02-21,57.80039354092726
NT9A6FP X 2020-02-22,53.53162720065028
NT9A6FP X 2020-02-23,34.22085570004786
NT9A6FP X 2020-02-24,47.24683675369361
NT9A6FP X 2020-02-25,71.51136095191812
NT9A6FP X 2020-02-26,44.79816327576949
NT9A6FP X 2020-02-27,17.55798885634718
NT9A6FP X 2020-02-28,47.39067394426368
NT9A6FP X 2020-02-29,89.39158264072314
NT9A6FP X 2020-03-01,36.64329145664561
NT9A6FP X 2020-03-02,36.922584912172546
NT9A6FP X 2020-03-03,58.93899327543302
NT9A6FP X 2020-03-04,39.21738812931071
NT9A6FP X 2020-03-05,23.29440553961641
NT9A6FP X 2020-03-06,22.038660241065653
NT9A6FP X 2020-03-07,57.280636826640006
NT9A6FP X 2020-03-08,47.12460520403441
NT9A6FP X 2020-03-09,45.41844775404772
NT9A6FP X 2020-03-10,46.75612542120283
NT9A6FP X 2020-03-11,43.69122650372353
NT9A6FP X 2020-03-12,36.88627874110707
NT9A6FP X 2020-03-13,56.66286290111324
NT9A6FP X 2020-03-14,41.7442048405338
NT9A6FP X 2020-03-15,43.692872904614944
NT9A6FP X 2020-03-16,34.02243643016859
NT9A6FP X 2020-03-17,52.84883233303906
NT9A6FP X 2020-03-18,61.349350952277476
NT9A6FP X 2020-03-19,55.4113613358348
NT9A6FP X 2020-03-20,31.941310966916788
NT9A6FP X 2020-03-21,59.78997703546695
NT9A6FP X 2020-03-22,65.66359376554752
NT9A6FP X 2020-03-23,48.44998461632238
NT9A6FP X 2020-03-24,23.687373885218527
NT9A6FP X 2020-03-25,37.485548982064294
NT9A6FP X 2020-03-26,56.126059716294634
NT9A6FP X 2020-03-27,74.79936370127875
NT9A6FP X 2020-03-28,43.17265504497667
NT9A6FP X 2020-03-29,15.995820693662541
NT9A6FP X 2020-03-30,37.850059486169904
NT9A6FP X 2020-03-31,39.42596624593406
NT9A6FP X 2020-04-01,31.426523623528716
NT9A6FP X 2020-04-02,39.25260636996467
NT9A6FP X 2020-04-03,59.305786783781755
NT9A6FP X 2020-04-04,75.25687350245535
NUEDVX3 X 2020-01-02,27.65254787755299
NUEDVX3 X 2020-01-03,103.78380370149414
NUEDVX3 X 2020-01-04,44.3629745990932
NUEDVX3 X 2020-01-05,10.559292611792362
NUEDVX3 X 2020-01-06,26.26581523417248
NUEDVX3 X 2020-01-07,37.265536011349305
NUEDVX3 X 2020-01-08,35.274155731172485
NUEDVX3 X 2020-01-09,17.66671258913228
NUEDVX3 X 2020-01-10,29.946899882601514
NUEDVX3 X 2020-01-11,40.47102439818719
NUEDVX3 X 2020-01-12,53.821313615349176
NUEDVX3 X 2020-01-13,78.2247262594514
NUEDVX3 X 2020-01-14,54.441748130856325
NUEDVX3 X 2020-01-15,48.54194686255801
NUEDVX3 X 2020-01-16,38.589317939918594
NUEDVX3 X 2020-01-17,41.75500805658615
NUEDVX3 X 2020-01-18,24.378094672104282
NUEDVX3 X 2020-01-19,29.76880551587562
NUEDVX3 X 2020-01-20,54.80218828718268
NUEDVX3 X 2020-01-21,43.91535689539031
NUEDVX3 X 2020-01-22,50.65190505539469
NUEDVX3 X 2020-01-23,54.60923776988799
NUEDVX3 X 2020-01-24,65.04861996226568
NUEDVX3 X 2020-01-25,43.972463431743606
NUEDVX3 X 2020-01-26,46.53974686485421
NUEDVX3 X 2020-01-27,44.139567911714174
NUEDVX3 X 2020-01-28,21.608947429453583
NUEDVX3 X 2020-01-29,33.289193277619844
NUEDVX3 X 2020-01-30,52.20892948572571
NUEDVX3 X 2020-01-31,19.49790055973164
NUEDVX3 X 2020-02-01,16.66254844626347
NUEDVX3 X 2020-02-02,37.95671372046209
NUEDVX3 X 2020-02-03,79.41231675298832
NUEDVX3 X 2020-02-04,47.19189976265053
NUEDVX3 X 2020-02-05,51.50618738583222
NUEDVX3 X 2020-02-06,12.949487869963402
NUEDVX3 X 2020-02-07,46.26404980411407
NUEDVX3 X 2020-02-08,43.76594221286639
NUEDVX3 X 2020-02-09,25.613716720998184
NUEDVX3 X 2020-02-10,46.906407267024306
NUEDVX3 X 2020-02-11,34.62756326130197
NUEDVX3 X 2020-02-12,64.0530740607367
NUEDVX3 X 2020-02-13,60.53702367689411
NUEDVX3 X 2020-02-14,58.127291852725435
NUEDVX3 X 2020-02-15,45.196455068205964
NUEDVX3 X 2020-02-16,52.66223447100245
NUEDVX3 X 2020-02-17,44.09984717462002
NUEDVX3 X 2020-02-18,40.38027712661767
NUEDVX3 X 2020-02-19,26.120089598444693
NUEDVX3 X 2020-02-20,70.80038308837717
NUEDVX3 X 2020-02-21,48.42583337080484
NUEDVX3 X 2020-02-22,51.852533918787266
NUEDVX3 X 2020-02-23,43.20062626983826
NUEDVX3 X 2020-02-24,67.18932023577186
NUEDVX3 X 2020-02-25,67.55365395084871
NUEDVX3 X 2020-02-26,48.65287067201573
NUEDVX3 X 2020-02-27,37.601099241984954
NUEDVX3 X 2020-02-28,58.98051920297635
NUEDVX3 X 2020-02-29,71.20465662303205
NUEDVX3 X 2020-03-01,56.26353099426515
NUEDVX3 X 2020-03-02,38.204447477803086
NUEDVX3 X 2020-03-03,53.16565590233961
NUEDVX3 X 2020-03-04,49.39335525438589
NUEDVX3 X 2020-03-05,28.58873522212857
NUEDVX3 X 2020-03-06,25.431968265817027
NUEDVX3 X 2020-03-07,51.678988507166004
NUEDVX3 X 2020-03-08,36.751423763470555
NUEDVX3 X 2020-03-09,40.57320293808157
NUEDVX3 X 2020-03-10,39.85643796123651
NUEDVX3 X 2020-03-11,54.3132723810633
NUEDVX3 X 2020-03-12,30.465839011506155
NUEDVX3 X 2020-03-13,51.01887547630962
NUEDVX3 X 2020-03-14,34.69808213653131
NUEDVX3 X 2020-03-15,41.88390658682183
NUEDVX3 X 2020-03-16,28.700378365557633
NUEDVX3 X 2020-03-17,54.82284046644044
NUEDVX3 X 2020-03-18,68.55620559258479
NUEDVX3 X 2020-03-19,42.887253427577086
NUEDVX3 X 2020-03-20,27.403713782331515
NUEDVX3 X 2020-03-21,54.935957628182805
NUEDVX3 X 2020-03-22,53.88859162278413
NUEDVX3 X 2020-03-23,48.49792533117491
NUEDVX3 X 2020-03-24,24.21887725892192
NUEDVX3 X 2020-03-25,43.61488519675008
NUEDVX3 X 2020-03-26,74.828442713428
NUEDVX3 X 2020-03-27,67.50099223729383
NUEDVX3 X 2020-03-28,40.53960373847087
NUEDVX3 X 2020-03-29,18.21785582664418
NUEDVX3 X 2020-03-30,46.12798587607647
NUEDVX3 X 2020-03-31,41.965284273519515
NUEDVX3 X 2020-04-01,27.899489542523497
NUEDVX3 X 2020-04-02,30.819263113389532
NUEDVX3 X 2020-04-03,81.37380076250213
NUEDVX3 X 2020-04-04,49.84694014856015
NXR8UIK X 2020-01-02,43.336496002232224
NXR8UIK X 2020-01-03,40.54517910329412
NXR8UIK X 2020-01-04,47.58493661918552
NXR8UIK X 2020-01-05,39.63491445309837
NXR8UIK X 2020-01-06,53.09654556302494
NXR8UIK X 2020-01-07,46.48248204712687
NXR8UIK X 2020-01-08,38.84591342300642
NXR8UIK X 2020-01-09,52.45853305128472
NXR8UIK X 2020-01-10,39.1008932551398
NXR8UIK X 2020-01-11,47.159052235316466
NXR8UIK X 2020-01-12,56.27688851592062
NXR8UIK X 2020-01-13,34.34924799684245
NXR8UIK X 2020-01-14,54.652344477935564
NXR8UIK X 2020-01-15,46.17805062165915
NXR8UIK X 2020-01-16,54.84008598994066
NXR8UIK X 2020-01-17,51.3461814240514
NXR8UIK X 2020-01-18,24.542327347173135
NXR8UIK X 2020-01-19,85.58210641243156
NXR8UIK X 2020-01-20,55.69984362447693
NXR8UIK X 2020-01-21,51.6594072192664
NXR8UIK X 2020-01-22,57.80946206283373
NXR8UIK X 2020-01-23,59.41429666508644
NXR8UIK X 2020-01-24,56.291927571820295
NXR8UIK X 2020-01-25,54.57929238641509
NXR8UIK X 2020-01-26,98.44037259956747
NXR8UIK X 2020-01-27,33.070593472005626
NXR8UIK X 2020-01-28,40.13124417533456
NXR8UIK X 2020-01-29,36.38982964761201
NXR8UIK X 2020-01-30,29.95467102434447
NXR8UIK X 2020-01-31,21.880681176126103
NXR8UIK X 2020-02-01,43.03775343249565
NXR8UIK X 2020-02-02,72.39620638305496
NXR8UIK X 2020-02-03,67.50152100810995
NXR8UIK X 2020-02-04,57.359164586893044
NXR8UIK X 2020-02-05,38.8278166548151
NXR8UIK X 2020-02-06,46.9661965457648
NXR8UIK X 2020-02-07,43.85621948619266
NXR8UIK X 2020-02-08,42.25294490759773
NXR8UIK X 2020-02-09,37.49600544482266
NXR8UIK X 2020-02-10,39.06533508067842
NXR8UIK X 2020-02-11,55.73710174565555
NXR8UIK X 2020-02-12,45.28383625484253
NXR8UIK X 2020-02-13,44.116103543471326
NXR8UIK X 2020-02-14,66.93535014690504
NXR8UIK X 2020-02-15,84.26789619509614
NXR8UIK X 2020-02-16,32.699494534130594
NXR8UIK X 2020-02-17,42.07754440903835
NXR8UIK X 2020-02-18,52.73693729477914
NXR8UIK X 2020-02-19,48.48964999031229
NXR8UIK X 2020-02-20,58.46552611677754
NXR8UIK X 2020-02-21,46.033010280175176
NXR8UIK X 2020-02-22,60.06808067771429
NXR8UIK X 2020-02-23,40.1618437130793
NXR8UIK X 2020-02-24,43.44524638612104
NXR8UIK X 2020-02-25,73.53768034184989
NXR8UIK X 2020-02-26,28.15821550256056
NXR8UIK X 2020-02-27,34.36283340344837
NXR8UIK X 2020-02-28,43.84776901623149
NXR8UIK X 2020-02-29,42.37805279682113
NXR8UIK X 2020-03-01,64.35208329676789
NXR8UIK X 2020-03-02,50.28990594992001
NXR8UIK X 2020-03-03,41.6141298026003
NXR8UIK X 2020-03-04,38.912496269346335
NXR8UIK X 2020-03-05,37.36207497499397
NXR8UIK X 2020-03-06,42.98035795148911
NXR8UIK X 2020-03-07,54.71444124275684
NXR8UIK X 2020-03-08,36.423624309677216
NXR8UIK X 2020-03-09,57.66686455213947
NXR8UIK X 2020-03-10,44.108470165797776
NXR8UIK X 2020-03-11,34.12617515218958
NXR8UIK X 2020-03-12,40.08143125834026
NXR8UIK X 2020-03-13,47.19351916310569
NXR8UIK X 2020-03-14,46.11932391849881
NXR8UIK X 2020-03-15,38.25811079837797
NXR8UIK X 2020-03-16,27.500282056711804
NXR8UIK X 2020-03-17,41.76415548708761
NXR8UIK X 2020-03-18,48.82620634145446
NXR8UIK X 2020-03-19,45.16862283819906
NXR8UIK X 2020-03-20,35.669844489409996
NXR8UIK X 2020-03-21,55.142696647161905
NXR8UIK X 2020-03-22,61.36824954493666
NXR8UIK X 2020-03-23,36.80138515126734
NXR8UIK X 2020-03-24,52.28227091378773
NXR8UIK X 2020-03-25,47.376995212946085
NXR8UIK X 2020-03-26,60.86738255210942
NXR8UIK X 2020-03-27,63.75129885995567
NXR8UIK X 2020-03-28,33.11622118682923
NXR8UIK X 2020-03-29,28.167793437790245
NXR8UIK X 2020-03-30,47.92142933246905
NXR8UIK X 2020-03-31,39.567126520115515
NXR8UIK X 2020-04-01,30.061498841323413
NXR8UIK X 2020-04-02,46.50561279761418
NXR8UIK X 2020-04-03,60.1259003152322
NXR8UIK X 2020-04-04,103.65470736020926
OC6BBFN X 2020-01-02,101.98241470486768
OC6BBFN X 2020-01-03,94.20935181976029
OC6BBFN X 2020-01-04,131.49827935085858
OC6BBFN X 2020-01-05,88.95542413633792
OC6BBFN X 2020-01-06,106.75553430200452
OC6BBFN X 2020-01-07,118.87489956460605
OC6BBFN X 2020-01-08,116.77848497558072
OC6BBFN X 2020-01-09,127.24728501517656
OC6BBFN X 2020-01-10,113.92680876893417
OC6BBFN X 2020-01-11,90.39997684843283
OC6BBFN X 2020-01-12,69.61968945811007
OC6BBFN X 2020-01-13,105.43321029089998
OC6BBFN X 2020-01-14,99.70677245475653
OC6BBFN X 2020-01-15,127.4844850695632
OC6BBFN X 2020-01-16,89.3347420306597
OC6BBFN X 2020-01-17,75.4253818848317
OC6BBFN X 2020-01-18,92.48326982298619
OC6BBFN X 2020-01-19,106.1455003511555
OC6BBFN X 2020-01-20,90.17600543375255
OC6BBFN X 2020-01-21,97.28892182313213
OC6BBFN X 2020-01-22,119.77022140841792
OC6BBFN X 2020-01-23,112.5935014351235
OC6BBFN X 2020-01-24,88.60492808475752
OC6BBFN X 2020-01-25,96.79259160725405
OC6BBFN X 2020-01-26,82.97578655112461
OC6BBFN X 2020-01-27,82.74898142208008
OC6BBFN X 2020-01-28,85.31344333940221
OC6BBFN X 2020-01-29,47.21712596812144
OC6BBFN X 2020-01-30,106.86507471491188
OC6BBFN X 2020-01-31,109.63618181163541
OC6BBFN X 2020-02-01,97.27369791364242
OC6BBFN X 2020-02-02,102.41299377243061
OC6BBFN X 2020-02-03,84.55625111601252
OC6BBFN X 2020-02-04,89.20295104949834
OC6BBFN X 2020-02-05,85.9218559981929
OC6BBFN X 2020-02-06,88.42267072888764
OC6BBFN X 2020-02-07,73.47611461848729
OC6BBFN X 2020-02-08,81.74377576598444
OC6BBFN X 2020-02-09,56.297384158033395
OC6BBFN X 2020-02-10,85.80589027951154
OC6BBFN X 2020-02-11,92.68157105345671
OC6BBFN X 2020-02-12,90.52381688462911
OC6BBFN X 2020-02-13,95.7809783505966
OC6BBFN X 2020-02-14,105.02568630094964
OC6BBFN X 2020-02-15,75.20437377208087
OC6BBFN X 2020-02-16,41.05748441086653
OC6BBFN X 2020-02-17,72.91065499660795
OC6BBFN X 2020-02-18,82.11850480411599
OC6BBFN X 2020-02-19,121.77022810639654
OC6BBFN X 2020-02-20,92.95661632661681
OC6BBFN X 2020-02-21,130.66030442461886
OC6BBFN X 2020-02-22,85.47121626356488
OC6BBFN X 2020-02-23,79.66046264880227
OC6BBFN X 2020-02-24,109.31366546342032
OC6BBFN X 2020-02-25,102.69771550245457
OC6BBFN X 2020-02-26,97.07768157081554
OC6BBFN X 2020-02-27,79.26144292147332
OC6BBFN X 2020-02-28,85.88017829372171
OC6BBFN X 2020-02-29,90.875032024128
OC6BBFN X 2020-03-01,114.67954606046317
OC6BBFN X 2020-03-02,65.96852061561307
OC6BBFN X 2020-03-03,85.23279958925066
OC6BBFN X 2020-03-04,69.73940589713128
OC6BBFN X 2020-03-05,52.360833038357434
OC6BBFN X 2020-03-06,89.14960049729345
OC6BBFN X 2020-03-07,85.9674944301034
OC6BBFN X 2020-03-08,87.69050077835972
OC6BBFN X 2020-03-09,90.51561149321314
OC6BBFN X 2020-03-10,69.93444155662102
OC6BBFN X 2020-03-11,78.6069792980832
OC6BBFN X 2020-03-12,90.56630168211214
OC6BBFN X 2020-03-13,91.55558456015494
OC6BBFN X 2020-03-14,67.65880673098287
OC6BBFN X 2020-03-15,73.49854804842863
OC6BBFN X 2020-03-16,90.31760348288329
OC6BBFN X 2020-03-17,92.92408069258113
OC6BBFN X 2020-03-18,102.2756552953257
OC6BBFN X 2020-03-19,104.37664027706626
OC6BBFN X 2020-03-20,90.89925060843875
OC6BBFN X 2020-03-21,102.8922828375115
OC6BBFN X 2020-03-22,80.58006921738568
OC6BBFN X 2020-03-23,73.6680394574353
OC6BBFN X 2020-03-24,88.97673730604112
OC6BBFN X 2020-03-25,80.70198251976895
OC6BBFN X 2020-03-26,90.57614129321752
OC6BBFN X 2020-03-27,82.7666121669388
OC6BBFN X 2020-03-28,63.32334011440895
OC6BBFN X 2020-03-29,62.434679571541196
OC6BBFN X 2020-03-30,97.99165938756364
OC6BBFN X 2020-03-31,61.91716794451955
OC6BBFN X 2020-04-01,49.19079063222887
OC6BBFN X 2020-04-02,91.91749959419622
OC6BBFN X 2020-04-03,75.41200705738191
OC6BBFN X 2020-04-04,46.534843253381936
PFYSWP3 X 2020-01-02,121.14091507674435
PFYSWP3 X 2020-01-03,120.37087795572292
PFYSWP3 X 2020-01-04,119.07537859096354
PFYSWP3 X 2020-01-05,110.91231922079776
PFYSWP3 X 2020-01-06,162.3020909000095
PFYSWP3 X 2020-01-07,136.52794219617533
PFYSWP3 X 2020-01-08,124.4750422267014
PFYSWP3 X 2020-01-09,114.76511300273602
PFYSWP3 X 2020-01-10,119.63783396721335
PFYSWP3 X 2020-01-11,124.28391663705891
PFYSWP3 X 2020-01-12,127.00827071692335
PFYSWP3 X 2020-01-13,134.25388289874002
PFYSWP3 X 2020-01-14,131.43364280471803
PFYSWP3 X 2020-01-15,178.20884193576757
PFYSWP3 X 2020-01-16,166.63557693537803
PFYSWP3 X 2020-01-17,165.18619242652602
PFYSWP3 X 2020-01-18,118.11308655219666
PFYSWP3 X 2020-01-19,135.30220386228393
PFYSWP3 X 2020-01-20,107.58662290147666
PFYSWP3 X 2020-01-21,136.72394647987716
PFYSWP3 X 2020-01-22,134.56832323106414
PFYSWP3 X 2020-01-23,148.7838009121931
PFYSWP3 X 2020-01-24,93.52648276451832
PFYSWP3 X 2020-01-25,151.31330290737856
PFYSWP3 X 2020-01-26,118.21819417895635
PFYSWP3 X 2020-01-27,175.94862013775406
PFYSWP3 X 2020-01-28,152.92347704032397
PFYSWP3 X 2020-01-29,131.75870705721076
PFYSWP3 X 2020-01-30,113.65193880702743
PFYSWP3 X 2020-01-31,135.64941412372167
PFYSWP3 X 2020-02-01,161.45309832633598
PFYSWP3 X 2020-02-02,127.28953792606059
PFYSWP3 X 2020-02-03,150.21140506443942
PFYSWP3 X 2020-02-04,151.5627309501611
PFYSWP3 X 2020-02-05,172.30780667220637
PFYSWP3 X 2020-02-06,168.7586331005873
PFYSWP3 X 2020-02-07,170.53683282399692
PFYSWP3 X 2020-02-08,121.03565832204823
PFYSWP3 X 2020-02-09,171.8580655130295
PFYSWP3 X 2020-02-10,146.61486728037892
PFYSWP3 X 2020-02-11,165.0567671490981
PFYSWP3 X 2020-02-12,164.9673722235088
PFYSWP3 X 2020-02-13,158.4363463971269
PFYSWP3 X 2020-02-14,164.9284854201049
PFYSWP3 X 2020-02-15,132.3127996173452
PFYSWP3 X 2020-02-16,167.4471782012265
PFYSWP3 X 2020-02-17,176.12260676472715
PFYSWP3 X 2020-02-18,175.02402285723252
PFYSWP3 X 2020-02-19,176.57973890056093
PFYSWP3 X 2020-02-20,111.60629486305059
PFYSWP3 X 2020-02-21,151.6288155480171
PFYSWP3 X 2020-02-22,75.04576872416698
PFYSWP3 X 2020-02-23,118.83969255776093
PFYSWP3 X 2020-02-24,103.31173169928495
PFYSWP3 X 2020-02-25,91.33879437962092
PFYSWP3 X 2020-02-26,107.67604003836563
PFYSWP3 X 2020-02-27,123.55320320890006
PFYSWP3 X 2020-02-28,155.58930185652633
PFYSWP3 X 2020-02-29,123.16532144044201
PFYSWP3 X 2020-03-01,144.61111951271835
PFYSWP3 X 2020-03-02,134.46087769200597
PFYSWP3 X 2020-03-03,127.86709797360099
PFYSWP3 X 2020-03-04,157.12989681872352
PFYSWP3 X 2020-03-05,100.65971795190137
PFYSWP3 X 2020-03-06,101.25897344629178
PFYSWP3 X 2020-03-07,89.41051037452644
PFYSWP3 X 2020-03-08,101.30729083925382
PFYSWP3 X 2020-03-09,121.6023366617841
PFYSWP3 X 2020-03-10,126.7845061711083
PFYSWP3 X 2020-03-11,137.5401772405463
PFYSWP3 X 2020-03-12,91.49388840367328
PFYSWP3 X 2020-03-13,78.69339941078248
PFYSWP3 X 2020-03-14,75.88153363270172
PFYSWP3 X 2020-03-15,114.83650469368642
PFYSWP3 X 2020-03-16,78.82825370470165
PFYSWP3 X 2020-03-17,121.42297253681893
PFYSWP3 X 2020-03-18,120.4385930762643
PFYSWP3 X 2020-03-19,136.11194661738944
PFYSWP3 X 2020-03-20,133.91675178113644
PFYSWP3 X 2020-03-21,143.43238349018833
PFYSWP3 X 2020-03-22,120.07100239416609
PFYSWP3 X 2020-03-23,94.89078248606477
PFYSWP3 X 2020-03-24,140.7850445339776
PFYSWP3 X 2020-03-25,135.3840734786549
PFYSWP3 X 2020-03-26,109.16834470394053
PFYSWP3 X 2020-03-27,122.37292293537833
PFYSWP3 X 2020-03-28,117.00297776843207
PFYSWP3 X 2020-03-29,102.6082230325972
PFYSWP3 X 2020-03-30,111.31837678700002
PFYSWP3 X 2020-03-31,100.63424043597432
PFYSWP3 X 2020-04-01,94.17866504730021
PFYSWP3 X 2020-04-02,127.34144177289564
PFYSWP3 X 2020-04-03,91.40317819313553
PFYSWP3 X 2020-04-04,106.41790841960464
PHJ2AC1 X 2020-01-02,43.393063044379645
PHJ2AC1 X 2020-01-03,47.57268098108928
PHJ2AC1 X 2020-01-04,37.220770694287474
PHJ2AC1 X 2020-01-05,26.689132040826856
PHJ2AC1 X 2020-01-06,23.196989477541585
PHJ2AC1 X 2020-01-07,38.09630132985941
PHJ2AC1 X 2020-01-08,41.13628595222485
PHJ2AC1 X 2020-01-09,24.708643287027
PHJ2AC1 X 2020-01-10,71.16587912755003
PHJ2AC1 X 2020-01-11,40.06497263964587
PHJ2AC1 X 2020-01-12,23.360410476360343
PHJ2AC1 X 2020-01-13,33.605869506165355
PHJ2AC1 X 2020-01-14,43.245480245274614
PHJ2AC1 X 2020-01-15,67.50049706243365
PHJ2AC1 X 2020-01-16,45.204396733557175
PHJ2AC1 X 2020-01-17,30.772238045231852
PHJ2AC1 X 2020-01-18,20.149736987726918
PHJ2AC1 X 2020-01-19,37.8891995878629
PHJ2AC1 X 2020-01-20,27.253582898015168
PHJ2AC1 X 2020-01-21,48.65950882784342
PHJ2AC1 X 2020-01-22,58.655996592966645
PHJ2AC1 X 2020-01-23,72.47270379374729
PHJ2AC1 X 2020-01-24,86.98739033745404
PHJ2AC1 X 2020-01-25,39.66006825816153
PHJ2AC1 X 2020-01-26,31.374115065647075
PHJ2AC1 X 2020-01-27,28.506748848293725
PHJ2AC1 X 2020-01-28,27.3958267040448
PHJ2AC1 X 2020-01-29,18.660327215271185
PHJ2AC1 X 2020-01-30,43.64064064747358
PHJ2AC1 X 2020-01-31,69.76544142847264
PHJ2AC1 X 2020-02-01,66.89246327333201
PHJ2AC1 X 2020-02-02,56.380635659303906
PHJ2AC1 X 2020-02-03,56.66962467234849
PHJ2AC1 X 2020-02-04,55.036541241226175
PHJ2AC1 X 2020-02-05,21.78084395131895
PHJ2AC1 X 2020-02-06,31.960603427328053
PHJ2AC1 X 2020-02-07,41.145696279139955
PHJ2AC1 X 2020-02-08,38.27784677734988
PHJ2AC1 X 2020-02-09,33.41284800249534
PHJ2AC1 X 2020-02-10,35.276782247787885
PHJ2AC1 X 2020-02-11,29.044977891682656
PHJ2AC1 X 2020-02-12,53.58273071511925
PHJ2AC1 X 2020-02-13,30.588700115536803
PHJ2AC1 X 2020-02-14,22.082744307912705
PHJ2AC1 X 2020-02-15,21.215949866517565
PHJ2AC1 X 2020-02-16,33.407190866169735
PHJ2AC1 X 2020-02-17,73.10713154954826
PHJ2AC1 X 2020-02-18,61.48355644958298
PHJ2AC1 X 2020-02-19,22.51219976379409
PHJ2AC1 X 2020-02-20,34.94212094247814
PHJ2AC1 X 2020-02-21,27.693255546969183
PHJ2AC1 X 2020-02-22,48.046747867570645
PHJ2AC1 X 2020-02-23,37.76867198777771
PHJ2AC1 X 2020-02-24,61.66233025563601
PHJ2AC1 X 2020-02-25,38.244226178061844
PHJ2AC1 X 2020-02-26,38.94548484103637
PHJ2AC1 X 2020-02-27,26.480333093700246
PHJ2AC1 X 2020-02-28,22.506882896028902
PHJ2AC1 X 2020-02-29,23.04096850222801
PHJ2AC1 X 2020-03-01,19.857328540548394
PHJ2AC1 X 2020-03-02,36.76882551441379
PHJ2AC1 X 2020-03-03,52.394049657236266
PHJ2AC1 X 2020-03-04,32.629235088131765
PHJ2AC1 X 2020-03-05,44.259316792817415
PHJ2AC1 X 2020-03-06,33.60950788741321
PHJ2AC1 X 2020-03-07,20.298502546095165
PHJ2AC1 X 2020-03-08,21.83002459920904
PHJ2AC1 X 2020-03-09,52.678976104698556
PHJ2AC1 X 2020-03-10,36.83076267661434
PHJ2AC1 X 2020-03-11,32.651360554207784
PHJ2AC1 X 2020-03-12,50.32840914422142
PHJ2AC1 X 2020-03-13,40.29756698914048
PHJ2AC1 X 2020-03-14,17.07275997974896
PHJ2AC1 X 2020-03-15,22.841578034997074
PHJ2AC1 X 2020-03-16,46.916100278298174
PHJ2AC1 X 2020-03-17,40.609211469604304
PHJ2AC1 X 2020-03-18,28.506102760338337
PHJ2AC1 X 2020-03-19,72.80944636639522
PHJ2AC1 X 2020-03-20,36.1623500231983
PHJ2AC1 X 2020-03-21,21.500736757945734
PHJ2AC1 X 2020-03-22,42.55572246451661
PHJ2AC1 X 2020-03-23,19.602524979059158
PHJ2AC1 X 2020-03-24,17.807641918459296
PHJ2AC1 X 2020-03-25,36.88185582810055
PHJ2AC1 X 2020-03-26,27.172270437788626
PHJ2AC1 X 2020-03-27,35.18562901099792
PHJ2AC1 X 2020-03-28,29.647883282376547
PHJ2AC1 X 2020-03-29,8.60125438253721
PHJ2AC1 X 2020-03-30,14.596958999400506
PHJ2AC1 X 2020-03-31,24.54973541560844
PHJ2AC1 X 2020-04-01,26.211815142253705
PHJ2AC1 X 2020-04-02,15.297905416908172
PHJ2AC1 X 2020-04-03,6.436196121336078
PHJ2AC1 X 2020-04-04,8.633294730017223
PP5RBWO X 2020-01-02,123.62510472600691
PP5RBWO X 2020-01-03,101.7062712821554
PP5RBWO X 2020-01-04,31.36751659684819
PP5RBWO X 2020-01-05,31.382411573380615
PP5RBWO X 2020-01-06,88.94744592488452
PP5RBWO X 2020-01-07,107.50808100681589
PP5RBWO X 2020-01-08,73.55617334955497
PP5RBWO X 2020-01-09,57.55425378355521
PP5RBWO X 2020-01-10,97.08797709121215
PP5RBWO X 2020-01-11,37.7225952851588
PP5RBWO X 2020-01-12,77.47468441542321
PP5RBWO X 2020-01-13,94.40700978430543
PP5RBWO X 2020-01-14,76.47248357780549
PP5RBWO X 2020-01-15,78.60857636331453
PP5RBWO X 2020-01-16,103.10306951348166
PP5RBWO X 2020-01-17,74.04169437404332
PP5RBWO X 2020-01-18,72.58696069131267
PP5RBWO X 2020-01-19,52.75599836905135
PP5RBWO X 2020-01-20,61.03474980939569
PP5RBWO X 2020-01-21,94.71628961245304
PP5RBWO X 2020-01-22,81.25473629866491
PP5RBWO X 2020-01-23,54.20603922481301
PP5RBWO X 2020-01-24,69.35047731055873
PP5RBWO X 2020-01-25,110.01227692695674
PP5RBWO X 2020-01-26,106.14037264119388
PP5RBWO X 2020-01-27,96.50098311711128
PP5RBWO X 2020-01-28,49.54843309572031
PP5RBWO X 2020-01-29,35.08333554175235
PP5RBWO X 2020-01-30,22.232967228807368
PP5RBWO X 2020-01-31,70.23084889324885
PP5RBWO X 2020-02-01,26.88632604815463
PP5RBWO X 2020-02-02,19.526772876204138
PP5RBWO X 2020-02-03,22.060342278522764
PP5RBWO X 2020-02-04,19.01697451086509
PP5RBWO X 2020-02-05,31.757716395890192
PP5RBWO X 2020-02-06,34.057216849100655
PP5RBWO X 2020-02-07,34.613755443737446
PP5RBWO X 2020-02-08,88.03291090943047
PP5RBWO X 2020-02-09,65.82553876817023
PP5RBWO X 2020-02-10,52.67337891675515
PP5RBWO X 2020-02-11,29.545385579892503
PP5RBWO X 2020-02-12,20.748298542441496
PP5RBWO X 2020-02-13,27.45284803480434
PP5RBWO X 2020-02-14,25.55329535423573
PP5RBWO X 2020-02-15,57.219390948949396
PP5RBWO X 2020-02-16,61.59060303264475
PP5RBWO X 2020-02-17,52.411292149609594
PP5RBWO X 2020-02-18,17.774195926446133
PP5RBWO X 2020-02-19,30.351963049401526
PP5RBWO X 2020-02-20,31.689529636237566
PP5RBWO X 2020-02-21,40.55940747216675
PP5RBWO X 2020-02-22,57.88037189432998
PP5RBWO X 2020-02-23,26.051643919214413
PP5RBWO X 2020-02-24,22.550439539931226
PP5RBWO X 2020-02-25,58.98000293871638
PP5RBWO X 2020-02-26,26.896526987038484
PP5RBWO X 2020-02-27,24.380734662379744
PP5RBWO X 2020-02-28,21.915101351790028
PP5RBWO X 2020-02-29,58.03176615494836
PP5RBWO X 2020-03-01,43.214830331527374
PP5RBWO X 2020-03-02,46.488942787441204
PP5RBWO X 2020-03-03,36.28307922652549
PP5RBWO X 2020-03-04,28.51846746199398
PP5RBWO X 2020-03-05,64.44961420190911
PP5RBWO X 2020-03-06,50.90503871458253
PP5RBWO X 2020-03-07,37.51566357713581
PP5RBWO X 2020-03-08,24.75571580202307
PP5RBWO X 2020-03-09,59.352904059212236
PP5RBWO X 2020-03-10,24.4086556201582
PP5RBWO X 2020-03-11,25.22456397469346
PP5RBWO X 2020-03-12,33.027720934701065
PP5RBWO X 2020-03-13,52.948466394121546
PP5RBWO X 2020-03-14,29.64667556376707
PP5RBWO X 2020-03-15,44.134863972410486
PP5RBWO X 2020-03-16,44.994400413347385
PP5RBWO X 2020-03-17,53.432125503445775
PP5RBWO X 2020-03-18,50.79747050147719
PP5RBWO X 2020-03-19,66.93667912068412
PP5RBWO X 2020-03-20,76.94784795802484
PP5RBWO X 2020-03-21,67.08035186923267
PP5RBWO X 2020-03-22,40.29261714112808
PP5RBWO X 2020-03-23,43.2468310054967
PP5RBWO X 2020-03-24,59.95779653924278
PP5RBWO X 2020-03-25,58.87328638792327
PP5RBWO X 2020-03-26,75.39535677687797
PP5RBWO X 2020-03-27,77.27805023204337
PP5RBWO X 2020-03-28,83.14608224082079
PP5RBWO X 2020-03-29,28.10827015976772
PP5RBWO X 2020-03-30,18.612229049317648
PP5RBWO X 2020-03-31,61.27301953125928
PP5RBWO X 2020-04-01,57.93112959650907
PP5RBWO X 2020-04-02,63.80829797021963
PP5RBWO X 2020-04-03,70.49050793492057
PP5RBWO X 2020-04-04,65.67632135298207
QDLS75K X 2020-01-02,75.61338437467901
QDLS75K X 2020-01-03,89.38844621156137
QDLS75K X 2020-01-04,64.94707725760888
QDLS75K X 2020-01-05,50.4443654040493
QDLS75K X 2020-01-06,90.37534621617563
QDLS75K X 2020-01-07,92.99720683410021
QDLS75K X 2020-01-08,123.42455898256922
QDLS75K X 2020-01-09,81.53453118894993
QDLS75K X 2020-01-10,87.09161915366654
QDLS75K X 2020-01-11,51.36518884267328
QDLS75K X 2020-01-12,80.20042205959965
QDLS75K X 2020-01-13,64.69080211436321
QDLS75K X 2020-01-14,63.10494415151392
QDLS75K X 2020-01-15,101.35658236241707
QDLS75K X 2020-01-16,91.79333999732947
QDLS75K X 2020-01-17,72.22430090444887
QDLS75K X 2020-01-18,67.20890744191213
QDLS75K X 2020-01-19,60.204213969951624
QDLS75K X 2020-01-20,56.761241344043086
QDLS75K X 2020-01-21,100.84112928988532
QDLS75K X 2020-01-22,78.47680167989324
QDLS75K X 2020-01-23,60.552480093691116
QDLS75K X 2020-01-24,77.80455582692163
QDLS75K X 2020-01-25,112.05052291812143
QDLS75K X 2020-01-26,96.99280688816225
QDLS75K X 2020-01-27,100.82818175911784
QDLS75K X 2020-01-28,81.91934667651587
QDLS75K X 2020-01-29,84.20093386867484
QDLS75K X 2020-01-30,66.42900384267851
QDLS75K X 2020-01-31,69.76023471449444
QDLS75K X 2020-02-01,67.38344110592976
QDLS75K X 2020-02-02,52.35856138846831
QDLS75K X 2020-02-03,76.27859275626824
QDLS75K X 2020-02-04,59.48565778316147
QDLS75K X 2020-02-05,59.114692755283116
QDLS75K X 2020-02-06,95.63326901261341
QDLS75K X 2020-02-07,67.2742098158124
QDLS75K X 2020-02-08,49.92898433464277
QDLS75K X 2020-02-09,46.64510954602527
QDLS75K X 2020-02-10,41.25413383909917
QDLS75K X 2020-02-11,38.215217981742555
QDLS75K X 2020-02-12,64.46355225387484
QDLS75K X 2020-02-13,60.981604771753965
QDLS75K X 2020-02-14,60.6735808891478
QDLS75K X 2020-02-15,67.14174693281062
QDLS75K X 2020-02-16,79.26541498397151
QDLS75K X 2020-02-17,67.11238126200625
QDLS75K X 2020-02-18,82.18090662277976
QDLS75K X 2020-02-19,72.57439684550843
QDLS75K X 2020-02-20,69.46285436228658
QDLS75K X 2020-02-21,63.70148062102709
QDLS75K X 2020-02-22,84.89193979958813
QDLS75K X 2020-02-23,50.27854975660299
QDLS75K X 2020-02-24,64.70566278364034
QDLS75K X 2020-02-25,49.32671736002945
QDLS75K X 2020-02-26,40.1390751565082
QDLS75K X 2020-02-27,76.91151141727622
QDLS75K X 2020-02-28,79.85270745257837
QDLS75K X 2020-02-29,69.12814881830926
QDLS75K X 2020-03-01,57.81237997831131
QDLS75K X 2020-03-02,41.33868165523071
QDLS75K X 2020-03-03,41.50754156233205
QDLS75K X 2020-03-04,74.85457192402873
QDLS75K X 2020-03-05,89.9481252097027
QDLS75K X 2020-03-06,72.80488166390664
QDLS75K X 2020-03-07,113.65400862284905
QDLS75K X 2020-03-08,64.45772115696522
QDLS75K X 2020-03-09,74.8720830183899
QDLS75K X 2020-03-10,81.48283008482858
QDLS75K X 2020-03-11,77.35584408768266
QDLS75K X 2020-03-12,80.05088669803732
QDLS75K X 2020-03-13,89.05677936726345
QDLS75K X 2020-03-14,52.6977556609052
QDLS75K X 2020-03-15,70.60517591544438
QDLS75K X 2020-03-16,40.34559489560471
QDLS75K X 2020-03-17,53.614080569667
QDLS75K X 2020-03-18,59.19622894152185
QDLS75K X 2020-03-19,48.87871455906486
QDLS75K X 2020-03-20,71.62794946596205
QDLS75K X 2020-03-21,66.47285235227842
QDLS75K X 2020-03-22,60.46558371574545
QDLS75K X 2020-03-23,42.20992328481707
QDLS75K X 2020-03-24,47.746884690585965
QDLS75K X 2020-03-25,48.492745722519246
QDLS75K X 2020-03-26,59.59742796265954
QDLS75K X 2020-03-27,61.09678006004067
QDLS75K X 2020-03-28,59.79376424508443
QDLS75K X 2020-03-29,46.26332833948346
QDLS75K X 2020-03-30,42.24687214297725
QDLS75K X 2020-03-31,35.01330174049997
QDLS75K X 2020-04-01,48.36641865379485
QDLS75K X 2020-04-02,50.345156675099815
QDLS75K X 2020-04-03,74.59385436653743
QDLS75K X 2020-04-04,74.8210118359022
QLO2NZF X 2020-01-02,190.90355841424628
QLO2NZF X 2020-01-03,171.3032087489509
QLO2NZF X 2020-01-04,141.65278708635617
QLO2NZF X 2020-01-05,114.56560955816141
QLO2NZF X 2020-01-06,239.71202056730897
QLO2NZF X 2020-01-07,68.58305813230179
QLO2NZF X 2020-01-08,50.57596982439624
QLO2NZF X 2020-01-09,194.55354840300782
QLO2NZF X 2020-01-10,140.83921565205316
QLO2NZF X 2020-01-11,68.77893911332781
QLO2NZF X 2020-01-12,156.18270970097427
QLO2NZF X 2020-01-13,71.92100537801134
QLO2NZF X 2020-01-14,112.13870340813891
QLO2NZF X 2020-01-15,216.44145397607565
QLO2NZF X 2020-01-16,113.44488142543922
QLO2NZF X 2020-01-17,203.72802506933755
QLO2NZF X 2020-01-18,164.92032853618497
QLO2NZF X 2020-01-19,135.45217271690808
QLO2NZF X 2020-01-20,76.50379505837263
QLO2NZF X 2020-01-21,190.49455977545324
QLO2NZF X 2020-01-22,171.35603024832312
QLO2NZF X 2020-01-23,132.27830408557924
QLO2NZF X 2020-01-24,166.95969782456865
QLO2NZF X 2020-01-25,199.71145460390358
QLO2NZF X 2020-01-26,215.36965365375642
QLO2NZF X 2020-01-27,250.72159437909596
QLO2NZF X 2020-01-28,243.57760319979081
QLO2NZF X 2020-01-29,155.3683844683518
QLO2NZF X 2020-01-30,152.84585087305948
QLO2NZF X 2020-01-31,172.26180332668548
QLO2NZF X 2020-02-01,84.77063979254434
QLO2NZF X 2020-02-02,154.4429814915353
QLO2NZF X 2020-02-03,112.50740432810369
QLO2NZF X 2020-02-04,60.347130541672
QLO2NZF X 2020-02-05,118.8258327819723
QLO2NZF X 2020-02-06,139.01980588803735
QLO2NZF X 2020-02-07,186.99092762543563
QLO2NZF X 2020-02-08,111.65848540415371
QLO2NZF X 2020-02-09,178.28290069931444
QLO2NZF X 2020-02-10,149.11788893064625
QLO2NZF X 2020-02-11,209.3051660826319
QLO2NZF X 2020-02-12,207.33250130626163
QLO2NZF X 2020-02-13,198.4620835553631
QLO2NZF X 2020-02-14,70.34819626617846
QLO2NZF X 2020-02-15,74.70515291844225
QLO2NZF X 2020-02-16,40.86445537328772
QLO2NZF X 2020-02-17,52.85154366454716
QLO2NZF X 2020-02-18,93.76170958921232
QLO2NZF X 2020-02-19,181.67550027811978
QLO2NZF X 2020-02-20,137.37817364597498
QLO2NZF X 2020-02-21,125.5044911561548
QLO2NZF X 2020-02-22,46.201874272686425
QLO2NZF X 2020-02-23,139.5021202371484
QLO2NZF X 2020-02-24,112.52702046791184
QLO2NZF X 2020-02-25,137.84775854209897
QLO2NZF X 2020-02-26,161.61419503442914
QLO2NZF X 2020-02-27,106.06005911000666
QLO2NZF X 2020-02-28,167.56301694699368
QLO2NZF X 2020-02-29,144.73270919208585
QLO2NZF X 2020-03-01,67.79676767339734
QLO2NZF X 2020-03-02,88.51751531907927
QLO2NZF X 2020-03-03,49.570053314699294
QLO2NZF X 2020-03-04,70.10691858334927
QLO2NZF X 2020-03-05,125.50245117414134
QLO2NZF X 2020-03-06,169.0491522770297
QLO2NZF X 2020-03-07,57.65651442039372
QLO2NZF X 2020-03-08,91.56662989508119
QLO2NZF X 2020-03-09,89.04651624379812
QLO2NZF X 2020-03-10,48.37951703799613
QLO2NZF X 2020-03-11,118.43420513727213
QLO2NZF X 2020-03-12,40.42308157674662
QLO2NZF X 2020-03-13,99.5590804935038
QLO2NZF X 2020-03-14,58.58908636503574
QLO2NZF X 2020-03-15,45.18487549337975
QLO2NZF X 2020-03-16,91.00715012822953
QLO2NZF X 2020-03-17,90.79238499687845
QLO2NZF X 2020-03-18,108.26834171033252
QLO2NZF X 2020-03-19,41.84331304740797
QLO2NZF X 2020-03-20,95.85901032749662
QLO2NZF X 2020-03-21,103.93331998228366
QLO2NZF X 2020-03-22,103.46705557202553
QLO2NZF X 2020-03-23,92.58876323389214
QLO2NZF X 2020-03-24,121.99874444301419
QLO2NZF X 2020-03-25,147.33329721633407
QLO2NZF X 2020-03-26,76.47317575428734
QLO2NZF X 2020-03-27,53.1415949242252
QLO2NZF X 2020-03-28,83.72372646464588
QLO2NZF X 2020-03-29,114.27226779682492
QLO2NZF X 2020-03-30,87.18515261612005
QLO2NZF X 2020-03-31,121.70189146777922
QLO2NZF X 2020-04-01,65.28379878995757
QLO2NZF X 2020-04-02,51.248833918423536
QLO2NZF X 2020-04-03,50.43384335297683
QLO2NZF X 2020-04-04,67.04974745105281
RG3VKJB X 2020-03-11,76.79495577163368
RG3VKJB X 2020-03-12,79.04254129480401
RG3VKJB X 2020-03-13,84.23357182543255
RG3VKJB X 2020-03-14,89.59797677600933
RG3VKJB X 2020-03-15,85.73201265146692
RG3VKJB X 2020-03-16,89.78682436057674
RG3VKJB X 2020-03-17,87.21663981973222
RG3VKJB X 2020-03-18,89.3662709126801
RG3VKJB X 2020-03-19,80.55949847038578
RG3VKJB X 2020-03-20,87.42166055940761
RG3VKJB X 2020-03-21,87.38359088656644
RG3VKJB X 2020-03-22,87.54587366179727
RG3VKJB X 2020-03-23,87.23725473327589
RG3VKJB X 2020-03-24,72.39643603833287
RG3VKJB X 2020-03-25,74.90925201887732
RG3VKJB X 2020-03-26,74.39310720098742
RG3VKJB X 2020-03-27,73.1771224616884
RG3VKJB X 2020-03-28,79.78989099559185
RG3VKJB X 2020-03-29,75.83291803800412
RG3VKJB X 2020-03-30,73.61632281261943
RG3VKJB X 2020-03-31,68.18970377183122
RG3VKJB X 2020-04-01,69.99442247785501
RG3VKJB X 2020-04-02,66.76857031953536
RG3VKJB X 2020-04-03,72.62145621944589
RG3VKJB X 2020-04-04,54.8176245595929
RKAR1AR X 2020-01-02,63.01119643447723
RKAR1AR X 2020-01-03,25.919669263412352
RKAR1AR X 2020-01-04,28.065197331243404
RKAR1AR X 2020-01-05,39.94200716780372
RKAR1AR X 2020-01-06,46.57586477231409
RKAR1AR X 2020-01-07,43.03463862544491
RKAR1AR X 2020-01-08,16.943024605571544
RKAR1AR X 2020-01-09,24.971099866482092
RKAR1AR X 2020-01-10,22.512911245540337
RKAR1AR X 2020-01-11,33.953961884916474
RKAR1AR X 2020-01-12,24.804494382896884
RKAR1AR X 2020-01-13,33.74862109407359
RKAR1AR X 2020-01-14,9.567849248424505
RKAR1AR X 2020-01-15,13.787592369294849
RKAR1AR X 2020-01-16,38.31689333057797
RKAR1AR X 2020-01-17,30.754853919935414
RKAR1AR X 2020-01-18,25.856747773746704
RKAR1AR X 2020-01-19,39.82968178892897
RKAR1AR X 2020-01-20,50.05798723421713
RKAR1AR X 2020-01-21,62.79217280146537
RKAR1AR X 2020-01-22,72.63957909293532
RKAR1AR X 2020-01-23,70.64064632849468
RKAR1AR X 2020-01-24,78.74977905958157
RKAR1AR X 2020-01-25,79.57607240486321
RKAR1AR X 2020-01-26,77.07176869550673
RKAR1AR X 2020-01-27,20.02054845860395
RKAR1AR X 2020-01-28,11.67414051488706
RKAR1AR X 2020-01-29,22.83456601969128
RKAR1AR X 2020-01-30,32.37060659797106
RKAR1AR X 2020-01-31,18.83248504493395
RKAR1AR X 2020-02-01,18.7054902217581
RKAR1AR X 2020-02-02,23.90355191657566
RKAR1AR X 2020-02-03,32.585981387916625
RKAR1AR X 2020-02-04,23.29005772635941
RKAR1AR X 2020-02-05,33.28961080028702
RKAR1AR X 2020-02-06,49.37140804049457
RKAR1AR X 2020-02-07,73.03880988270596
RKAR1AR X 2020-02-08,47.429486868688386
RKAR1AR X 2020-02-09,18.48261728270952
RKAR1AR X 2020-02-10,23.09140038199942
RKAR1AR X 2020-02-11,17.576589262498693
RKAR1AR X 2020-02-12,18.12210508123046
RKAR1AR X 2020-02-13,16.931080133366873
RKAR1AR X 2020-02-14,18.63556131063147
RKAR1AR X 2020-02-15,31.180813228939797
RKAR1AR X 2020-02-16,6.781976363118165
RKAR1AR X 2020-02-17,18.580679308423388
RKAR1AR X 2020-02-18,22.49320322882133
RKAR1AR X 2020-02-19,21.465218877112736
RKAR1AR X 2020-02-20,19.891060296509153
RKAR1AR X 2020-02-21,23.553778850998796
RKAR1AR X 2020-02-22,25.146862283352306
RKAR1AR X 2020-02-23,15.206326959025752
RKAR1AR X 2020-02-24,16.564164725740813
RKAR1AR X 2020-02-25,17.391404206986223
RKAR1AR X 2020-02-26,21.50541965999811
RKAR1AR X 2020-02-27,16.16073378084333
RKAR1AR X 2020-02-28,20.810288096691828
RKAR1AR X 2020-02-29,37.366947057396104
RKAR1AR X 2020-03-01,15.998305140917111
RKAR1AR X 2020-03-02,18.644099505133788
RKAR1AR X 2020-03-03,29.738990835479825
RKAR1AR X 2020-03-04,37.393833211796974
RKAR1AR X 2020-03-05,36.41414008510987
RKAR1AR X 2020-03-06,49.70440347860384
RKAR1AR X 2020-03-07,39.958886366436424
RKAR1AR X 2020-03-08,20.902377715687773
RKAR1AR X 2020-03-09,23.143835759328454
RKAR1AR X 2020-03-10,18.01211037048786
RKAR1AR X 2020-03-11,18.14060909753784
RKAR1AR X 2020-03-12,14.721765651383848
RKAR1AR X 2020-03-13,22.649857348386277
RKAR1AR X 2020-03-14,45.03191510242878
RKAR1AR X 2020-03-15,27.875448252439135
RKAR1AR X 2020-03-16,58.05251075253189
RKAR1AR X 2020-03-17,44.737546593835276
RKAR1AR X 2020-03-18,34.92201976847012
RKAR1AR X 2020-03-19,48.5128924954412
RKAR1AR X 2020-03-20,25.28121531767252
RKAR1AR X 2020-03-21,24.216156705042053
RKAR1AR X 2020-03-22,24.997173469352866
RKAR1AR X 2020-03-23,32.88297217849838
RKAR1AR X 2020-03-24,44.91950160531025
RKAR1AR X 2020-03-25,57.11371962590202
RKAR1AR X 2020-03-26,61.05656145976367
RKAR1AR X 2020-03-27,88.53709866236919
RKAR1AR X 2020-03-28,79.76745123095536
RKAR1AR X 2020-03-29,26.905273159820375
RKAR1AR X 2020-03-30,17.347469719442422
RKAR1AR X 2020-03-31,24.36915304737846
RKAR1AR X 2020-04-01,31.89948865510361
RKAR1AR X 2020-04-02,36.52383322132836
RKAR1AR X 2020-04-03,28.927905100327855
RKAR1AR X 2020-04-04,51.92891291509302
S7F67CE X 2020-01-02,29.180314985902754
S7F67CE X 2020-01-03,24.107691251633902
S7F67CE X 2020-01-04,36.55712054118801
S7F67CE X 2020-01-05,37.62603815823344
S7F67CE X 2020-01-06,23.912305982379763
S7F67CE X 2020-01-07,24.712452198115066
S7F67CE X 2020-01-13,19.836478053844353
S7F67CE X 2020-01-14,16.129001083264143
S7F67CE X 2020-01-15,13.105370280598777
S7F67CE X 2020-01-16,25.069443665486446
S7F67CE X 2020-01-17,27.5701093290468
S7F67CE X 2020-01-18,26.961266534883066
S7F67CE X 2020-01-19,50.86381472590089
S7F67CE X 2020-01-20,74.08057309552423
S7F67CE X 2020-01-21,67.40841594489478
S7F67CE X 2020-01-22,65.48640326173155
S7F67CE X 2020-01-23,57.58676597752549
S7F67CE X 2020-01-24,67.60548937945723
S7F67CE X 2020-01-25,56.07044393423607
S7F67CE X 2020-01-26,38.10707268549528
S7F67CE X 2020-01-27,20.785100626100196
S7F67CE X 2020-01-28,11.6013658802608
S7F67CE X 2020-01-29,26.761066223166146
S7F67CE X 2020-01-30,21.33337692383882
S7F67CE X 2020-01-31,17.04493497431799
S7F67CE X 2020-02-01,17.911896501051018
S7F67CE X 2020-02-02,28.047710415726783
S7F67CE X 2020-02-03,23.772090460121007
S7F67CE X 2020-02-04,27.16123230366479
S7F67CE X 2020-02-05,56.504333521776445
S7F67CE X 2020-02-06,56.46864120821189
S7F67CE X 2020-02-07,68.32428418658249
S7F67CE X 2020-02-08,18.45730408539461
S7F67CE X 2020-02-09,18.384049533193476
S7F67CE X 2020-02-10,20.8004343816303
S7F67CE X 2020-02-11,15.257329582319386
S7F67CE X 2020-02-12,22.179181732426038
S7F67CE X 2020-02-13,18.40565092401751
S7F67CE X 2020-02-14,28.81201280724582
S7F67CE X 2020-02-15,10.87608988654949
S7F67CE X 2020-02-16,13.70210763290152
S7F67CE X 2020-02-17,18.96445530438489
S7F67CE X 2020-02-18,14.901640498752169
S7F67CE X 2020-02-19,21.385093671275662
S7F67CE X 2020-02-20,14.568610231570162
S7F67CE X 2020-02-21,25.282636983184375
S7F67CE X 2020-02-22,18.055720680013625
S7F67CE X 2020-02-23,23.905409680796346
S7F67CE X 2020-02-24,23.311653140141324
S7F67CE X 2020-02-25,13.151432246622463
S7F67CE X 2020-02-26,22.48024696523798
S7F67CE X 2020-02-27,23.89941979860881
S7F67CE X 2020-02-28,26.955886324443625
S7F67CE X 2020-02-29,13.601538705208508
S7F67CE X 2020-03-01,17.874519896139972
S7F67CE X 2020-03-02,30.07033293641242
S7F67CE X 2020-03-03,29.33404906256171
S7F67CE X 2020-03-04,28.34186931577119
S7F67CE X 2020-03-05,38.82148006580796
S7F67CE X 2020-03-06,41.4029953282117
S7F67CE X 2020-03-07,38.80648895005565
S7F67CE X 2020-03-08,22.037239774582495
S7F67CE X 2020-03-09,18.188074995055114
S7F67CE X 2020-03-11,22.87860962255322
S7F67CE X 2020-03-12,19.108003551435942
S7F67CE X 2020-03-13,22.940666037231654
S7F67CE X 2020-03-14,26.280269550539373
S7F67CE X 2020-03-15,21.995714501889733
S7F67CE X 2020-03-16,39.37042114815683
S7F67CE X 2020-03-17,34.89464611723565
S7F67CE X 2020-03-18,17.23201765196597
S7F67CE X 2020-03-19,46.28045889780423
S7F67CE X 2020-03-20,32.891824472698985
S7F67CE X 2020-03-21,23.54051480540241
S7F67CE X 2020-03-22,39.83918167230104
S7F67CE X 2020-03-23,47.905936113111544
S7F67CE X 2020-03-24,58.37235366053186
S7F67CE X 2020-03-25,65.09358666781571
S7F67CE X 2020-03-26,74.52350539380609
S7F67CE X 2020-03-27,64.45580158925564
S7F67CE X 2020-03-28,29.200773204371643
S7F67CE X 2020-03-29,23.723640881628853
S7F67CE X 2020-03-30,26.001165621840236
S7F67CE X 2020-03-31,19.966901480434984
S7F67CE X 2020-04-01,31.259655765860437
S7F67CE X 2020-04-02,27.70870242119819
S7F67CE X 2020-04-03,30.37007810198171
S7F67CE X 2020-04-04,38.73896575736623
SGM8B5D X 2020-01-02,175.0921306100409
SGM8B5D X 2020-01-03,158.24623614329528
SGM8B5D X 2020-01-04,222.01872353145757
SGM8B5D X 2020-01-05,206.23890626456182
SGM8B5D X 2020-01-06,153.31899385294406
SGM8B5D X 2020-01-07,141.11705652003076
SGM8B5D X 2020-01-08,137.39991357081794
SGM8B5D X 2020-01-09,172.78084323659516
SGM8B5D X 2020-01-10,180.45527935457181
SGM8B5D X 2020-01-11,189.0958296245376
SGM8B5D X 2020-01-12,208.45119307903514
SGM8B5D X 2020-01-13,170.36148025053876
SGM8B5D X 2020-01-14,185.86048735413374
SGM8B5D X 2020-01-15,156.53014022773846
SGM8B5D X 2020-01-16,105.44779616988808
SGM8B5D X 2020-01-17,127.89271094410073
SGM8B5D X 2020-01-18,181.59047668780653
SGM8B5D X 2020-01-19,182.08629108011388
SGM8B5D X 2020-01-20,176.77660697196865
SGM8B5D X 2020-01-21,151.5743206666845
SGM8B5D X 2020-01-22,210.71673098987537
SGM8B5D X 2020-01-23,138.40244957080614
SGM8B5D X 2020-01-24,159.83987072623597
SGM8B5D X 2020-01-25,203.68756102948834
SGM8B5D X 2020-01-26,196.2082625058951
SGM8B5D X 2020-01-27,191.8947781330872
SGM8B5D X 2020-01-28,119.34064612275456
SGM8B5D X 2020-01-29,127.40063544326686
SGM8B5D X 2020-01-30,170.75928991608612
SGM8B5D X 2020-01-31,185.04860742540313
SGM8B5D X 2020-02-01,165.37400950126306
SGM8B5D X 2020-02-02,151.67493828126504
SGM8B5D X 2020-02-03,179.06256051777672
SGM8B5D X 2020-02-04,210.8458856048012
SGM8B5D X 2020-02-05,131.66334264860762
SGM8B5D X 2020-02-06,179.23543280849702
SGM8B5D X 2020-02-07,188.55590507683837
SGM8B5D X 2020-02-08,174.5596084829291
SGM8B5D X 2020-02-09,200.44569510362885
SGM8B5D X 2020-02-10,206.91621319254682
SGM8B5D X 2020-02-11,191.1193263101809
SGM8B5D X 2020-02-12,174.8038604763637
SGM8B5D X 2020-02-13,142.03242386426552
SGM8B5D X 2020-02-14,156.36152939160058
SGM8B5D X 2020-02-15,179.39408238649378
SGM8B5D X 2020-02-16,189.98418296628307
SGM8B5D X 2020-02-17,178.46615237974413
SGM8B5D X 2020-02-18,94.1818948479394
SGM8B5D X 2020-02-19,128.2438066496021
SGM8B5D X 2020-02-20,164.81001482211735
SGM8B5D X 2020-02-21,88.21991737743785
SGM8B5D X 2020-02-22,132.3829974690288
SGM8B5D X 2020-02-23,144.6712365296018
SGM8B5D X 2020-02-24,125.24270028433865
SGM8B5D X 2020-02-25,192.21241532117
SGM8B5D X 2020-02-26,191.6056955302268
SGM8B5D X 2020-02-27,113.07872296825207
SGM8B5D X 2020-02-28,135.22477756303977
SGM8B5D X 2020-02-29,151.5730067619088
SGM8B5D X 2020-03-01,107.00962989636587
SGM8B5D X 2020-03-02,172.96348422983056
SGM8B5D X 2020-03-03,171.99415033391438
SGM8B5D X 2020-03-04,156.96486079583673
SGM8B5D X 2020-03-05,98.77994454982606
SGM8B5D X 2020-03-06,73.95747955915196
SGM8B5D X 2020-03-07,100.8659122522567
SGM8B5D X 2020-03-08,164.68931102609014
SGM8B5D X 2020-03-09,110.04665660123518
SGM8B5D X 2020-03-10,154.4040161037069
SGM8B5D X 2020-03-11,121.92384517324693
SGM8B5D X 2020-03-12,111.6251410145539
SGM8B5D X 2020-03-13,158.4489639554335
SGM8B5D X 2020-03-14,117.26242490900817
SGM8B5D X 2020-03-15,126.5614881675459
SGM8B5D X 2020-03-16,147.46210437149682
SGM8B5D X 2020-03-17,136.76119245191484
SGM8B5D X 2020-03-18,151.035365523746
SGM8B5D X 2020-03-19,175.87887685554375
SGM8B5D X 2020-03-20,156.30023202839692
SGM8B5D X 2020-03-21,162.62957103343115
SGM8B5D X 2020-03-22,148.43763801083497
SGM8B5D X 2020-03-23,146.72399924689915
SGM8B5D X 2020-03-24,144.24103360616306
SGM8B5D X 2020-03-25,106.09732248662195
SGM8B5D X 2020-03-26,97.035999509219
SGM8B5D X 2020-03-27,83.67212467153264
SGM8B5D X 2020-03-28,63.12710808440093
SGM8B5D X 2020-03-29,63.21860834175028
SGM8B5D X 2020-03-30,60.71107107257946
SGM8B5D X 2020-03-31,80.66101758472077
SGM8B5D X 2020-04-01,105.30747068067978
SGM8B5D X 2020-04-02,72.90322713710599
SGM8B5D X 2020-04-03,76.91022787840255
SGM8B5D X 2020-04-04,103.022469394731
SJPKSWZ X 2020-01-02,41.20602694719848
SJPKSWZ X 2020-01-03,64.61435660010231
SJPKSWZ X 2020-01-04,50.54074207618341
SJPKSWZ X 2020-01-05,34.10878145430825
SJPKSWZ X 2020-01-06,71.61009795882912
SJPKSWZ X 2020-01-07,85.1289336854864
SJPKSWZ X 2020-01-08,44.857719382197544
SJPKSWZ X 2020-01-09,29.25943797888324
SJPKSWZ X 2020-01-10,47.29638441562888
SJPKSWZ X 2020-01-11,38.546852814100255
SJPKSWZ X 2020-01-12,35.11770214197787
SJPKSWZ X 2020-01-13,58.83634824294742
SJPKSWZ X 2020-01-14,64.16250062533175
SJPKSWZ X 2020-01-15,61.12584179703971
SJPKSWZ X 2020-01-16,65.26716768232293
SJPKSWZ X 2020-01-17,31.282636427893834
SJPKSWZ X 2020-01-18,63.95673780450234
SJPKSWZ X 2020-01-19,42.65750133667344
SJPKSWZ X 2020-01-20,32.730286539447135
SJPKSWZ X 2020-01-21,85.6485550308332
SJPKSWZ X 2020-01-22,55.72280432174509
SJPKSWZ X 2020-01-23,46.37585899609524
SJPKSWZ X 2020-01-24,91.50865066874208
SJPKSWZ X 2020-01-25,39.783857243820364
SJPKSWZ X 2020-01-26,37.352244033865006
SJPKSWZ X 2020-01-27,25.03519783185351
SJPKSWZ X 2020-01-28,35.70940250148804
SJPKSWZ X 2020-01-29,40.94282307270871
SJPKSWZ X 2020-01-30,121.513281063593
SJPKSWZ X 2020-01-31,135.91004773500737
SJPKSWZ X 2020-02-01,96.60600581296734
SJPKSWZ X 2020-02-02,78.01219762415323
SJPKSWZ X 2020-02-03,81.77927466655785
SJPKSWZ X 2020-02-04,81.57409954233499
SJPKSWZ X 2020-02-05,48.473337661389756
SJPKSWZ X 2020-02-06,68.89306873830863
SJPKSWZ X 2020-02-07,40.79570922169968
SJPKSWZ X 2020-02-08,22.35278743828803
SJPKSWZ X 2020-02-09,77.78677348266565
SJPKSWZ X 2020-02-10,71.97448786030927
SJPKSWZ X 2020-02-11,39.56860450666614
SJPKSWZ X 2020-02-12,54.954433909344495
SJPKSWZ X 2020-02-13,49.354862055645114
SJPKSWZ X 2020-02-14,28.62324036187681
SJPKSWZ X 2020-02-15,103.16057636828634
SJPKSWZ X 2020-02-16,42.67727725220351
SJPKSWZ X 2020-02-17,17.55718683391278
SJPKSWZ X 2020-02-18,80.79812110529915
SJPKSWZ X 2020-02-19,18.19982124571179
SJPKSWZ X 2020-02-20,39.52095861720029
SJPKSWZ X 2020-02-21,91.17762097296296
SJPKSWZ X 2020-02-22,38.975891887021014
SJPKSWZ X 2020-02-23,52.26747778224945
SJPKSWZ X 2020-02-24,77.10776851859123
SJPKSWZ X 2020-02-25,46.14720407294169
SJPKSWZ X 2020-02-26,35.05091111776129
SJPKSWZ X 2020-02-27,22.583206012793816
SJPKSWZ X 2020-02-28,20.984058585976154
SJPKSWZ X 2020-02-29,58.4149512751175
SJPKSWZ X 2020-03-01,40.487853172915976
SJPKSWZ X 2020-03-02,56.89875268270946
SJPKSWZ X 2020-03-03,64.74799093385522
SJPKSWZ X 2020-03-04,22.20936578656271
SJPKSWZ X 2020-03-05,45.04398909646962
SJPKSWZ X 2020-03-06,58.811273815585835
SJPKSWZ X 2020-03-07,31.997630000690776
SJPKSWZ X 2020-03-08,82.64317947696932
SJPKSWZ X 2020-03-09,69.1544024148338
SJPKSWZ X 2020-03-10,51.14735207576444
SJPKSWZ X 2020-03-11,32.945027300213724
SJPKSWZ X 2020-03-12,76.84373966892578
SJPKSWZ X 2020-03-13,28.142674225625647
SJPKSWZ X 2020-03-14,35.119113536463736
SJPKSWZ X 2020-03-15,32.414534853125815
SJPKSWZ X 2020-03-16,57.20940690454735
SJPKSWZ X 2020-03-17,44.85731352155761
SJPKSWZ X 2020-03-18,80.41511777299495
SJPKSWZ X 2020-03-19,41.85779007412966
SJPKSWZ X 2020-03-20,45.4095638678552
SJPKSWZ X 2020-03-21,24.81323585178945
SJPKSWZ X 2020-03-22,44.56667735078082
SJPKSWZ X 2020-03-23,60.37038001712607
SJPKSWZ X 2020-03-24,58.855250258138426
SJPKSWZ X 2020-03-25,40.25725760483452
SJPKSWZ X 2020-03-26,57.75246312725359
SJPKSWZ X 2020-03-27,24.39177181440472
SJPKSWZ X 2020-03-28,40.79905500738364
SJPKSWZ X 2020-03-29,57.28915735627355
SJPKSWZ X 2020-03-30,16.534041315278685
SJPKSWZ X 2020-03-31,25.504175266605607
SJPKSWZ X 2020-04-01,32.343147294649704
SJPKSWZ X 2020-04-02,25.371336541335054
SJPKSWZ X 2020-04-03,27.47284859494261
SJPKSWZ X 2020-04-04,39.26894591275497
SK52PK4 X 2020-01-02,56.727328239371445
SK52PK4 X 2020-01-03,83.6649455068508
SK52PK4 X 2020-01-04,76.9493840804622
SK52PK4 X 2020-01-05,46.11782599725725
SK52PK4 X 2020-01-06,42.74878784501268
SK52PK4 X 2020-01-07,38.04675292259515
SK52PK4 X 2020-01-08,34.35307160774625
SK52PK4 X 2020-01-09,49.41799134206855
SK52PK4 X 2020-01-10,30.665810478778866
SK52PK4 X 2020-01-11,49.51846975095742
SK52PK4 X 2020-01-12,92.77793567575068
SK52PK4 X 2020-01-13,71.97938397266392
SK52PK4 X 2020-01-14,49.00212922000021
SK52PK4 X 2020-01-15,86.35721467091788
SK52PK4 X 2020-01-16,74.33934842255242
SK52PK4 X 2020-01-17,79.6370778590388
SK52PK4 X 2020-01-18,34.3483766097519
SK52PK4 X 2020-01-19,29.23976319112795
SK52PK4 X 2020-01-20,125.5763267038137
SK52PK4 X 2020-01-21,123.9121361319924
SK52PK4 X 2020-01-22,52.98625354515329
SK52PK4 X 2020-01-23,63.29875089959093
SK52PK4 X 2020-01-24,95.84535719831896
SK52PK4 X 2020-01-25,53.14010234964648
SK52PK4 X 2020-01-26,58.86672605067666
SK52PK4 X 2020-01-27,87.7982013913237
SK52PK4 X 2020-01-28,74.27493715419297
SK52PK4 X 2020-01-29,67.0775028127408
SK52PK4 X 2020-01-30,135.13546530490072
SK52PK4 X 2020-01-31,69.51097087177364
SK52PK4 X 2020-02-01,78.84124051471068
SK52PK4 X 2020-02-02,40.90150306231795
SK52PK4 X 2020-02-03,38.941800481315354
SK52PK4 X 2020-02-04,44.985269708539896
SK52PK4 X 2020-02-05,91.23199625141662
SK52PK4 X 2020-02-06,88.95521490193251
SK52PK4 X 2020-02-07,82.44622200256003
SK52PK4 X 2020-02-08,54.810172161655665
SK52PK4 X 2020-02-09,63.8810118499585
SK52PK4 X 2020-02-10,49.63246889592961
SK52PK4 X 2020-02-11,36.480804209200315
SK52PK4 X 2020-02-12,43.28022395588755
SK52PK4 X 2020-02-13,45.056791720478984
SK52PK4 X 2020-02-14,76.11626639810105
SK52PK4 X 2020-02-15,44.31258009452309
SK52PK4 X 2020-02-16,45.72594044606428
SK52PK4 X 2020-02-17,58.6528777454555
SK52PK4 X 2020-02-18,52.31974922309767
SK52PK4 X 2020-02-19,63.37725518114844
SK52PK4 X 2020-02-20,103.75063482146986
SK52PK4 X 2020-02-21,87.45604495285221
SK52PK4 X 2020-02-22,66.63909768553448
SK52PK4 X 2020-02-23,40.95749399271729
SK52PK4 X 2020-02-24,35.95767341361777
SK52PK4 X 2020-02-25,63.55629820779619
SK52PK4 X 2020-02-26,46.169251854046436
SK52PK4 X 2020-02-27,46.84999937456366
SK52PK4 X 2020-02-28,74.67233045184744
SK52PK4 X 2020-02-29,64.30571654877596
SK52PK4 X 2020-03-01,39.7798921965207
SK52PK4 X 2020-03-02,36.40296920250275
SK52PK4 X 2020-03-03,33.66757077258474
SK52PK4 X 2020-03-04,33.01771691978399
SK52PK4 X 2020-03-05,36.43853172966517
SK52PK4 X 2020-03-06,27.106980488580064
SK52PK4 X 2020-03-07,72.6633193398446
SK52PK4 X 2020-03-08,48.32387313816043
SK52PK4 X 2020-03-09,50.40387545568916
SK52PK4 X 2020-03-10,41.50491250585621
SK52PK4 X 2020-03-11,63.44416625033678
SK52PK4 X 2020-03-12,41.21850495553051
SK52PK4 X 2020-03-13,22.874708338064515
SK52PK4 X 2020-03-14,32.72834553604761
SK52PK4 X 2020-03-15,42.86272425298202
SK52PK4 X 2020-03-16,70.57881844489823
SK52PK4 X 2020-03-17,39.85361601376192
SK52PK4 X 2020-03-18,69.06954612340778
SK52PK4 X 2020-03-19,45.45071170903193
SK52PK4 X 2020-03-20,28.668768571463524
SK52PK4 X 2020-03-21,45.85340947017555
SK52PK4 X 2020-03-22,40.528057238071895
SK52PK4 X 2020-03-23,36.13706697901315
SK52PK4 X 2020-03-24,65.40034797510131
SK52PK4 X 2020-03-25,44.5212348666436
SK52PK4 X 2020-03-26,63.05802348434818
SK52PK4 X 2020-03-27,64.11510137727207
SK52PK4 X 2020-03-28,54.2603586992199
SK52PK4 X 2020-03-29,23.19708900559462
SK52PK4 X 2020-03-30,34.20842446821785
SK52PK4 X 2020-03-31,37.90346250141949
SK52PK4 X 2020-04-01,54.07397595175932
SK52PK4 X 2020-04-02,27.3637019612677
SK52PK4 X 2020-04-03,53.808013440444284
SK52PK4 X 2020-04-04,38.34438533241593
SPIVMHI X 2020-01-03,37.853986950896356
SPIVMHI X 2020-01-04,47.17451840362837
SPIVMHI X 2020-01-05,37.37194644557449
SPIVMHI X 2020-01-06,35.03864928474872
SPIVMHI X 2020-01-07,38.50333573459283
SPIVMHI X 2020-01-08,41.618968148507044
SPIVMHI X 2020-01-09,30.88531922089227
SPIVMHI X 2020-01-10,56.9015065831926
SPIVMHI X 2020-01-11,47.28179726478663
SPIVMHI X 2020-01-12,82.15348209093818
SPIVMHI X 2020-01-13,62.50906816460804
SPIVMHI X 2020-01-14,97.69529902368184
SPIVMHI X 2020-01-15,75.23876592958688
SPIVMHI X 2020-01-16,44.233534725615364
SPIVMHI X 2020-01-17,48.7459697614707
SPIVMHI X 2020-01-18,49.40877398578025
SPIVMHI X 2020-01-19,34.35832236702747
SPIVMHI X 2020-01-29,47.794745925770776
SPIVMHI X 2020-01-30,61.49588696296426
SPIVMHI X 2020-02-02,60.28707610363061
SPIVMHI X 2020-02-03,68.47003385535383
SPIVMHI X 2020-02-04,67.60118720673508
SPIVMHI X 2020-02-05,70.72297057891393
SPIVMHI X 2020-02-06,66.10235232706272
SPIVMHI X 2020-02-07,55.166771349166225
SPIVMHI X 2020-02-08,24.89045153043427
SPIVMHI X 2020-02-09,30.7136096100662
SPIVMHI X 2020-02-10,59.56249589048892
SPIVMHI X 2020-02-11,74.8807508915344
SPIVMHI X 2020-02-12,47.43576864882986
SPIVMHI X 2020-02-13,68.86031892507073
SPIVMHI X 2020-02-14,64.08101838334316
SPIVMHI X 2020-02-15,70.94361233062524
SPIVMHI X 2020-02-16,82.3440364840002
SPIVMHI X 2020-02-17,79.12973730980427
SPIVMHI X 2020-02-18,69.11540207695701
SPIVMHI X 2020-02-19,48.00399513200033
SPIVMHI X 2020-02-20,43.98969488138847
SPIVMHI X 2020-02-21,58.82794893776307
SPIVMHI X 2020-02-22,43.3969983055988
SPIVMHI X 2020-02-23,77.49775132340294
SPIVMHI X 2020-02-24,81.82557449208784
SPIVMHI X 2020-02-25,57.2445225511829
SPIVMHI X 2020-02-26,49.42388065407266
SPIVMHI X 2020-02-27,94.8836383698891
SPIVMHI X 2020-02-28,76.54445367924673
SPIVMHI X 2020-02-29,39.257197148393594
SPIVMHI X 2020-03-01,39.533038779172095
SPIVMHI X 2020-03-02,48.51522434336829
SPIVMHI X 2020-03-03,68.77147074994133
SPIVMHI X 2020-03-04,74.0730952893074
SPIVMHI X 2020-03-05,67.71951241553529
SPIVMHI X 2020-03-06,72.52591771555124
SPIVMHI X 2020-03-07,39.22229416135883
SPIVMHI X 2020-03-08,67.62112315398991
SPIVMHI X 2020-03-09,73.45117176063629
SPIVMHI X 2020-03-10,69.2543756806637
SPIVMHI X 2020-03-11,71.72400885919409
SPIVMHI X 2020-03-12,83.7395340843048
SPIVMHI X 2020-03-13,47.9187815026453
SPIVMHI X 2020-03-14,43.517301892462044
SPIVMHI X 2020-03-15,74.4362899261716
SPIVMHI X 2020-03-16,65.34395742066175
SPIVMHI X 2020-03-17,41.90664979892565
SPIVMHI X 2020-03-18,36.23270852448351
SPIVMHI X 2020-03-19,42.852513406024485
SPIVMHI X 2020-03-20,35.840583149924555
SPIVMHI X 2020-03-21,32.51345952134066
SPIVMHI X 2020-03-22,53.55795662990606
SPIVMHI X 2020-03-23,74.50679008677892
SPIVMHI X 2020-03-24,85.85853231605587
SPIVMHI X 2020-03-25,62.28657732643134
SPIVMHI X 2020-03-26,75.86400932101948
SPIVMHI X 2020-03-27,79.02691065612863
SPIVMHI X 2020-03-28,58.42641082560391
SPIVMHI X 2020-03-29,48.11043323776877
SPIVMHI X 2020-03-30,61.84312510175168
SPIVMHI X 2020-03-31,58.663737252047824
SPIVMHI X 2020-04-01,43.91368868562451
SPIVMHI X 2020-04-02,58.38355974033671
SPIVMHI X 2020-04-03,63.76627711850321
SPIVMHI X 2020-04-04,57.52969920036307
SR1WBIB X 2020-01-02,96.71205784566523
SR1WBIB X 2020-01-03,89.58251028833924
SR1WBIB X 2020-01-04,87.5246513728179
SR1WBIB X 2020-01-05,91.4850860413825
SR1WBIB X 2020-01-06,108.11401596613257
SR1WBIB X 2020-01-07,118.3032350202955
SR1WBIB X 2020-01-08,110.43107029772791
SR1WBIB X 2020-01-09,111.56526711431782
SR1WBIB X 2020-01-10,107.17575683054255
SR1WBIB X 2020-01-11,114.91852281748999
SR1WBIB X 2020-01-12,98.48390435970956
SR1WBIB X 2020-01-13,87.10653167160181
SR1WBIB X 2020-01-14,93.15761548139062
SR1WBIB X 2020-01-15,97.51573478646709
SR1WBIB X 2020-01-16,83.81459789025443
SR1WBIB X 2020-01-17,126.22463185101755
SR1WBIB X 2020-01-18,96.94401534548865
SR1WBIB X 2020-01-19,113.15722884266607
SR1WBIB X 2020-01-20,114.60735121027072
SR1WBIB X 2020-01-21,135.08822930279592
SR1WBIB X 2020-01-22,118.58452308206884
SR1WBIB X 2020-01-23,82.28732519750261
SR1WBIB X 2020-01-24,109.4122571080071
SR1WBIB X 2020-01-25,80.1978438550758
SR1WBIB X 2020-01-26,83.02197897739445
SR1WBIB X 2020-01-27,103.91764124402305
SR1WBIB X 2020-01-28,120.83849406315393
SR1WBIB X 2020-01-29,101.39950660172933
SR1WBIB X 2020-01-30,100.28344818825929
SR1WBIB X 2020-01-31,87.73756880295342
SR1WBIB X 2020-02-01,93.45823328721266
SR1WBIB X 2020-02-02,122.27022228721329
SR1WBIB X 2020-02-03,119.65316376923643
SR1WBIB X 2020-02-04,100.50590704358574
SR1WBIB X 2020-02-05,91.80696858407062
SR1WBIB X 2020-02-06,100.37593614099298
SR1WBIB X 2020-02-07,117.06272922356675
SR1WBIB X 2020-02-08,113.00557136327181
SR1WBIB X 2020-02-09,101.55146591163809
SR1WBIB X 2020-02-10,51.611103492920876
SR1WBIB X 2020-02-11,100.43286414928696
SR1WBIB X 2020-02-12,117.77197699947345
SR1WBIB X 2020-02-13,107.28465037411642
SR1WBIB X 2020-02-14,111.79152700188006
SR1WBIB X 2020-02-15,103.24367200771893
SR1WBIB X 2020-02-16,102.81438895882268
SR1WBIB X 2020-02-17,117.24301625735508
SR1WBIB X 2020-02-18,101.73918652896708
SR1WBIB X 2020-02-19,118.47262881907342
SR1WBIB X 2020-02-20,115.25209340279993
SR1WBIB X 2020-02-21,132.18770797489918
SR1WBIB X 2020-02-22,115.71929724061445
SR1WBIB X 2020-02-23,131.67274389741078
SR1WBIB X 2020-02-24,128.72799896449123
SR1WBIB X 2020-02-25,112.15823306747565
SR1WBIB X 2020-02-26,94.34673509699829
SR1WBIB X 2020-02-27,94.308716442706
SR1WBIB X 2020-02-28,126.29342720893344
SR1WBIB X 2020-02-29,130.53522917137832
SR1WBIB X 2020-03-01,106.37250946655848
SR1WBIB X 2020-03-02,87.33650067829508
SR1WBIB X 2020-03-03,111.27196387015626
SR1WBIB X 2020-03-04,102.55733932346331
SR1WBIB X 2020-03-05,100.88813609153019
SR1WBIB X 2020-03-06,102.45743983495001
SR1WBIB X 2020-03-07,101.40025453303348
SR1WBIB X 2020-03-08,112.50558739716989
SR1WBIB X 2020-03-09,94.72669244352943
SR1WBIB X 2020-03-10,109.84887854640232
SR1WBIB X 2020-03-11,122.59253599589455
SR1WBIB X 2020-03-12,113.16500282297001
SR1WBIB X 2020-03-13,95.63215096626875
SR1WBIB X 2020-03-14,87.87079320251853
SR1WBIB X 2020-03-15,127.97466552035097
SR1WBIB X 2020-03-16,112.88143802397092
SR1WBIB X 2020-03-17,121.07225654140451
SR1WBIB X 2020-03-18,109.58466565898381
SR1WBIB X 2020-03-19,100.40986747825083
SR1WBIB X 2020-03-20,128.9843428974229
SR1WBIB X 2020-03-21,117.8359609371308
SR1WBIB X 2020-03-22,120.13617644941262
SR1WBIB X 2020-03-23,87.65858484054525
SR1WBIB X 2020-03-24,103.29568314232978
SR1WBIB X 2020-03-25,125.90868021625347
SR1WBIB X 2020-03-26,120.86697377985298
SR1WBIB X 2020-03-27,106.60263742591432
SR1WBIB X 2020-03-28,110.20325345523561
SR1WBIB X 2020-03-29,73.26113121513177
SR1WBIB X 2020-03-30,108.22797970377977
SR1WBIB X 2020-03-31,77.69092862235162
SR1WBIB X 2020-04-01,85.28621272728343
SR1WBIB X 2020-04-02,78.56359281258001
SR1WBIB X 2020-04-03,89.54107269434778
SR1WBIB X 2020-04-04,85.98710283492422
SSNBQCB X 2020-01-02,69.56743741678893
SSNBQCB X 2020-01-06,48.259404186419914
SSNBQCB X 2020-01-07,49.972633456796075
SSNBQCB X 2020-01-08,47.40783042646398
SSNBQCB X 2020-01-09,89.83376720038267
SSNBQCB X 2020-01-10,45.849535599373944
SSNBQCB X 2020-01-11,58.297627078546384
SSNBQCB X 2020-01-12,33.275493862101484
SSNBQCB X 2020-01-13,57.70581339847445
SSNBQCB X 2020-01-14,47.38854934951407
SSNBQCB X 2020-01-15,38.781999652582265
SSNBQCB X 2020-01-16,57.97534863052451
SSNBQCB X 2020-01-17,50.380302061580664
SSNBQCB X 2020-01-18,25.04853480124624
SSNBQCB X 2020-01-19,38.3021902242573
SSNBQCB X 2020-01-20,34.57307255882748
SSNBQCB X 2020-01-21,35.08529623618633
SSNBQCB X 2020-01-22,53.5194136928874
SSNBQCB X 2020-01-23,36.46087733187733
SSNBQCB X 2020-01-24,55.37296638423092
SSNBQCB X 2020-01-25,52.1789165522319
SSNBQCB X 2020-01-26,80.79286146752476
SSNBQCB X 2020-01-27,60.909481973328056
SSNBQCB X 2020-01-28,27.799348018641865
SSNBQCB X 2020-01-29,21.828426895549267
SSNBQCB X 2020-01-30,25.09339161616716
SSNBQCB X 2020-01-31,41.590754689852766
SSNBQCB X 2020-02-01,26.2139100916866
SSNBQCB X 2020-02-02,31.834452306354393
SSNBQCB X 2020-02-03,35.52731768078345
SSNBQCB X 2020-02-04,28.584478095499136
SSNBQCB X 2020-02-05,18.284625353035526
SSNBQCB X 2020-02-06,26.8846881764482
SSNBQCB X 2020-02-07,53.7830311076879
SSNBQCB X 2020-02-08,49.588360362593775
SSNBQCB X 2020-02-09,51.644291010650264
SSNBQCB X 2020-02-10,31.559523045592996
SSNBQCB X 2020-02-11,26.286244510330107
SSNBQCB X 2020-02-12,18.952960404872393
SSNBQCB X 2020-02-13,26.8679972570133
SSNBQCB X 2020-02-14,32.879107143051826
SSNBQCB X 2020-02-15,57.96845120251848
SSNBQCB X 2020-02-16,62.22316820246134
SSNBQCB X 2020-02-17,26.149723556199262
SSNBQCB X 2020-02-18,33.57419801527642
SSNBQCB X 2020-02-19,38.51846927690019
SSNBQCB X 2020-02-20,43.21844005553804
SSNBQCB X 2020-02-21,50.37195825620638
SSNBQCB X 2020-02-22,49.92060967086867
SSNBQCB X 2020-02-23,50.223712659783075
SSNBQCB X 2020-02-24,48.10806110874608
SSNBQCB X 2020-02-25,46.17258001076655
SSNBQCB X 2020-02-26,22.800244653227725
SSNBQCB X 2020-02-27,19.49745169582912
SSNBQCB X 2020-02-28,23.431707439698144
SSNBQCB X 2020-02-29,45.049399298096475
SSNBQCB X 2020-03-01,31.786328375619156
SSNBQCB X 2020-03-03,26.673493890297046
SSNBQCB X 2020-03-04,32.98379335475795
SSNBQCB X 2020-03-05,47.979648785354335
SSNBQCB X 2020-03-06,27.43264071185822
SSNBQCB X 2020-03-07,54.17039588724898
SSNBQCB X 2020-03-08,34.515069223872246
SSNBQCB X 2020-03-09,65.1441972590279
SSNBQCB X 2020-03-10,42.13395433384004
SSNBQCB X 2020-03-11,33.392476113865285
SSNBQCB X 2020-03-12,63.98080700174354
SSNBQCB X 2020-03-13,33.64015613329769
SSNBQCB X 2020-03-14,50.84203193557125
SSNBQCB X 2020-03-15,32.098124452876206
SSNBQCB X 2020-03-16,33.09156857502578
SSNBQCB X 2020-03-17,41.806152348779236
SSNBQCB X 2020-03-18,61.573647705021855
SSNBQCB X 2020-03-19,35.57037629383078
SSNBQCB X 2020-03-20,33.56974939457175
SSNBQCB X 2020-03-21,47.504768951146204
SSNBQCB X 2020-03-22,74.07296873878381
SSNBQCB X 2020-03-23,32.57967375705333
SSNBQCB X 2020-03-24,34.46812425308724
SSNBQCB X 2020-03-25,34.72501169399182
SSNBQCB X 2020-03-26,35.77289327900493
SSNBQCB X 2020-03-27,27.620651418201277
SSNBQCB X 2020-03-28,34.38959208982359
SSNBQCB X 2020-03-29,63.99380428895377
SSNBQCB X 2020-03-30,48.90103860460106
SSNBQCB X 2020-03-31,28.830486377462563
SSNBQCB X 2020-04-01,24.6997052085367
SSNBQCB X 2020-04-02,32.16136925537734
STQ9TW0 X 2020-01-02,73.08042002380353
STQ9TW0 X 2020-01-03,55.83754309170402
STQ9TW0 X 2020-01-04,63.770002139679775
STQ9TW0 X 2020-01-05,68.10179087484721
STQ9TW0 X 2020-01-06,41.44302773323395
STQ9TW0 X 2020-01-07,59.41872083961
STQ9TW0 X 2020-01-08,65.20738427374945
STQ9TW0 X 2020-01-09,39.45421277971418
STQ9TW0 X 2020-01-10,50.03516818575048
STQ9TW0 X 2020-01-11,60.90118010009866
STQ9TW0 X 2020-01-12,54.54711239382167
STQ9TW0 X 2020-01-13,96.34002772263763
STQ9TW0 X 2020-01-14,153.77280536433864
STQ9TW0 X 2020-01-15,104.68411912348034
STQ9TW0 X 2020-01-16,72.24537150410595
STQ9TW0 X 2020-01-17,41.170299614679024
STQ9TW0 X 2020-01-18,46.456917276096334
STQ9TW0 X 2020-01-19,47.76199938009877
STQ9TW0 X 2020-01-20,105.31718101367582
STQ9TW0 X 2020-01-21,54.76473180478417
STQ9TW0 X 2020-01-22,53.90316569252516
STQ9TW0 X 2020-01-23,58.652674338880615
STQ9TW0 X 2020-01-24,65.89436272932532
STQ9TW0 X 2020-01-25,80.07140576220165
STQ9TW0 X 2020-01-26,61.4580184344959
STQ9TW0 X 2020-01-27,73.00830150424488
STQ9TW0 X 2020-01-28,67.45671918436099
STQ9TW0 X 2020-01-29,116.71028891383223
STQ9TW0 X 2020-01-30,72.61557997251235
STQ9TW0 X 2020-01-31,50.8814044030972
STQ9TW0 X 2020-02-01,52.195120979057485
STQ9TW0 X 2020-02-02,91.40395988413366
STQ9TW0 X 2020-02-03,40.29556352261539
STQ9TW0 X 2020-02-04,42.69990472983782
STQ9TW0 X 2020-02-05,53.72848815927471
STQ9TW0 X 2020-02-06,72.90767343244251
STQ9TW0 X 2020-02-07,58.44514814953423
STQ9TW0 X 2020-02-08,89.63327792463595
STQ9TW0 X 2020-02-09,33.4857428870222
STQ9TW0 X 2020-02-10,82.97972213130892
STQ9TW0 X 2020-02-11,60.121532345927776
STQ9TW0 X 2020-02-12,57.96327328041056
STQ9TW0 X 2020-02-13,65.55886284632977
STQ9TW0 X 2020-02-14,70.41500150653407
STQ9TW0 X 2020-02-15,116.59113394677688
STQ9TW0 X 2020-02-16,58.76653990226775
STQ9TW0 X 2020-02-17,64.04875073401664
STQ9TW0 X 2020-02-18,69.37701783260795
STQ9TW0 X 2020-02-19,82.33295627242246
STQ9TW0 X 2020-02-20,63.38506384090718
STQ9TW0 X 2020-02-21,58.05681292690059
STQ9TW0 X 2020-02-22,59.819736405123535
STQ9TW0 X 2020-02-23,41.708373099120365
STQ9TW0 X 2020-02-24,68.34606018096669
STQ9TW0 X 2020-02-25,64.56669714707779
STQ9TW0 X 2020-02-26,49.62021733808418
STQ9TW0 X 2020-02-27,83.01447490335876
STQ9TW0 X 2020-02-28,62.20981220344109
STQ9TW0 X 2020-02-29,44.58232711496326
STQ9TW0 X 2020-03-01,44.82058745212969
STQ9TW0 X 2020-03-02,47.73419628496252
STQ9TW0 X 2020-03-03,79.47072159199634
STQ9TW0 X 2020-03-04,61.89216471228494
STQ9TW0 X 2020-03-05,82.56467096888528
STQ9TW0 X 2020-03-06,90.18477981537114
STQ9TW0 X 2020-03-07,44.16140565126868
STQ9TW0 X 2020-03-08,45.726170411017776
STQ9TW0 X 2020-03-09,64.27730152945401
STQ9TW0 X 2020-03-10,53.5495434884987
STQ9TW0 X 2020-03-11,67.00040350039089
STQ9TW0 X 2020-03-12,30.05030554753788
STQ9TW0 X 2020-03-13,54.19516756917174
STQ9TW0 X 2020-03-14,56.68071446926423
STQ9TW0 X 2020-03-15,44.180737082565614
STQ9TW0 X 2020-03-16,43.405780864655654
STQ9TW0 X 2020-03-17,73.39393152891225
STQ9TW0 X 2020-03-18,58.21168186908655
STQ9TW0 X 2020-03-19,39.182621756324174
STQ9TW0 X 2020-03-20,34.12492646960009
STQ9TW0 X 2020-03-21,48.28158636176698
STQ9TW0 X 2020-03-22,36.99191106294742
STQ9TW0 X 2020-03-23,41.14680837840043
STQ9TW0 X 2020-03-24,44.44148305097703
STQ9TW0 X 2020-03-25,35.29189309356298
STQ9TW0 X 2020-03-26,33.96140659284331
STQ9TW0 X 2020-03-27,32.41131877397965
STQ9TW0 X 2020-03-28,44.39106820146616
STQ9TW0 X 2020-03-29,30.66766009330381
STQ9TW0 X 2020-03-30,60.285946414480776
STQ9TW0 X 2020-03-31,91.71240349610711
STQ9TW0 X 2020-04-01,62.86460125633772
STQ9TW0 X 2020-04-02,34.852935180245794
STQ9TW0 X 2020-04-03,60.38158387202178
STQ9TW0 X 2020-04-04,44.04525983106858
SXS0LL4 X 2020-01-02,74.20316474439882
SXS0LL4 X 2020-01-03,107.45732271543103
SXS0LL4 X 2020-01-04,116.62592621675877
SXS0LL4 X 2020-01-05,84.82154670359729
SXS0LL4 X 2020-01-06,81.97125100248739
SXS0LL4 X 2020-01-07,92.12390826157565
SXS0LL4 X 2020-01-08,102.30146486760975
SXS0LL4 X 2020-01-09,81.86245548634382
SXS0LL4 X 2020-01-10,93.0717162111625
SXS0LL4 X 2020-01-11,106.18059047712723
SXS0LL4 X 2020-01-12,73.76622271096568
SXS0LL4 X 2020-01-13,87.82382464065712
SXS0LL4 X 2020-01-14,110.46333125019243
SXS0LL4 X 2020-01-15,78.26626854821095
SXS0LL4 X 2020-01-16,78.73319555555874
SXS0LL4 X 2020-01-17,66.44288032985567
SXS0LL4 X 2020-01-18,68.1135165650788
SXS0LL4 X 2020-01-19,103.20403225883017
SXS0LL4 X 2020-01-20,99.3446475482833
SXS0LL4 X 2020-01-21,95.06842631197962
SXS0LL4 X 2020-01-22,118.23141918013785
SXS0LL4 X 2020-01-23,80.22988637402457
SXS0LL4 X 2020-01-24,87.84058202787678
SXS0LL4 X 2020-01-25,53.07185518082593
SXS0LL4 X 2020-01-26,59.24843017973002
SXS0LL4 X 2020-01-27,62.290982990055866
SXS0LL4 X 2020-01-28,28.63086912278277
SXS0LL4 X 2020-01-29,54.207495472852536
SXS0LL4 X 2020-01-30,73.81139014675918
SXS0LL4 X 2020-01-31,74.65961659093759
SXS0LL4 X 2020-02-01,67.6569635011379
SXS0LL4 X 2020-02-02,67.6713481205794
SXS0LL4 X 2020-02-03,65.4417184791565
SXS0LL4 X 2020-02-04,62.894140755822576
SXS0LL4 X 2020-02-05,54.96847641881479
SXS0LL4 X 2020-02-06,42.01169545517551
SXS0LL4 X 2020-02-07,54.84182120946063
SXS0LL4 X 2020-02-08,48.165342181992465
SXS0LL4 X 2020-02-09,66.62736600571822
SXS0LL4 X 2020-02-10,55.491503729268445
SXS0LL4 X 2020-02-11,57.752081635394305
SXS0LL4 X 2020-02-12,59.27446682114346
SXS0LL4 X 2020-02-13,79.41064273726704
SXS0LL4 X 2020-02-14,50.074188336261514
SXS0LL4 X 2020-02-15,61.03507875042345
SXS0LL4 X 2020-02-16,35.19376124328689
SXS0LL4 X 2020-02-17,54.83228970481166
SXS0LL4 X 2020-02-18,61.576054410999646
SXS0LL4 X 2020-02-19,67.79902589586034
SXS0LL4 X 2020-02-20,69.64155090010435
SXS0LL4 X 2020-02-21,76.0608469133406
SXS0LL4 X 2020-02-22,81.71514549959034
SXS0LL4 X 2020-02-23,70.76235142850099
SXS0LL4 X 2020-02-24,58.33253015254098
SXS0LL4 X 2020-02-25,68.9214962751582
SXS0LL4 X 2020-02-26,87.93247492972148
SXS0LL4 X 2020-02-27,67.31375811805036
SXS0LL4 X 2020-02-28,66.29211629717419
SXS0LL4 X 2020-02-29,81.24779001929886
SXS0LL4 X 2020-03-01,83.28655782247239
SXS0LL4 X 2020-03-02,47.498289297415646
SXS0LL4 X 2020-03-03,72.57459530234355
SXS0LL4 X 2020-03-04,63.54584867774621
SXS0LL4 X 2020-03-05,55.341272757685516
SXS0LL4 X 2020-03-06,58.3894348543792
SXS0LL4 X 2020-03-07,90.82312673098068
SXS0LL4 X 2020-03-08,65.12654697784784
SXS0LL4 X 2020-03-09,81.92661727712454
SXS0LL4 X 2020-03-10,64.9947765870343
SXS0LL4 X 2020-03-11,61.45006873619721
SXS0LL4 X 2020-03-12,54.96331127751599
SXS0LL4 X 2020-03-13,83.15377915263043
SXS0LL4 X 2020-03-14,51.03340123681835
SXS0LL4 X 2020-03-15,69.26356931404978
SXS0LL4 X 2020-03-16,67.97954949653025
SXS0LL4 X 2020-03-17,64.7107751268626
SXS0LL4 X 2020-03-18,109.04835031335396
SXS0LL4 X 2020-03-19,92.1071844944854
SXS0LL4 X 2020-03-20,70.454698854392
SXS0LL4 X 2020-03-21,86.71540877470869
SXS0LL4 X 2020-03-22,85.08980686077113
SXS0LL4 X 2020-03-23,64.44983230214912
SXS0LL4 X 2020-03-24,65.32575259363752
SXS0LL4 X 2020-03-25,70.32817178694019
SXS0LL4 X 2020-03-26,62.71581292798392
SXS0LL4 X 2020-03-27,76.02577575108131
SXS0LL4 X 2020-03-28,54.957706733599125
SXS0LL4 X 2020-03-29,48.07305042337931
SXS0LL4 X 2020-03-30,43.78511509361575
SXS0LL4 X 2020-03-31,47.91352991367766
SXS0LL4 X 2020-04-01,45.036021636584515
SXS0LL4 X 2020-04-02,40.13038402257327
SXS0LL4 X 2020-04-03,64.29062000622027
SXS0LL4 X 2020-04-04,38.37428821455525
T0LXFV5 X 2020-01-02,124.65659102919129
T0LXFV5 X 2020-01-06,87.71932136853344
T0LXFV5 X 2020-01-07,123.65250572393121
T0LXFV5 X 2020-01-08,89.10259316230632
T0LXFV5 X 2020-01-09,111.52141538423515
T0LXFV5 X 2020-01-10,98.05466149624056
T0LXFV5 X 2020-01-11,93.42209835708839
T0LXFV5 X 2020-01-12,64.59257025210003
T0LXFV5 X 2020-01-13,102.24156602281015
T0LXFV5 X 2020-01-14,106.14860015596317
T0LXFV5 X 2020-01-15,110.18263531721483
T0LXFV5 X 2020-01-16,90.30449247103597
T0LXFV5 X 2020-01-17,84.60727616889022
T0LXFV5 X 2020-01-18,96.4680094657485
T0LXFV5 X 2020-01-19,40.65217158915967
T0LXFV5 X 2020-01-20,30.48397929031951
T0LXFV5 X 2020-01-21,43.40286854061171
T0LXFV5 X 2020-01-22,84.20049011193314
T0LXFV5 X 2020-01-23,94.25001257846168
T0LXFV5 X 2020-01-24,106.23448491762308
T0LXFV5 X 2020-01-25,90.26792432579016
T0LXFV5 X 2020-01-26,89.08692013523581
T0LXFV5 X 2020-01-27,85.2564701807618
T0LXFV5 X 2020-01-28,25.649806404121982
T0LXFV5 X 2020-01-29,28.33686886182734
T0LXFV5 X 2020-01-30,77.2046170561934
T0LXFV5 X 2020-01-31,76.60020338958003
T0LXFV5 X 2020-02-01,57.843985147322655
T0LXFV5 X 2020-02-02,39.03296806003269
T0LXFV5 X 2020-02-03,59.58435225773323
T0LXFV5 X 2020-02-04,70.46243105901362
T0LXFV5 X 2020-02-05,54.87120064764257
T0LXFV5 X 2020-02-06,44.87731005241052
T0LXFV5 X 2020-02-07,71.81115718517121
T0LXFV5 X 2020-02-08,90.31929439515349
T0LXFV5 X 2020-02-09,74.13311303972796
T0LXFV5 X 2020-02-10,55.66465597449884
T0LXFV5 X 2020-02-11,27.60100449955695
T0LXFV5 X 2020-02-12,67.38827049665193
T0LXFV5 X 2020-02-13,60.434680410048244
T0LXFV5 X 2020-02-14,47.27611248691279
T0LXFV5 X 2020-02-15,71.23169065135238
T0LXFV5 X 2020-02-16,80.85990942672312
T0LXFV5 X 2020-02-17,65.91060804613524
T0LXFV5 X 2020-02-18,58.926390737033074
T0LXFV5 X 2020-02-19,61.94811861947559
T0LXFV5 X 2020-02-20,60.89655226440094
T0LXFV5 X 2020-02-21,84.99553673095812
T0LXFV5 X 2020-02-22,74.46593857362764
T0LXFV5 X 2020-02-23,54.68347303511757
T0LXFV5 X 2020-02-24,63.0706045058255
T0LXFV5 X 2020-02-25,69.36147797667493
T0LXFV5 X 2020-02-26,30.974817628386376
T0LXFV5 X 2020-02-27,52.29120043515542
T0LXFV5 X 2020-02-28,31.447705421057478
T0LXFV5 X 2020-02-29,81.08537326797043
T0LXFV5 X 2020-03-01,39.10744825821279
T0LXFV5 X 2020-03-03,30.856596241414493
T0LXFV5 X 2020-03-04,46.528552723398604
T0LXFV5 X 2020-03-05,58.363194208309935
T0LXFV5 X 2020-03-06,20.426827252878873
T0LXFV5 X 2020-03-07,52.3079123720541
T0LXFV5 X 2020-03-08,37.19415413603746
T0LXFV5 X 2020-03-09,59.08882889436987
T0LXFV5 X 2020-03-10,62.38918094550789
T0LXFV5 X 2020-03-11,67.56835795087132
T0LXFV5 X 2020-03-12,62.86427333903568
T0LXFV5 X 2020-03-13,58.410374484674534
T0LXFV5 X 2020-03-14,61.37233919790894
T0LXFV5 X 2020-03-15,23.333788059877072
T0LXFV5 X 2020-03-16,44.49290546629789
T0LXFV5 X 2020-03-17,63.22595942785621
T0LXFV5 X 2020-03-18,69.00376102375596
T0LXFV5 X 2020-03-19,58.90004098428169
T0LXFV5 X 2020-03-20,68.04418064462152
T0LXFV5 X 2020-03-21,67.6189235196976
T0LXFV5 X 2020-03-22,63.25884820473125
T0LXFV5 X 2020-03-23,33.03617396485351
T0LXFV5 X 2020-03-24,34.981713420229646
T0LXFV5 X 2020-03-25,36.66727754484386
T0LXFV5 X 2020-03-26,30.24398032335766
T0LXFV5 X 2020-03-27,39.16401676176557
T0LXFV5 X 2020-03-28,71.99105943504253
T0LXFV5 X 2020-03-29,63.92372662550309
T0LXFV5 X 2020-03-30,55.52469745915022
T0LXFV5 X 2020-03-31,23.302719230730887
T0LXFV5 X 2020-04-01,33.41974068902512
T0LXFV5 X 2020-04-02,60.72242103855892
T0QPCP1 X 2020-01-02,49.73635014211411
T0QPCP1 X 2020-01-03,16.36715560273277
T0QPCP1 X 2020-01-04,34.33880509308948
T0QPCP1 X 2020-01-05,43.6796146744787
T0QPCP1 X 2020-01-06,35.224406742873946
T0QPCP1 X 2020-01-07,17.19036439291927
T0QPCP1 X 2020-01-08,28.351531471237642
T0QPCP1 X 2020-01-09,34.368135426476385
T0QPCP1 X 2020-01-10,26.74268612246911
T0QPCP1 X 2020-01-11,32.46637972101543
T0QPCP1 X 2020-01-12,23.548756100215826
T0QPCP1 X 2020-01-13,33.256750528235344
T0QPCP1 X 2020-01-14,18.395134627095825
T0QPCP1 X 2020-01-15,21.758113434971747
T0QPCP1 X 2020-01-16,30.760952391722086
T0QPCP1 X 2020-01-17,28.306624913465633
T0QPCP1 X 2020-01-18,22.55923916858518
T0QPCP1 X 2020-01-19,39.48656833371339
T0QPCP1 X 2020-01-20,61.26653678267532
T0QPCP1 X 2020-01-21,63.831342143701434
T0QPCP1 X 2020-01-22,47.90727325824525
T0QPCP1 X 2020-01-23,51.00638568847963
T0QPCP1 X 2020-01-24,51.49489424671007
T0QPCP1 X 2020-01-25,54.32785358686327
T0QPCP1 X 2020-01-26,42.60876505291236
T0QPCP1 X 2020-01-27,28.697615485601823
T0QPCP1 X 2020-01-28,14.071295646410324
T0QPCP1 X 2020-01-29,18.245565501329505
T0QPCP1 X 2020-01-30,26.013117446139518
T0QPCP1 X 2020-01-31,18.190729095044965
T0QPCP1 X 2020-02-01,21.93711856559548
T0QPCP1 X 2020-02-02,24.06696093943704
T0QPCP1 X 2020-02-03,25.588199148523408
T0QPCP1 X 2020-02-04,23.46453684334533
T0QPCP1 X 2020-02-05,34.76885389908296
T0QPCP1 X 2020-02-06,71.46152367763838
T0QPCP1 X 2020-02-07,65.55826767485291
T0QPCP1 X 2020-02-08,29.933019168017182
T0QPCP1 X 2020-02-09,16.137986071514735
T0QPCP1 X 2020-02-10,22.610562918126607
T0QPCP1 X 2020-02-11,17.131030337929644
T0QPCP1 X 2020-02-12,19.508773666907466
T0QPCP1 X 2020-02-13,24.40046628104526
T0QPCP1 X 2020-02-14,36.10615722723371
T0QPCP1 X 2020-02-15,14.166694945318042
T0QPCP1 X 2020-02-16,13.122902483840704
T0QPCP1 X 2020-02-17,17.812203238317124
T0QPCP1 X 2020-02-18,16.84284675131412
T0QPCP1 X 2020-02-19,23.979169157945748
T0QPCP1 X 2020-02-20,14.968708140854904
T0QPCP1 X 2020-02-21,20.102779182073597
T0QPCP1 X 2020-02-22,22.945682161948042
T0QPCP1 X 2020-02-23,13.098420839913487
T0QPCP1 X 2020-02-24,21.14938005190903
T0QPCP1 X 2020-02-25,16.59131115833659
T0QPCP1 X 2020-02-26,22.229314957151118
T0QPCP1 X 2020-02-27,24.2668905789384
T0QPCP1 X 2020-02-28,20.79940742594257
T0QPCP1 X 2020-02-29,16.12121346161445
T0QPCP1 X 2020-03-01,18.73056379718036
T0QPCP1 X 2020-03-02,25.067880160435777
T0QPCP1 X 2020-03-03,25.746633623920104
T0QPCP1 X 2020-03-04,32.10620907109364
T0QPCP1 X 2020-03-05,32.38593346669186
T0QPCP1 X 2020-03-06,22.44781766191521
T0QPCP1 X 2020-03-07,31.50371825942819
T0QPCP1 X 2020-03-08,18.04463539946821
T0QPCP1 X 2020-03-09,24.008459243225737
T0QPCP1 X 2020-03-10,16.17701761970262
T0QPCP1 X 2020-03-11,23.25441186725346
T0QPCP1 X 2020-03-12,19.327582801441995
T0QPCP1 X 2020-03-13,22.66934030270717
T0QPCP1 X 2020-03-14,45.22045198288258
T0QPCP1 X 2020-03-15,19.415829709660958
T0QPCP1 X 2020-03-16,35.14114009663767
T0QPCP1 X 2020-03-17,35.19040624777409
T0QPCP1 X 2020-03-18,17.191072671095448
T0QPCP1 X 2020-03-19,43.061691499598275
T0QPCP1 X 2020-03-20,29.48883857327275
T0QPCP1 X 2020-03-21,33.48003977852888
T0QPCP1 X 2020-03-22,32.24994243680419
T0QPCP1 X 2020-03-23,41.1000682686296
T0QPCP1 X 2020-03-24,42.977380986682284
T0QPCP1 X 2020-03-25,67.20523058842123
T0QPCP1 X 2020-03-26,55.09835252109035
T0QPCP1 X 2020-03-27,56.69912149654789
T0QPCP1 X 2020-03-28,37.68348849235372
T0QPCP1 X 2020-03-29,19.504916499582833
T0QPCP1 X 2020-03-30,26.26603829452197
T0QPCP1 X 2020-03-31,22.29151630045559
T0QPCP1 X 2020-04-01,42.427661144582714
T0QPCP1 X 2020-04-02,39.869555896300554
T0QPCP1 X 2020-04-03,26.803179529266096
T0QPCP1 X 2020-04-04,29.96326681809579
T5IIAB1 X 2020-01-02,42.105223049163854
T5IIAB1 X 2020-01-03,32.440723695492174
T5IIAB1 X 2020-01-04,61.68760105527787
T5IIAB1 X 2020-01-05,60.01537347368536
T5IIAB1 X 2020-01-06,47.97752523115694
T5IIAB1 X 2020-01-07,41.43919563255856
T5IIAB1 X 2020-01-08,59.21045485963198
T5IIAB1 X 2020-01-09,44.39221555503598
T5IIAB1 X 2020-01-10,43.76973058639117
T5IIAB1 X 2020-01-11,48.634976824645165
T5IIAB1 X 2020-01-12,55.76005499207925
T5IIAB1 X 2020-01-13,58.07986094518809
T5IIAB1 X 2020-01-14,61.85824361471637
T5IIAB1 X 2020-01-15,49.5164974955163
T5IIAB1 X 2020-01-16,51.24626239446292
T5IIAB1 X 2020-01-17,23.977545764215385
T5IIAB1 X 2020-01-18,32.27011881533109
T5IIAB1 X 2020-01-19,40.94524512548489
T5IIAB1 X 2020-01-20,40.491434236909456
T5IIAB1 X 2020-01-21,59.51215239423438
T5IIAB1 X 2020-01-22,53.34296980181442
T5IIAB1 X 2020-01-23,48.27996922879423
T5IIAB1 X 2020-01-24,58.568822690133885
T5IIAB1 X 2020-01-25,44.09593008606757
T5IIAB1 X 2020-01-26,47.710127475628994
T5IIAB1 X 2020-01-27,36.19583620550716
T5IIAB1 X 2020-01-28,27.126272934022936
T5IIAB1 X 2020-01-29,27.509588852214577
T5IIAB1 X 2020-01-30,25.477868533593984
T5IIAB1 X 2020-01-31,50.83600781984679
T5IIAB1 X 2020-02-01,58.37082576769048
T5IIAB1 X 2020-02-02,37.71375684689985
T5IIAB1 X 2020-02-03,28.08842855285797
T5IIAB1 X 2020-02-04,33.779245350373024
T5IIAB1 X 2020-02-05,40.17158510936603
T5IIAB1 X 2020-02-06,60.73550871570124
T5IIAB1 X 2020-02-07,79.58622265661143
T5IIAB1 X 2020-02-08,55.81430213142136
T5IIAB1 X 2020-02-09,30.156523994229843
T5IIAB1 X 2020-02-10,27.989737004160993
T5IIAB1 X 2020-02-11,23.683808066024575
T5IIAB1 X 2020-02-12,63.677843267186304
T5IIAB1 X 2020-02-13,62.71249981878073
T5IIAB1 X 2020-02-14,64.99144407854459
T5IIAB1 X 2020-02-15,60.241917599615675
T5IIAB1 X 2020-02-16,57.28472504243612
T5IIAB1 X 2020-02-17,44.78416613199655
T5IIAB1 X 2020-02-18,35.13102273779188
T5IIAB1 X 2020-02-19,45.60024709242132
T5IIAB1 X 2020-02-20,69.2370040554967
T5IIAB1 X 2020-02-21,46.21054967713136
T5IIAB1 X 2020-02-22,38.94265065041823
T5IIAB1 X 2020-02-23,57.83312872896762
T5IIAB1 X 2020-02-24,46.254008166056224
T5IIAB1 X 2020-02-25,44.60258753494215
T5IIAB1 X 2020-02-26,43.70837793432979
T5IIAB1 X 2020-02-27,63.68883395078157
T5IIAB1 X 2020-02-28,48.291466691937316
T5IIAB1 X 2020-02-29,41.01780319526856
T5IIAB1 X 2020-03-01,29.837225478877365
T5IIAB1 X 2020-03-02,21.954316566414477
T5IIAB1 X 2020-03-03,24.215813585730785
T5IIAB1 X 2020-03-04,50.031958566494794
T5IIAB1 X 2020-03-05,60.7011039734291
T5IIAB1 X 2020-03-06,39.54083455099562
T5IIAB1 X 2020-03-07,37.76144022665018
T5IIAB1 X 2020-03-08,33.96194504962584
T5IIAB1 X 2020-03-09,30.091012488986046
T5IIAB1 X 2020-03-10,29.393659444651725
T5IIAB1 X 2020-03-11,59.37539222060539
T5IIAB1 X 2020-03-12,44.473461761944
T5IIAB1 X 2020-03-13,59.54879766906943
T5IIAB1 X 2020-03-14,40.95162028201922
T5IIAB1 X 2020-03-15,49.1591202469947
T5IIAB1 X 2020-03-16,46.93390437042363
T5IIAB1 X 2020-03-17,28.77398626634354
T5IIAB1 X 2020-03-18,34.37713225435361
T5IIAB1 X 2020-03-19,35.093413472867226
T5IIAB1 X 2020-03-20,40.594455958198594
T5IIAB1 X 2020-03-21,45.81504601744153
T5IIAB1 X 2020-03-22,45.85563159382926
T5IIAB1 X 2020-03-23,30.490237540177723
T5IIAB1 X 2020-03-24,53.12465613709981
T5IIAB1 X 2020-03-25,41.37745557756745
T5IIAB1 X 2020-03-26,29.62274419107566
T5IIAB1 X 2020-03-27,27.842765733874167
T5IIAB1 X 2020-03-28,45.66393225450198
T5IIAB1 X 2020-03-29,27.467645791082838
T5IIAB1 X 2020-03-30,49.1705464656053
T5IIAB1 X 2020-03-31,45.97349743591237
T5IIAB1 X 2020-04-01,52.407918056901
T5IIAB1 X 2020-04-02,29.815456561902096
T5IIAB1 X 2020-04-03,65.36043377308161
T5IIAB1 X 2020-04-04,70.46034773786772
T6HK4HL X 2020-01-02,39.76425679332849
T6HK4HL X 2020-01-03,34.405462092108756
T6HK4HL X 2020-01-04,39.333155991518225
T6HK4HL X 2020-01-05,41.49363060823133
T6HK4HL X 2020-02-01,59.11094744152874
T6HK4HL X 2020-02-02,45.401173502444095
T6HK4HL X 2020-02-03,41.00825777099829
T6HK4HL X 2020-02-04,35.463622912120286
T6HK4HL X 2020-02-05,30.826975762699156
T6HK4HL X 2020-02-06,46.09124878428898
T6HK4HL X 2020-02-07,59.68899983409072
T6HK4HL X 2020-02-08,57.56904618137828
T6HK4HL X 2020-02-09,73.60547684544571
T6HK4HL X 2020-02-10,43.30163790929569
T6HK4HL X 2020-02-11,42.492756708554616
T6HK4HL X 2020-02-12,41.42958039858679
T6HK4HL X 2020-02-13,61.87485309411855
T6HK4HL X 2020-02-14,120.20230632481376
T6HK4HL X 2020-02-15,76.39077593455647
T6HK4HL X 2020-02-16,44.510175961464384
T6HK4HL X 2020-02-17,43.66628474428896
T6HK4HL X 2020-02-18,49.74616488489865
T6HK4HL X 2020-02-19,42.18543750417848
T6HK4HL X 2020-02-20,30.21260975744932
T6HK4HL X 2020-02-21,55.02701609435302
T6HK4HL X 2020-02-22,43.50233711311629
T6HK4HL X 2020-02-23,39.411551069525316
T6HK4HL X 2020-02-24,31.75559056256882
T6HK4HL X 2020-02-25,45.7268677210398
T6HK4HL X 2020-02-26,39.772651638588705
T6HK4HL X 2020-02-27,31.995558636467976
T6HK4HL X 2020-02-28,43.95010876442014
T6HK4HL X 2020-02-29,40.80230431812598
T6HK4HL X 2020-03-01,39.95332751943096
T6HK4HL X 2020-03-02,34.4423943300706
T6HK4HL X 2020-03-03,32.37502082446439
T6HK4HL X 2020-03-04,45.254649643061484
T6HK4HL X 2020-03-05,42.283150032470395
T6HK4HL X 2020-03-06,35.63769257414262
T6HK4HL X 2020-03-07,40.6781956858069
T6HK4HL X 2020-03-08,35.84431566782895
T6HK4HL X 2020-03-09,44.224863385140495
T6HK4HL X 2020-03-10,46.34707142565604
T6HK4HL X 2020-03-11,56.14730399362108
T6HK4HL X 2020-03-12,33.2121218867708
T6HK4HL X 2020-03-13,18.498754356852537
T6HK4HL X 2020-03-14,30.825602090028454
T6HK4HL X 2020-03-15,30.49215793843807
T6HK4HL X 2020-03-16,23.914948979515707
T6HK4HL X 2020-03-17,30.479004030571176
T6HK4HL X 2020-03-18,47.133670378355184
T6HK4HL X 2020-03-19,43.34922767755751
T6HK4HL X 2020-03-20,17.301391009778676
T6HK4HL X 2020-03-21,24.93982332056158
T6HK4HL X 2020-03-22,22.009450591174513
T6HK4HL X 2020-03-23,19.229345058377216
T6HK4HL X 2020-03-24,29.599088295286627
T6HK4HL X 2020-03-25,39.02288578464181
T6HK4HL X 2020-03-26,42.45592216050683
T6HK4HL X 2020-03-27,44.83540515570285
T6HK4HL X 2020-03-28,80.93787664603086
T6HK4HL X 2020-03-29,37.34544436728267
T6HK4HL X 2020-03-30,65.21965995656355
T6HK4HL X 2020-03-31,29.009824687357238
T6HK4HL X 2020-04-01,15.109714570734265
T6HK4HL X 2020-04-02,22.878057356937656
T6HK4HL X 2020-04-03,27.427159780963613
T6HK4HL X 2020-04-04,35.237409156654316
TAI6W4Z X 2020-01-02,40.19277992621162
TAI6W4Z X 2020-01-03,57.99312957826156
TAI6W4Z X 2020-01-04,57.35788860536958
TAI6W4Z X 2020-01-05,42.7054609055917
TAI6W4Z X 2020-01-06,38.150713192147336
TAI6W4Z X 2020-01-07,81.67649945170183
TAI6W4Z X 2020-01-08,58.30514810639612
TAI6W4Z X 2020-01-09,45.97876099434562
TAI6W4Z X 2020-01-10,47.264928526765786
TAI6W4Z X 2020-01-13,36.97631802812502
TAI6W4Z X 2020-01-14,32.71775788904336
TAI6W4Z X 2020-01-15,67.42482105565973
TAI6W4Z X 2020-01-16,49.542476631083446
TAI6W4Z X 2020-01-17,33.08263092868638
TAI6W4Z X 2020-01-18,43.6818923755117
TAI6W4Z X 2020-01-19,42.68271644322804
TAI6W4Z X 2020-01-20,76.38228048182368
TAI6W4Z X 2020-01-21,54.777601857703516
TAI6W4Z X 2020-01-22,32.054619351104066
TAI6W4Z X 2020-01-23,46.76215196270221
TAI6W4Z X 2020-01-24,53.913610334059086
TAI6W4Z X 2020-01-25,52.31597804208145
TAI6W4Z X 2020-01-26,32.562331976949615
TAI6W4Z X 2020-01-27,42.43534982860757
TAI6W4Z X 2020-01-28,56.78230926100342
TAI6W4Z X 2020-01-29,39.18667202279198
TAI6W4Z X 2020-01-30,30.545154057256397
TAI6W4Z X 2020-01-31,61.86943203974465
TAI6W4Z X 2020-02-01,52.31504095188655
TAI6W4Z X 2020-02-02,40.29304927841745
TAI6W4Z X 2020-02-03,18.395721965067196
TAI6W4Z X 2020-02-05,29.714578411945055
TAI6W4Z X 2020-02-06,56.75794277802963
TAI6W4Z X 2020-02-07,69.11034994155375
TAI6W4Z X 2020-02-08,103.96434554316656
TAI6W4Z X 2020-02-09,22.0906360095509
TAI6W4Z X 2020-02-10,14.543280935076663
TAI6W4Z X 2020-02-11,30.130493458710383
TAI6W4Z X 2020-02-12,45.89977788777845
TAI6W4Z X 2020-02-13,70.54323982853636
TAI6W4Z X 2020-02-14,57.14385417288349
TAI6W4Z X 2020-02-15,84.75263399713909
TAI6W4Z X 2020-02-16,51.54475492547058
TAI6W4Z X 2020-02-17,38.127068981276494
TAI6W4Z X 2020-02-18,27.409622963138894
TAI6W4Z X 2020-02-19,57.26001562678344
TAI6W4Z X 2020-02-20,60.32921059803252
TAI6W4Z X 2020-02-21,32.37890596967257
TAI6W4Z X 2020-02-22,40.50600554240123
TAI6W4Z X 2020-02-23,30.29759972988291
TAI6W4Z X 2020-02-24,43.68931440713176
TAI6W4Z X 2020-02-25,29.410427375571352
TAI6W4Z X 2020-02-26,60.06400421796732
TAI6W4Z X 2020-02-27,53.633780380705154
TAI6W4Z X 2020-02-28,58.98404883946078
TAI6W4Z X 2020-02-29,58.38589091935451
TAI6W4Z X 2020-03-01,23.73287775649562
TAI6W4Z X 2020-03-03,35.21823160079968
TAI6W4Z X 2020-03-04,65.65098000535828
TAI6W4Z X 2020-03-05,53.247290891142356
TAI6W4Z X 2020-03-06,30.220453440410168
TAI6W4Z X 2020-03-07,49.92789440051717
TAI6W4Z X 2020-03-08,72.99251714877136
TAI6W4Z X 2020-03-09,33.45487715847852
TAI6W4Z X 2020-03-10,61.666270221827034
TAI6W4Z X 2020-03-11,68.60799280582353
TAI6W4Z X 2020-03-12,56.636659263216146
TAI6W4Z X 2020-03-13,57.081427678522346
TAI6W4Z X 2020-03-14,33.4930014417708
TAI6W4Z X 2020-03-15,24.614251169013983
TAI6W4Z X 2020-03-16,36.85253636684709
TAI6W4Z X 2020-03-17,50.88288234652139
TAI6W4Z X 2020-03-18,59.10871030851014
TAI6W4Z X 2020-03-19,62.80937652825601
TAI6W4Z X 2020-03-20,42.204881199816114
TAI6W4Z X 2020-03-21,51.876254050350056
TAI6W4Z X 2020-03-22,46.39563129621917
TAI6W4Z X 2020-03-23,45.88232470062937
TAI6W4Z X 2020-03-24,37.64669532048861
TAI6W4Z X 2020-03-25,29.06166740762383
TAI6W4Z X 2020-03-26,24.51055934987962
TAI6W4Z X 2020-03-27,42.152817302635185
TAI6W4Z X 2020-03-28,39.28399098911749
TAI6W4Z X 2020-03-29,31.074862605528615
TAI6W4Z X 2020-03-30,60.363569093515025
TAI6W4Z X 2020-03-31,34.02575349593616
TAI6W4Z X 2020-04-01,41.31088905736155
TAI6W4Z X 2020-04-02,19.630712552953725
TAI6W4Z X 2020-04-03,45.82180857522583
TAI6W4Z X 2020-04-04,43.88444692768479
TDDP2F6 X 2020-01-02,64.86701926842083
TDDP2F6 X 2020-01-03,64.36511494847784
TDDP2F6 X 2020-01-04,72.72874526063474
TDDP2F6 X 2020-01-05,34.16488956744158
TDDP2F6 X 2020-01-06,44.821342294509066
TDDP2F6 X 2020-01-07,65.30286235664452
TDDP2F6 X 2020-01-08,88.86703216261579
TDDP2F6 X 2020-01-09,52.09163365424655
TDDP2F6 X 2020-01-10,69.5512071905769
TDDP2F6 X 2020-01-11,41.201531848491236
TDDP2F6 X 2020-01-12,53.67583423161912
TDDP2F6 X 2020-01-13,63.29278571339235
TDDP2F6 X 2020-01-14,59.39375256767157
TDDP2F6 X 2020-01-15,64.29065247752261
TDDP2F6 X 2020-01-16,65.25695763217202
TDDP2F6 X 2020-01-17,81.78785602671957
TDDP2F6 X 2020-01-18,75.29317024648871
TDDP2F6 X 2020-01-19,73.82062082180805
TDDP2F6 X 2020-01-20,75.93257999601559
TDDP2F6 X 2020-01-21,31.15452694709178
TDDP2F6 X 2020-01-22,43.450072096561584
TDDP2F6 X 2020-01-23,39.35200878506379
TDDP2F6 X 2020-01-24,46.51257966738796
TDDP2F6 X 2020-01-25,54.28892612294224
TDDP2F6 X 2020-01-26,79.5072557149306
TDDP2F6 X 2020-02-02,36.04835578558587
TDDP2F6 X 2020-02-03,37.31293457042726
TDDP2F6 X 2020-02-04,44.20086788717809
TDDP2F6 X 2020-02-05,35.59246235546615
TDDP2F6 X 2020-02-06,35.23135001972192
TDDP2F6 X 2020-02-07,35.07270789878325
TDDP2F6 X 2020-02-08,30.986974805828197
TDDP2F6 X 2020-02-10,60.00756123281268
TDDP2F6 X 2020-02-11,39.067722150294706
TDDP2F6 X 2020-02-12,31.574537206209122
TDDP2F6 X 2020-02-13,30.342550389146226
TDDP2F6 X 2020-02-14,47.04605713713699
TDDP2F6 X 2020-02-15,44.2817278732867
TDDP2F6 X 2020-02-16,45.639771904617625
TDDP2F6 X 2020-02-17,54.13567035744615
TDDP2F6 X 2020-02-18,51.445083862166776
TDDP2F6 X 2020-02-19,37.521129903369484
TDDP2F6 X 2020-02-20,54.22370735514267
TDDP2F6 X 2020-02-21,68.67974596168416
TDDP2F6 X 2020-02-22,40.919428967873884
TDDP2F6 X 2020-02-23,47.11916491604195
TDDP2F6 X 2020-02-24,32.95136378274424
TDDP2F6 X 2020-02-25,51.15516822752663
TDDP2F6 X 2020-02-26,51.492536577050416
TDDP2F6 X 2020-02-27,38.63950698842587
TDDP2F6 X 2020-02-28,65.96413606075342
TDDP2F6 X 2020-02-29,50.3239495239028
TDDP2F6 X 2020-03-01,36.33359497555094
TDDP2F6 X 2020-03-02,37.809470939601994
TDDP2F6 X 2020-03-03,48.33270024766557
TDDP2F6 X 2020-03-04,36.116391932033686
TDDP2F6 X 2020-03-05,34.321151916057666
TDDP2F6 X 2020-03-06,49.715517867636294
TDDP2F6 X 2020-03-07,43.54788622650352
TDDP2F6 X 2020-03-08,31.17953303382147
TDDP2F6 X 2020-03-09,36.87071058143376
TDDP2F6 X 2020-03-10,53.804921498525154
TDDP2F6 X 2020-03-11,42.966597771218446
TDDP2F6 X 2020-03-12,27.37373356698152
TDDP2F6 X 2020-03-13,26.813010851798083
TDDP2F6 X 2020-03-14,17.966533089300583
TDDP2F6 X 2020-03-15,24.326354425416227
TDDP2F6 X 2020-03-16,54.54411484760749
TDDP2F6 X 2020-03-17,53.18900330441336
TDDP2F6 X 2020-03-18,64.75291905355704
TDDP2F6 X 2020-03-19,63.491233192328096
TDDP2F6 X 2020-03-20,40.87166453441479
TDDP2F6 X 2020-03-21,53.69762453565754
TDDP2F6 X 2020-03-22,24.150150223855526
TDDP2F6 X 2020-03-23,38.039940002036225
TDDP2F6 X 2020-03-24,40.07636172154814
TDDP2F6 X 2020-03-25,60.769959942960796
TDDP2F6 X 2020-03-26,62.56825167207751
TDDP2F6 X 2020-03-27,69.08407823118978
TDDP2F6 X 2020-03-28,72.212616193837
TDDP2F6 X 2020-03-29,119.27082857358815
TDDP2F6 X 2020-03-30,26.417628020910044
TDDP2F6 X 2020-03-31,41.569180347232944
TDDP2F6 X 2020-04-01,49.356135579419096
TDDP2F6 X 2020-04-02,77.9842811566445
TDDP2F6 X 2020-04-03,47.189999670704836
TDDP2F6 X 2020-04-04,47.41863046779199
TF8GL9A X 2020-01-02,126.94609277317095
TF8GL9A X 2020-01-03,121.45006031192183
TF8GL9A X 2020-01-04,114.1816895326267
TF8GL9A X 2020-01-05,123.13209371376477
TF8GL9A X 2020-01-06,140.39493655422842
TF8GL9A X 2020-01-07,121.54846068645675
TF8GL9A X 2020-01-08,76.81186772582733
TF8GL9A X 2020-01-09,113.99264092619396
TF8GL9A X 2020-01-10,129.47032477233068
TF8GL9A X 2020-01-11,125.29610259481824
TF8GL9A X 2020-01-12,144.9363610280987
TF8GL9A X 2020-01-13,84.57707741780936
TF8GL9A X 2020-01-14,110.94336817276402
TF8GL9A X 2020-01-15,112.09768717017793
TF8GL9A X 2020-01-16,83.68044473757863
TF8GL9A X 2020-01-17,117.15295617702584
TF8GL9A X 2020-01-18,127.7903596572233
TF8GL9A X 2020-01-19,125.7190106886461
TF8GL9A X 2020-01-20,120.37410180787656
TF8GL9A X 2020-01-21,122.81273682185237
TF8GL9A X 2020-01-22,147.48195152245597
TF8GL9A X 2020-01-23,137.75186229790165
TF8GL9A X 2020-01-24,131.92303974125986
TF8GL9A X 2020-01-25,127.90950086281852
TF8GL9A X 2020-01-26,157.7756040332144
TF8GL9A X 2020-01-27,105.34357211762611
TF8GL9A X 2020-01-28,84.97275613683692
TF8GL9A X 2020-01-29,78.62780175651423
TF8GL9A X 2020-01-30,134.35963583756978
TF8GL9A X 2020-01-31,138.300048586996
TF8GL9A X 2020-02-01,138.75098081771785
TF8GL9A X 2020-02-02,138.81137772422562
TF8GL9A X 2020-02-03,150.37021245177453
TF8GL9A X 2020-02-04,134.05287900373418
TF8GL9A X 2020-02-05,115.74696523737286
TF8GL9A X 2020-02-06,118.44424256172717
TF8GL9A X 2020-02-07,133.94947437604475
TF8GL9A X 2020-02-08,145.89277724728612
TF8GL9A X 2020-02-09,132.70624803218135
TF8GL9A X 2020-02-10,119.85362534422534
TF8GL9A X 2020-02-11,116.58810614375872
TF8GL9A X 2020-02-12,80.95833508377048
TF8GL9A X 2020-02-13,97.80065103543761
TF8GL9A X 2020-02-14,129.6471508442038
TF8GL9A X 2020-02-15,124.84904223470893
TF8GL9A X 2020-02-16,128.27098493732876
TF8GL9A X 2020-02-17,141.5581160004283
TF8GL9A X 2020-02-18,152.91604550957834
TF8GL9A X 2020-02-19,146.96768439294198
TF8GL9A X 2020-02-20,131.9324777054636
TF8GL9A X 2020-02-21,110.16178028052285
TF8GL9A X 2020-02-22,143.21545874211608
TF8GL9A X 2020-02-23,150.27623361466084
TF8GL9A X 2020-02-24,155.59373230448244
TF8GL9A X 2020-02-25,95.82571459969654
TF8GL9A X 2020-02-26,141.528698257891
TF8GL9A X 2020-02-27,141.713286136264
TF8GL9A X 2020-02-28,158.21889898944113
TF8GL9A X 2020-02-29,140.13991002594497
TF8GL9A X 2020-03-01,108.55807045406782
TF8GL9A X 2020-03-02,98.18431573865954
TF8GL9A X 2020-03-03,102.08818400931997
TF8GL9A X 2020-03-04,106.35075226853624
TF8GL9A X 2020-03-05,96.27626610360974
TF8GL9A X 2020-03-06,60.7095698847656
TF8GL9A X 2020-03-07,95.11972347866597
TF8GL9A X 2020-03-08,106.11292766126965
TF8GL9A X 2020-03-09,103.66652101659703
TF8GL9A X 2020-03-10,60.065585266131066
TF8GL9A X 2020-03-11,87.08878727887088
TF8GL9A X 2020-03-12,61.776237542192305
TF8GL9A X 2020-03-13,79.1091327353701
TF8GL9A X 2020-03-14,91.08900432959841
TF8GL9A X 2020-03-15,135.65711224209844
TF8GL9A X 2020-03-16,132.01808788613647
TF8GL9A X 2020-03-17,133.82129665139792
TF8GL9A X 2020-03-18,88.66461286222626
TF8GL9A X 2020-03-19,71.60069143897493
TF8GL9A X 2020-03-20,78.13502912927598
TF8GL9A X 2020-03-21,94.28197809083483
TF8GL9A X 2020-03-22,82.12011462792127
TF8GL9A X 2020-03-23,79.69700730410082
TF8GL9A X 2020-03-24,83.7500571867198
TF8GL9A X 2020-03-25,89.0774660602047
TF8GL9A X 2020-03-26,86.24683179849917
TF8GL9A X 2020-03-27,83.95850088844
TF8GL9A X 2020-03-28,80.98548017467276
TF8GL9A X 2020-03-29,77.49554625057951
TF8GL9A X 2020-03-30,72.62736588421004
TF8GL9A X 2020-03-31,74.76438752877539
TF8GL9A X 2020-04-01,86.87952076290621
TF8GL9A X 2020-04-02,89.40767748282562
TF8GL9A X 2020-04-03,59.29950895102439
TF8GL9A X 2020-04-04,95.14544361128053
TJH3M9P X 2020-01-02,35.147922344794324
TJH3M9P X 2020-01-03,19.765502861980824
TJH3M9P X 2020-01-04,42.57478197868522
TJH3M9P X 2020-01-05,40.05047134612042
TJH3M9P X 2020-01-06,24.456589438550402
TJH3M9P X 2020-01-07,18.80506663464955
TJH3M9P X 2020-01-08,16.900025123424367
TJH3M9P X 2020-01-09,20.71561482663064
TJH3M9P X 2020-01-10,25.736514229073258
TJH3M9P X 2020-01-11,34.984123279867326
TJH3M9P X 2020-01-12,23.600102632784683
TJH3M9P X 2020-01-13,22.733010125478703
TJH3M9P X 2020-01-14,22.80596531593838
TJH3M9P X 2020-01-15,18.31933173041749
TJH3M9P X 2020-01-16,31.258828172526265
TJH3M9P X 2020-01-17,19.628188262602652
TJH3M9P X 2020-01-18,25.84720518668145
TJH3M9P X 2020-01-19,32.16816712434056
TJH3M9P X 2020-01-20,72.88816710077815
TJH3M9P X 2020-01-21,72.14027036341959
TJH3M9P X 2020-01-22,40.38635950978403
TJH3M9P X 2020-01-23,53.36150610809915
TJH3M9P X 2020-01-24,61.146682167441455
TJH3M9P X 2020-01-25,50.57943952373359
TJH3M9P X 2020-01-26,40.87119087671988
TJH3M9P X 2020-01-27,22.04840820371753
TJH3M9P X 2020-01-28,20.12031511517318
TJH3M9P X 2020-01-29,32.01200291496407
TJH3M9P X 2020-01-30,22.37394412956913
TJH3M9P X 2020-01-31,14.56739640279444
TJH3M9P X 2020-02-01,20.2356672954935
TJH3M9P X 2020-02-02,20.27863697173124
TJH3M9P X 2020-02-03,34.38633131754987
TJH3M9P X 2020-02-04,24.70771392522758
TJH3M9P X 2020-02-05,41.04781285547192
TJH3M9P X 2020-02-06,58.85946322845483
TJH3M9P X 2020-02-07,44.353228538840064
TJH3M9P X 2020-02-08,29.849498141014223
TJH3M9P X 2020-02-09,18.268271948962134
TJH3M9P X 2020-02-10,28.64734155052902
TJH3M9P X 2020-02-11,24.41818827594723
TJH3M9P X 2020-02-12,31.571678003945415
TJH3M9P X 2020-02-13,20.822354982565418
TJH3M9P X 2020-02-14,39.35447444722142
TJH3M9P X 2020-02-15,13.966154654345836
TJH3M9P X 2020-02-16,15.066014814565062
TJH3M9P X 2020-02-17,22.609991155736203
TJH3M9P X 2020-02-18,20.920165312228026
TJH3M9P X 2020-02-19,27.0721053374132
TJH3M9P X 2020-02-20,15.507432110954763
TJH3M9P X 2020-02-21,17.168531809407558
TJH3M9P X 2020-02-22,32.52248844934532
TJH3M9P X 2020-02-23,21.82559843673097
TJH3M9P X 2020-02-24,26.868380903399455
TJH3M9P X 2020-02-25,20.47299875505309
TJH3M9P X 2020-02-26,20.60252139340111
TJH3M9P X 2020-02-27,18.634615881717835
TJH3M9P X 2020-02-28,23.338045856481003
TJH3M9P X 2020-02-29,17.779489408277897
TJH3M9P X 2020-03-01,18.693037420154333
TJH3M9P X 2020-03-02,23.41242295435542
TJH3M9P X 2020-03-03,26.902444148151112
TJH3M9P X 2020-03-04,33.7170335580718
TJH3M9P X 2020-03-05,33.08848733057031
TJH3M9P X 2020-03-06,22.737439824335848
TJH3M9P X 2020-03-07,42.40076392501099
TJH3M9P X 2020-03-08,19.139321234762484
TJH3M9P X 2020-03-09,36.6845134893936
TJH3M9P X 2020-03-10,15.528260855668194
TJH3M9P X 2020-03-11,19.61199811494742
TJH3M9P X 2020-03-12,21.148972720496992
TJH3M9P X 2020-03-13,22.070930706485722
TJH3M9P X 2020-03-14,34.04063987573382
TJH3M9P X 2020-03-15,20.393607776491685
TJH3M9P X 2020-03-16,32.197946317954134
TJH3M9P X 2020-03-17,29.50017864703552
TJH3M9P X 2020-03-18,17.572081512105317
TJH3M9P X 2020-03-19,50.131545378686155
TJH3M9P X 2020-03-20,34.74550998168465
TJH3M9P X 2020-03-21,28.507108423502892
TJH3M9P X 2020-03-22,41.954676868584265
TJH3M9P X 2020-03-23,43.13254186420893
TJH3M9P X 2020-03-24,46.45925990857524
TJH3M9P X 2020-03-25,52.589603764924
TJH3M9P X 2020-03-26,55.505707412144275
TJH3M9P X 2020-03-27,39.00650557401346
TJH3M9P X 2020-03-28,28.942674025225706
TJH3M9P X 2020-03-29,18.636107407278452
TJH3M9P X 2020-03-30,18.42264032742115
TJH3M9P X 2020-03-31,21.13941285153784
TJH3M9P X 2020-04-01,21.924600070248577
TJH3M9P X 2020-04-02,29.081533531963302
TJH3M9P X 2020-04-03,26.222484142636034
TJH3M9P X 2020-04-04,29.92427287539695
TWHT8RX X 2020-01-02,27.45404589219656
TWHT8RX X 2020-01-03,44.203635689372305
TWHT8RX X 2020-01-04,17.416048895320415
TWHT8RX X 2020-01-05,20.094524407958914
TWHT8RX X 2020-01-06,22.816354197964213
TWHT8RX X 2020-01-07,18.34724842892179
TWHT8RX X 2020-01-08,21.997445182103124
TWHT8RX X 2020-01-09,69.98642645051396
TWHT8RX X 2020-01-10,44.10713916404618
TWHT8RX X 2020-01-11,33.25499773668578
TWHT8RX X 2020-01-12,20.930763460947706
TWHT8RX X 2020-01-13,39.87060189228514
TWHT8RX X 2020-01-14,42.80960189235347
TWHT8RX X 2020-01-15,75.33952111990902
TWHT8RX X 2020-01-16,52.56582623606515
TWHT8RX X 2020-01-17,71.44426475298414
TWHT8RX X 2020-01-18,68.46859045182393
TWHT8RX X 2020-01-19,63.771517380853524
TWHT8RX X 2020-01-20,39.81740585024362
TWHT8RX X 2020-01-21,46.46553536369708
TWHT8RX X 2020-01-22,17.266061562524886
TWHT8RX X 2020-01-23,28.670451818201087
TWHT8RX X 2020-01-24,34.54687151076098
TWHT8RX X 2020-01-25,35.26103327386032
TWHT8RX X 2020-01-26,55.45709014331182
TWHT8RX X 2020-01-27,61.67412391996491
TWHT8RX X 2020-01-28,56.090301191864086
TWHT8RX X 2020-01-29,44.1705542381139
TWHT8RX X 2020-01-30,48.05066091946162
TWHT8RX X 2020-01-31,42.23362176412158
TWHT8RX X 2020-02-01,22.607859800750447
TWHT8RX X 2020-02-02,37.14160603517843
TWHT8RX X 2020-02-03,45.05140861453198
TWHT8RX X 2020-02-04,36.142913093203155
TWHT8RX X 2020-02-05,30.173873277348548
TWHT8RX X 2020-02-06,33.17599277705327
TWHT8RX X 2020-02-07,44.73760423308934
TWHT8RX X 2020-02-08,19.88905414701093
TWHT8RX X 2020-02-09,43.964708674442676
TWHT8RX X 2020-02-10,57.65848558930752
TWHT8RX X 2020-02-11,70.11648797156828
TWHT8RX X 2020-02-12,68.22474204517475
TWHT8RX X 2020-02-13,39.26220179781575
TWHT8RX X 2020-02-14,20.178874193086482
TWHT8RX X 2020-02-15,27.497366726594002
TWHT8RX X 2020-02-16,26.552876252084438
TWHT8RX X 2020-02-17,39.6481509111683
TWHT8RX X 2020-02-18,71.30120588853258
TWHT8RX X 2020-02-19,50.25110077896104
TWHT8RX X 2020-02-20,55.95998078591897
TWHT8RX X 2020-02-21,58.76729837478884
TWHT8RX X 2020-02-22,70.14307222331185
TWHT8RX X 2020-02-23,41.777550579412356
TWHT8RX X 2020-02-24,22.053153541124576
TWHT8RX X 2020-02-25,47.19460318171052
TWHT8RX X 2020-02-26,53.5931770954612
TWHT8RX X 2020-02-27,67.16705240509553
TWHT8RX X 2020-02-28,46.53344949697752
TWHT8RX X 2020-02-29,26.22407345075179
TWHT8RX X 2020-03-01,60.57902350744389
TWHT8RX X 2020-03-02,43.61763055468105
TWHT8RX X 2020-03-03,35.18651944257084
TWHT8RX X 2020-03-04,33.1240270269263
TWHT8RX X 2020-03-05,51.14425226350485
TWHT8RX X 2020-03-06,32.30780762756359
TWHT8RX X 2020-03-07,44.21007970020167
TWHT8RX X 2020-03-08,29.730864396707013
TWHT8RX X 2020-03-09,38.98355638457939
TWHT8RX X 2020-03-10,42.96537683587354
TWHT8RX X 2020-03-11,45.78975275092894
TWHT8RX X 2020-03-12,48.632266577915665
TWHT8RX X 2020-03-13,59.418880952226914
TWHT8RX X 2020-03-14,41.630808053510975
TWHT8RX X 2020-03-15,30.745132215640027
TWHT8RX X 2020-03-16,32.49022856169342
TWHT8RX X 2020-03-17,53.26715468683167
TWHT8RX X 2020-03-18,58.45300335035181
TWHT8RX X 2020-03-19,70.18128741947909
TWHT8RX X 2020-03-20,66.3380527156851
TWHT8RX X 2020-03-21,46.05138319441553
TWHT8RX X 2020-03-22,41.61853092719737
TWHT8RX X 2020-03-23,25.763045894891555
TWHT8RX X 2020-03-24,21.516887737555194
TWHT8RX X 2020-03-25,47.858982546682974
TWHT8RX X 2020-03-26,46.53733222540179
TWHT8RX X 2020-03-27,32.302800816599735
TWHT8RX X 2020-03-28,40.84846260553199
TWHT8RX X 2020-03-29,34.020597421492226
TWHT8RX X 2020-03-30,22.41365630773078
TWHT8RX X 2020-03-31,35.3597386695621
TWHT8RX X 2020-04-01,46.3952103553688
TWHT8RX X 2020-04-02,17.957355624338657
TWHT8RX X 2020-04-03,42.08407827938624
TWHT8RX X 2020-04-04,41.88119669392101
TYDTLKI X 2020-01-02,18.36152508725599
TYDTLKI X 2020-01-03,11.28980682277011
TYDTLKI X 2020-01-04,12.510175844773826
TYDTLKI X 2020-01-05,37.52165369929391
TYDTLKI X 2020-01-06,18.25944053511017
TYDTLKI X 2020-01-07,16.7168316823132
TYDTLKI X 2020-01-08,11.358222006215023
TYDTLKI X 2020-01-09,14.486840838336043
TYDTLKI X 2020-01-10,33.137970894765374
TYDTLKI X 2020-01-11,26.619862061568746
TYDTLKI X 2020-01-12,9.11504707074872
TYDTLKI X 2020-01-13,15.643048322164578
TYDTLKI X 2020-01-14,14.142337238991196
TYDTLKI X 2020-01-15,9.929980781520772
TYDTLKI X 2020-01-16,20.470576357915206
TYDTLKI X 2020-01-17,18.741839750890367
TYDTLKI X 2020-01-18,33.87393670924608
TYDTLKI X 2020-01-19,13.032485211961731
TYDTLKI X 2020-01-20,12.35326992073206
TYDTLKI X 2020-01-21,10.537987002992555
TYDTLKI X 2020-01-22,11.96626546201081
TYDTLKI X 2020-01-23,19.73563986886035
TYDTLKI X 2020-01-24,27.298177304824932
TYDTLKI X 2020-01-25,9.475525908050319
TYDTLKI X 2020-01-26,15.834590440160913
TYDTLKI X 2020-01-27,27.40516975648913
TYDTLKI X 2020-01-28,25.78924245324763
TYDTLKI X 2020-01-29,37.905407260642505
TYDTLKI X 2020-01-30,36.25396607219636
TYDTLKI X 2020-01-31,27.685960510004293
TYDTLKI X 2020-02-01,22.732154099966124
TYDTLKI X 2020-02-02,12.864625032030464
TYDTLKI X 2020-02-03,11.883345122203124
TYDTLKI X 2020-02-04,15.369339757044326
TYDTLKI X 2020-02-05,19.817233387816213
TYDTLKI X 2020-02-06,17.626105443625892
TYDTLKI X 2020-02-07,30.8160934014017
TYDTLKI X 2020-02-08,24.135625729157972
TYDTLKI X 2020-02-09,31.329553763493927
TYDTLKI X 2020-02-10,11.504834860264477
TYDTLKI X 2020-02-11,11.840825070534496
TYDTLKI X 2020-02-12,16.171923085997904
TYDTLKI X 2020-02-13,35.1332184289863
TYDTLKI X 2020-02-14,13.01523076783037
TYDTLKI X 2020-02-19,16.194669915549934
TYDTLKI X 2020-02-20,19.921003444427434
TYDTLKI X 2020-02-21,25.998606611033637
TYDTLKI X 2020-02-22,14.620365892408017
TYDTLKI X 2020-02-23,11.288137264107306
TYDTLKI X 2020-02-24,9.945277330374026
TYDTLKI X 2020-02-25,30.135103498783266
TYDTLKI X 2020-02-26,21.169786940978963
TYDTLKI X 2020-02-27,11.25892915647973
TYDTLKI X 2020-02-28,21.907726445613804
TYDTLKI X 2020-02-29,21.28107213332457
TYDTLKI X 2020-03-01,16.974558310001996
TYDTLKI X 2020-03-02,18.063627296740734
TYDTLKI X 2020-03-03,37.32261008132774
TYDTLKI X 2020-03-04,22.14180434212646
TYDTLKI X 2020-03-05,16.891100757424145
TYDTLKI X 2020-03-06,17.26118508820547
TYDTLKI X 2020-03-07,22.168142387392443
TYDTLKI X 2020-03-08,28.62321262823407
TYDTLKI X 2020-03-09,25.108032550451675
TYDTLKI X 2020-03-10,17.21231926939171
TYDTLKI X 2020-03-11,26.430343520332265
TYDTLKI X 2020-03-12,12.882083295335967
TYDTLKI X 2020-03-13,11.943040126571727
TYDTLKI X 2020-03-14,17.349409877491546
TYDTLKI X 2020-03-15,13.100597445172856
TYDTLKI X 2020-03-16,14.596275604126703
TYDTLKI X 2020-03-17,25.79447142886321
TYDTLKI X 2020-03-18,17.624447281628925
TYDTLKI X 2020-03-19,15.946199936233096
TYDTLKI X 2020-03-20,25.272350198073333
TYDTLKI X 2020-03-21,14.166420797912984
TYDTLKI X 2020-03-22,17.110248833938332
TYDTLKI X 2020-03-23,15.977939886100451
TYDTLKI X 2020-03-24,16.485494505204933
TYDTLKI X 2020-03-25,30.446778747104133
TYDTLKI X 2020-03-26,37.02976032473342
TYDTLKI X 2020-03-27,38.99079439900608
TYDTLKI X 2020-03-28,28.478969232763298
TYDTLKI X 2020-03-29,8.65376291036915
TYDTLKI X 2020-03-30,13.731471599493482
TYDTLKI X 2020-03-31,30.178366192958656
TYDTLKI X 2020-04-01,23.694455231311707
TYDTLKI X 2020-04-02,22.957330826065046
TYDTLKI X 2020-04-03,11.306256256073123
TYDTLKI X 2020-04-04,23.17787005129564
UBIMBDJ X 2020-01-02,56.7801641187468
UBIMBDJ X 2020-01-03,32.60326056325506
UBIMBDJ X 2020-01-04,43.42048354161622
UBIMBDJ X 2020-01-05,29.231848485028657
UBIMBDJ X 2020-01-06,34.29204032054421
UBIMBDJ X 2020-01-07,33.17197940167319
UBIMBDJ X 2020-01-08,43.58503208391374
UBIMBDJ X 2020-01-09,37.870461800173146
UBIMBDJ X 2020-01-10,59.368160286991184
UBIMBDJ X 2020-01-11,31.14241211687103
UBIMBDJ X 2020-01-12,57.828861457128966
UBIMBDJ X 2020-01-13,28.209730200186314
UBIMBDJ X 2020-01-14,72.40779214800547
UBIMBDJ X 2020-01-15,39.14273276252274
UBIMBDJ X 2020-01-16,30.15921785403767
UBIMBDJ X 2020-01-17,50.52047511584968
UBIMBDJ X 2020-01-18,29.57581733102508
UBIMBDJ X 2020-01-19,25.469230276503076
UBIMBDJ X 2020-01-20,34.864168402271815
UBIMBDJ X 2020-01-21,37.50444460521362
UBIMBDJ X 2020-01-22,51.50063333997021
UBIMBDJ X 2020-01-23,42.23246391792547
UBIMBDJ X 2020-01-24,36.77730225025185
UBIMBDJ X 2020-01-25,54.65565891625
UBIMBDJ X 2020-01-26,49.45073040453825
UBIMBDJ X 2020-01-27,77.72127019142088
UBIMBDJ X 2020-01-28,95.86598967761532
UBIMBDJ X 2020-01-29,28.06208136663404
UBIMBDJ X 2020-01-30,43.859330816932605
UBIMBDJ X 2020-01-31,31.04779283572848
UBIMBDJ X 2020-02-01,32.89413301647728
UBIMBDJ X 2020-02-02,53.7332402767773
UBIMBDJ X 2020-02-03,67.24724923964526
UBIMBDJ X 2020-02-04,44.14543807249848
UBIMBDJ X 2020-02-05,61.94491675977315
UBIMBDJ X 2020-02-06,47.99664102748091
UBIMBDJ X 2020-02-07,41.539192104882375
UBIMBDJ X 2020-02-08,35.05700310005602
UBIMBDJ X 2020-02-09,34.63563349127398
UBIMBDJ X 2020-02-10,45.19265593743982
UBIMBDJ X 2020-02-11,71.1361611092802
UBIMBDJ X 2020-02-12,47.563614496595534
UBIMBDJ X 2020-02-13,56.94128415361932
UBIMBDJ X 2020-02-14,55.5439436630399
UBIMBDJ X 2020-02-15,82.13505547811485
UBIMBDJ X 2020-02-16,100.13983687833196
UBIMBDJ X 2020-02-17,50.94586983174303
UBIMBDJ X 2020-02-18,53.253466579865695
UBIMBDJ X 2020-02-19,53.67545424130695
UBIMBDJ X 2020-02-20,39.111548613854666
UBIMBDJ X 2020-02-21,43.96659463495333
UBIMBDJ X 2020-02-22,33.969332510238175
UBIMBDJ X 2020-02-23,53.84062012637351
UBIMBDJ X 2020-02-24,54.51547102319293
UBIMBDJ X 2020-02-25,37.10499944983624
UBIMBDJ X 2020-02-26,42.791518064161664
UBIMBDJ X 2020-02-27,61.96550910378032
UBIMBDJ X 2020-02-28,59.82186213072197
UBIMBDJ X 2020-02-29,39.85784055096085
UBIMBDJ X 2020-03-01,38.104810633249286
UBIMBDJ X 2020-03-02,34.1087704530322
UBIMBDJ X 2020-03-03,61.35333082149532
UBIMBDJ X 2020-03-04,49.46951033666946
UBIMBDJ X 2020-03-05,49.34987280085387
UBIMBDJ X 2020-03-06,64.29738668040086
UBIMBDJ X 2020-03-07,32.65061429932692
UBIMBDJ X 2020-03-08,61.45887723423192
UBIMBDJ X 2020-03-09,64.4125360562642
UBIMBDJ X 2020-03-10,51.12953936401668
UBIMBDJ X 2020-03-11,64.82218159433397
UBIMBDJ X 2020-03-12,104.93686588785089
UBIMBDJ X 2020-03-13,43.27250839170829
UBIMBDJ X 2020-03-14,32.70302290690079
UBIMBDJ X 2020-03-15,88.3835093444997
UBIMBDJ X 2020-03-16,54.19923109809497
UBIMBDJ X 2020-03-17,46.640231424503924
UBIMBDJ X 2020-03-18,40.41119120122497
UBIMBDJ X 2020-03-19,34.787901842230376
UBIMBDJ X 2020-03-20,31.843732116711898
UBIMBDJ X 2020-03-21,32.32818542688853
UBIMBDJ X 2020-03-22,32.112471030735364
UBIMBDJ X 2020-03-23,63.22494558689658
UBIMBDJ X 2020-03-24,86.30902472034697
UBIMBDJ X 2020-03-25,53.53697868424745
UBIMBDJ X 2020-03-26,86.01904213756298
UBIMBDJ X 2020-03-27,99.76679450351357
UBIMBDJ X 2020-03-28,40.31043866931585
UBIMBDJ X 2020-03-29,40.3173892849084
UBIMBDJ X 2020-03-30,61.59998052165466
UBIMBDJ X 2020-03-31,64.26989961313242
UBIMBDJ X 2020-04-01,52.615844464813534
UBIMBDJ X 2020-04-02,59.02808588185496
UBIMBDJ X 2020-04-03,57.927306569843864
UBIMBDJ X 2020-04-04,55.91994781159296
UCDO92A X 2020-01-02,24.684294898759383
UCDO92A X 2020-01-03,19.642974471000358
UCDO92A X 2020-01-04,30.686007238339315
UCDO92A X 2020-01-05,39.587971326045974
UCDO92A X 2020-01-06,12.737578948638848
UCDO92A X 2020-01-07,22.478397490733258
UCDO92A X 2020-01-08,41.36198211786471
UCDO92A X 2020-01-09,32.33993415910812
UCDO92A X 2020-01-10,46.732057809575075
UCDO92A X 2020-01-11,18.4237990838461
UCDO92A X 2020-01-12,17.163188926304972
UCDO92A X 2020-01-13,20.358698344839038
UCDO92A X 2020-01-14,18.377571481745093
UCDO92A X 2020-01-15,20.043883682192213
UCDO92A X 2020-01-16,21.4311086106577
UCDO92A X 2020-01-17,23.4832034111539
UCDO92A X 2020-01-18,27.747702566399326
UCDO92A X 2020-01-19,60.949560843943374
UCDO92A X 2020-01-20,59.73348240033435
UCDO92A X 2020-01-21,66.48063557762383
UCDO92A X 2020-01-22,48.74016128338789
UCDO92A X 2020-01-23,47.1349522087032
UCDO92A X 2020-01-24,46.142436020928244
UCDO92A X 2020-01-25,48.95726961876487
UCDO92A X 2020-01-26,32.95003028666005
UCDO92A X 2020-01-27,19.490391345381443
UCDO92A X 2020-01-28,12.523688735567191
UCDO92A X 2020-01-29,18.280308009089474
UCDO92A X 2020-01-30,22.567069656648528
UCDO92A X 2020-01-31,30.412864012873378
UCDO92A X 2020-02-01,22.455112466008526
UCDO92A X 2020-02-02,29.742034069485612
UCDO92A X 2020-02-03,26.136916618047366
UCDO92A X 2020-02-04,22.536969205670932
UCDO92A X 2020-02-05,50.23989830876543
UCDO92A X 2020-02-06,60.361210704168556
UCDO92A X 2020-02-07,62.498808469029186
UCDO92A X 2020-02-08,19.981427218318036
UCDO92A X 2020-02-09,17.390604419156514
UCDO92A X 2020-02-10,28.42905008409344
UCDO92A X 2020-02-11,19.55053331875861
UCDO92A X 2020-02-12,22.245035220981322
UCDO92A X 2020-02-13,28.163657221684353
UCDO92A X 2020-02-14,26.512628456721373
UCDO92A X 2020-02-15,17.43700907731069
UCDO92A X 2020-02-16,15.130853541039926
UCDO92A X 2020-02-17,20.096533011278574
UCDO92A X 2020-02-18,20.48774688305346
UCDO92A X 2020-02-19,20.41205467234614
UCDO92A X 2020-02-20,15.88470988996826
UCDO92A X 2020-02-21,25.487835348268447
UCDO92A X 2020-02-22,18.90947412060914
UCDO92A X 2020-02-23,15.731977377367034
UCDO92A X 2020-02-24,30.307201483241997
UCDO92A X 2020-02-25,15.775253046448988
UCDO92A X 2020-02-26,21.3425102684321
UCDO92A X 2020-02-27,21.95230540182976
UCDO92A X 2020-02-28,19.82945284155769
UCDO92A X 2020-02-29,13.604468332579312
UCDO92A X 2020-03-01,15.978035563957832
UCDO92A X 2020-03-02,33.329020231884485
UCDO92A X 2020-03-03,27.80768210035788
UCDO92A X 2020-03-04,38.07743416636438
UCDO92A X 2020-03-05,44.30445481906663
UCDO92A X 2020-03-06,57.291315898131415
UCDO92A X 2020-03-07,25.14946181150701
UCDO92A X 2020-03-08,13.528130485449807
UCDO92A X 2020-03-09,22.065122142655433
UCDO92A X 2020-03-10,12.130486981000733
UCDO92A X 2020-03-11,19.306357660591708
UCDO92A X 2020-03-12,18.04179225460959
UCDO92A X 2020-03-13,19.586062457504852
UCDO92A X 2020-03-14,40.71958953935689
UCDO92A X 2020-03-15,14.807825390583883
UCDO92A X 2020-03-16,21.295914791624313
UCDO92A X 2020-03-17,17.96343678288551
UCDO92A X 2020-03-18,15.759256963931975
UCDO92A X 2020-03-19,47.914782852954495
UCDO92A X 2020-03-20,24.502834925400748
UCDO92A X 2020-03-21,32.29643448646139
UCDO92A X 2020-03-22,32.61313385772232
UCDO92A X 2020-03-23,49.35674048569522
UCDO92A X 2020-03-24,53.57598146250353
UCDO92A X 2020-03-25,54.9060055809517
UCDO92A X 2020-03-26,71.47213817575005
UCDO92A X 2020-03-27,57.31226601253981
UCDO92A X 2020-03-28,18.31291257844146
UCDO92A X 2020-03-29,20.44256100070615
UCDO92A X 2020-03-30,27.818721850343437
UCDO92A X 2020-03-31,21.248141690767604
UCDO92A X 2020-04-01,27.28903512431711
UCDO92A X 2020-04-02,24.543553020745563
UCDO92A X 2020-04-03,23.550414610777217
UCDO92A X 2020-04-04,33.56419396876387
UZ352TT X 2020-01-02,64.43498341175709
UZ352TT X 2020-01-03,17.604530090233084
UZ352TT X 2020-01-04,35.231120164414
UZ352TT X 2020-01-05,30.27782087618553
UZ352TT X 2020-01-06,41.29987993205093
UZ352TT X 2020-01-07,43.40818507672755
UZ352TT X 2020-01-08,20.003944771614282
UZ352TT X 2020-01-09,11.574436386475067
UZ352TT X 2020-01-10,14.025482464423543
UZ352TT X 2020-01-11,39.866197844912136
UZ352TT X 2020-01-12,25.256117124329364
UZ352TT X 2020-01-13,31.863010806216778
UZ352TT X 2020-01-14,8.495429744456672
UZ352TT X 2020-01-15,14.224894572191708
UZ352TT X 2020-01-16,36.03113163732083
UZ352TT X 2020-01-17,16.32598793409894
UZ352TT X 2020-01-18,24.297054927609494
UZ352TT X 2020-01-19,54.86499535429053
UZ352TT X 2020-01-20,75.77668224839378
UZ352TT X 2020-01-21,85.1531415169828
UZ352TT X 2020-01-22,99.50705286945188
UZ352TT X 2020-01-23,60.96954662005808
UZ352TT X 2020-01-24,74.76931315980941
UZ352TT X 2020-01-25,87.86254720448044
UZ352TT X 2020-01-26,64.51331058280057
UZ352TT X 2020-01-27,22.186110311121688
UZ352TT X 2020-01-28,12.263279559685998
UZ352TT X 2020-01-29,24.089405093546446
UZ352TT X 2020-01-30,22.573427614335827
UZ352TT X 2020-01-31,11.094841483992877
UZ352TT X 2020-02-01,12.126402444708898
UZ352TT X 2020-02-02,18.241459245015992
UZ352TT X 2020-02-03,24.15751728574726
UZ352TT X 2020-02-04,19.62589484303963
UZ352TT X 2020-02-05,58.3421565852709
UZ352TT X 2020-02-06,66.95115557445413
UZ352TT X 2020-02-07,67.28378454486604
UZ352TT X 2020-02-08,50.50555199993156
UZ352TT X 2020-02-09,34.190765011765365
UZ352TT X 2020-02-10,14.260739009195344
UZ352TT X 2020-02-11,20.357586247134385
UZ352TT X 2020-02-12,16.650060214159264
UZ352TT X 2020-02-13,29.80777185970362
UZ352TT X 2020-02-14,29.86709718151625
UZ352TT X 2020-02-15,23.40703160181046
UZ352TT X 2020-02-16,12.585521277070725
UZ352TT X 2020-02-17,12.39435807214213
UZ352TT X 2020-02-18,13.92562443334127
UZ352TT X 2020-02-19,20.730359401479525
UZ352TT X 2020-02-20,15.56801164692132
UZ352TT X 2020-02-21,20.05109418163436
UZ352TT X 2020-02-22,14.676028759522648
UZ352TT X 2020-02-23,9.05754273276004
UZ352TT X 2020-02-24,23.2969206849057
UZ352TT X 2020-02-25,12.43257321468046
UZ352TT X 2020-02-26,16.441407094192318
UZ352TT X 2020-02-27,19.417541003115723
UZ352TT X 2020-02-28,35.323999463375735
UZ352TT X 2020-02-29,19.30340397960409
UZ352TT X 2020-03-01,11.92480638474321
UZ352TT X 2020-03-02,23.957187931853674
UZ352TT X 2020-03-03,26.09324066748738
UZ352TT X 2020-03-04,27.8100185219199
UZ352TT X 2020-03-05,27.11448302259319
UZ352TT X 2020-03-06,36.540853349418576
UZ352TT X 2020-03-07,35.678376661738625
UZ352TT X 2020-03-08,25.591567977491493
UZ352TT X 2020-03-09,23.991640848733283
UZ352TT X 2020-03-10,16.136771797941307
UZ352TT X 2020-03-11,12.176452115278124
UZ352TT X 2020-03-12,20.09949586412931
UZ352TT X 2020-03-13,23.9854434563063
UZ352TT X 2020-03-14,37.15412504219851
UZ352TT X 2020-03-15,19.33943993778282
UZ352TT X 2020-03-16,70.16655626726282
UZ352TT X 2020-03-17,56.610913975447374
UZ352TT X 2020-03-18,65.095454177542
UZ352TT X 2020-03-19,62.10934624858052
UZ352TT X 2020-03-20,66.35272116726733
UZ352TT X 2020-03-21,23.75804840425856
UZ352TT X 2020-03-22,24.154353141807313
UZ352TT X 2020-03-23,19.216332133724006
UZ352TT X 2020-03-24,47.72812528116135
UZ352TT X 2020-03-25,51.822426391213774
UZ352TT X 2020-03-26,59.60511380965977
UZ352TT X 2020-03-27,85.38949090376464
UZ352TT X 2020-03-28,97.98354841586259
UZ352TT X 2020-03-29,16.129814989365283
UZ352TT X 2020-03-30,15.605780630740476
UZ352TT X 2020-03-31,55.970954862877065
UZ352TT X 2020-04-01,52.81814492153177
UZ352TT X 2020-04-02,58.13695697884576
UZ352TT X 2020-04-03,34.50547353883002
UZ352TT X 2020-04-04,39.98889298689931
VKB6NUF X 2020-01-02,123.37157045911984
VKB6NUF X 2020-01-03,69.29532585732493
VKB6NUF X 2020-01-04,103.11865495098391
VKB6NUF X 2020-01-05,102.59791248781227
VKB6NUF X 2020-01-06,132.42055501083257
VKB6NUF X 2020-01-07,150.6484697429691
VKB6NUF X 2020-01-08,143.4897904493493
VKB6NUF X 2020-01-09,135.70583429397556
VKB6NUF X 2020-01-10,115.31541534155268
VKB6NUF X 2020-01-11,132.49909714455805
VKB6NUF X 2020-01-12,104.04324511236352
VKB6NUF X 2020-01-13,133.327251314632
VKB6NUF X 2020-01-14,123.8193441045873
VKB6NUF X 2020-01-15,107.00212478029407
VKB6NUF X 2020-01-16,134.36738193152934
VKB6NUF X 2020-01-17,113.65835272672948
VKB6NUF X 2020-01-18,99.64386150123498
VKB6NUF X 2020-01-19,103.70352266038046
VKB6NUF X 2020-01-20,61.83374682052772
VKB6NUF X 2020-01-21,114.92162197514504
VKB6NUF X 2020-01-22,110.68118029947286
VKB6NUF X 2020-01-23,118.92256665929308
VKB6NUF X 2020-01-24,152.67785871791432
VKB6NUF X 2020-01-25,119.27540439839046
VKB6NUF X 2020-01-26,135.26353994602295
VKB6NUF X 2020-01-27,152.61559302617053
VKB6NUF X 2020-01-28,96.87883974954009
VKB6NUF X 2020-01-29,80.25634362576132
VKB6NUF X 2020-01-30,105.21360011324161
VKB6NUF X 2020-01-31,127.59703233087454
VKB6NUF X 2020-02-01,105.62391993807317
VKB6NUF X 2020-02-02,90.12846232695081
VKB6NUF X 2020-02-03,71.77882236459523
VKB6NUF X 2020-02-04,30.014855980904194
VKB6NUF X 2020-02-05,25.29811713382857
VKB6NUF X 2020-02-06,81.57638859858186
VKB6NUF X 2020-02-07,84.0455108101443
VKB6NUF X 2020-02-08,94.67009838024754
VKB6NUF X 2020-02-09,114.82252468741147
VKB6NUF X 2020-02-10,114.12637295475606
VKB6NUF X 2020-02-11,71.3071567657605
VKB6NUF X 2020-02-12,43.03732665813324
VKB6NUF X 2020-02-13,96.58549349634634
VKB6NUF X 2020-02-14,77.00392430455737
VKB6NUF X 2020-02-15,100.23681737220758
VKB6NUF X 2020-02-16,84.3184021150851
VKB6NUF X 2020-02-17,87.82990772817648
VKB6NUF X 2020-02-18,87.25651331486434
VKB6NUF X 2020-02-19,92.89528694228807
VKB6NUF X 2020-02-20,68.50664139386556
VKB6NUF X 2020-02-21,92.69959147320428
VKB6NUF X 2020-02-22,94.27749193677938
VKB6NUF X 2020-02-23,78.03475021861992
VKB6NUF X 2020-02-24,44.09416552446627
VKB6NUF X 2020-02-25,61.249632129107255
VKB6NUF X 2020-02-26,67.59612129364436
VKB6NUF X 2020-02-27,40.64006454151088
VKB6NUF X 2020-02-28,31.868945382224354
VKB6NUF X 2020-02-29,54.62267659013869
VKB6NUF X 2020-03-03,48.05482003408978
VKB6NUF X 2020-03-04,70.66549457053351
VKB6NUF X 2020-03-05,45.27191152548612
VKB6NUF X 2020-03-06,56.48882235016589
VKB6NUF X 2020-03-07,81.78284262498624
VKB6NUF X 2020-03-08,62.28976433339706
VKB6NUF X 2020-03-09,78.67026249428274
VKB6NUF X 2020-03-10,56.69594741143251
VKB6NUF X 2020-03-11,71.40259487889386
VKB6NUF X 2020-03-12,63.26564160959208
VKB6NUF X 2020-03-13,52.308741960778704
VKB6NUF X 2020-03-14,52.48284609906394
VKB6NUF X 2020-03-15,50.781154497538104
VKB6NUF X 2020-03-16,74.1389603491917
VKB6NUF X 2020-03-17,85.81787387284716
VKB6NUF X 2020-03-18,88.99348857137723
VKB6NUF X 2020-03-19,87.73955364347285
VKB6NUF X 2020-03-20,66.72366464127923
VKB6NUF X 2020-03-21,66.14725283597501
VKB6NUF X 2020-03-22,47.462376586941765
VKB6NUF X 2020-03-23,39.01243364631454
VKB6NUF X 2020-03-24,58.99402568302706
VKB6NUF X 2020-03-25,52.79890494267931
VKB6NUF X 2020-03-26,68.26569479825491
VKB6NUF X 2020-03-27,61.27602945773005
VKB6NUF X 2020-03-28,77.79521022840629
VKB6NUF X 2020-03-29,71.87409706023448
VKB6NUF X 2020-03-30,38.309124146780505
VKB6NUF X 2020-03-31,25.80929515665109
VKB6NUF X 2020-04-01,45.55476075531717
VKB6NUF X 2020-04-02,68.18958744456883
VKB6NUF X 2020-04-03,75.5484451627748
VPGKX7K X 2020-01-02,150.04390942393212
VPGKX7K X 2020-01-03,86.52856263178741
VPGKX7K X 2020-01-04,149.1386185424052
VPGKX7K X 2020-01-05,42.67422572094154
VPGKX7K X 2020-01-06,38.164109865739356
VPGKX7K X 2020-01-07,47.069025765643666
VPGKX7K X 2020-01-08,88.31111900025596
VPGKX7K X 2020-01-09,77.04633602818912
VPGKX7K X 2020-01-10,124.80589463699495
VPGKX7K X 2020-01-11,161.8439681000491
VPGKX7K X 2020-01-12,78.82690160829527
VPGKX7K X 2020-01-13,191.63728118176886
VPGKX7K X 2020-01-14,87.93139973759826
VPGKX7K X 2020-01-15,146.00470547090697
VPGKX7K X 2020-01-16,116.5469103601044
VPGKX7K X 2020-01-17,117.4875209428363
VPGKX7K X 2020-01-18,187.70582989065548
VPGKX7K X 2020-01-19,120.08492629547835
VPGKX7K X 2020-01-20,166.3503896298664
VPGKX7K X 2020-01-21,82.51982999612976
VPGKX7K X 2020-01-22,122.5641244715376
VPGKX7K X 2020-01-23,89.22876258968049
VPGKX7K X 2020-01-24,49.16546179102126
VPGKX7K X 2020-01-25,123.68932339444983
VPGKX7K X 2020-01-26,91.459408867003
VPGKX7K X 2020-01-27,127.38894546613587
VPGKX7K X 2020-01-28,94.22256418741561
VPGKX7K X 2020-01-29,90.48536786097439
VPGKX7K X 2020-01-30,65.17508180784877
VPGKX7K X 2020-01-31,98.01069720180226
VPGKX7K X 2020-02-01,107.10912170894238
VPGKX7K X 2020-02-02,91.42278395193281
VPGKX7K X 2020-02-03,86.06216544340181
VPGKX7K X 2020-02-04,114.12156200769533
VPGKX7K X 2020-02-05,54.03893849092731
VPGKX7K X 2020-02-06,85.70881131926471
VPGKX7K X 2020-02-07,137.04590645315182
VPGKX7K X 2020-02-08,95.92114668867657
VPGKX7K X 2020-02-09,145.84715122707303
VPGKX7K X 2020-02-10,138.66103684592213
VPGKX7K X 2020-02-11,120.13001815826557
VPGKX7K X 2020-02-12,76.49518907431549
VPGKX7K X 2020-02-13,118.12985656125102
VPGKX7K X 2020-02-14,71.73111696678053
VPGKX7K X 2020-02-15,51.54515548267757
VPGKX7K X 2020-02-16,56.15947681075788
VPGKX7K X 2020-02-17,56.83534481400335
VPGKX7K X 2020-02-18,92.68774922315743
VPGKX7K X 2020-02-19,85.22674696844184
VPGKX7K X 2020-02-20,95.11455898562637
VPGKX7K X 2020-02-21,53.16263777370059
VPGKX7K X 2020-02-22,55.023080379176406
VPGKX7K X 2020-02-23,87.26192358782903
VPGKX7K X 2020-02-24,65.47041097244293
VPGKX7K X 2020-02-25,44.70843382660075
VPGKX7K X 2020-02-26,96.754323655435
VPGKX7K X 2020-02-27,83.550387140887
VPGKX7K X 2020-02-28,70.79897852374789
VPGKX7K X 2020-02-29,60.907309555168666
VPGKX7K X 2020-03-01,90.12714359886355
VPGKX7K X 2020-03-02,115.96707243743336
VPGKX7K X 2020-03-03,123.52948669597085
VPGKX7K X 2020-03-04,95.42920041696968
VPGKX7K X 2020-03-05,67.70469074755717
VPGKX7K X 2020-03-06,39.53267719927994
VPGKX7K X 2020-03-07,108.91489306734972
VPGKX7K X 2020-03-08,79.83757567187732
VPGKX7K X 2020-03-09,45.22315142088992
VPGKX7K X 2020-03-10,57.23801810090016
VPGKX7K X 2020-03-11,83.18352727511414
VPGKX7K X 2020-03-12,103.27204337456878
VPGKX7K X 2020-03-13,73.72902841464324
VPGKX7K X 2020-03-14,111.61613743903686
VPGKX7K X 2020-03-15,93.03967371676275
VPGKX7K X 2020-03-16,57.19808703933168
VPGKX7K X 2020-03-17,113.08434744741558
VPGKX7K X 2020-03-18,118.29671274204723
VPGKX7K X 2020-03-19,46.199625713850864
VPGKX7K X 2020-03-20,87.5043230244321
VPGKX7K X 2020-03-21,128.33600159974281
VPGKX7K X 2020-03-22,64.33042988028478
VPGKX7K X 2020-03-23,116.52635330558421
VPGKX7K X 2020-03-24,109.93908842168922
VPGKX7K X 2020-03-25,33.92629118839485
VPGKX7K X 2020-03-26,56.503713483626356
VPGKX7K X 2020-03-27,49.22182593213083
VPGKX7K X 2020-03-28,66.78618681670076
VPGKX7K X 2020-03-29,60.809416490947655
VPGKX7K X 2020-03-30,88.14259986685902
VPGKX7K X 2020-03-31,91.13335748669743
VPGKX7K X 2020-04-01,62.02714424298158
VPGKX7K X 2020-04-02,76.17618079794768
VPGKX7K X 2020-04-03,50.82591297646982
VPGKX7K X 2020-04-04,33.76217264288327
VV7SGFI X 2020-01-02,42.35076401274685
VV7SGFI X 2020-01-03,69.95771304313521
VV7SGFI X 2020-01-04,42.402889599183986
VV7SGFI X 2020-01-05,38.556647815654564
VV7SGFI X 2020-01-06,36.26191459335743
VV7SGFI X 2020-01-07,82.97290210442183
VV7SGFI X 2020-01-08,32.06919132402752
VV7SGFI X 2020-01-09,49.25865573427422
VV7SGFI X 2020-01-10,32.62029827872258
VV7SGFI X 2020-01-11,39.83521033282736
VV7SGFI X 2020-01-12,64.9426187982459
VV7SGFI X 2020-01-13,40.18403826612095
VV7SGFI X 2020-01-14,51.14709405127574
VV7SGFI X 2020-01-15,33.70732127244024
VV7SGFI X 2020-01-16,48.990369985680886
VV7SGFI X 2020-01-17,104.65032038004804
VV7SGFI X 2020-01-18,43.79445027996236
VV7SGFI X 2020-01-19,39.43168948730213
VV7SGFI X 2020-01-20,55.23446867830421
VV7SGFI X 2020-01-21,51.371268354651185
VV7SGFI X 2020-01-22,63.881998620461175
VV7SGFI X 2020-01-23,71.88883309332033
VV7SGFI X 2020-01-24,46.31017703702281
VV7SGFI X 2020-01-25,75.55163779978263
VV7SGFI X 2020-01-26,35.55975003846529
VV7SGFI X 2020-01-27,46.424338459491715
VV7SGFI X 2020-01-28,45.38265454608587
VV7SGFI X 2020-01-29,30.35970166971078
VV7SGFI X 2020-01-30,40.276446990115076
VV7SGFI X 2020-01-31,32.53112484893976
VV7SGFI X 2020-02-01,27.1746643441367
VV7SGFI X 2020-02-02,61.6381773523498
VV7SGFI X 2020-02-03,106.97077302171245
VV7SGFI X 2020-02-04,84.73806007261427
VV7SGFI X 2020-02-05,38.12254345990858
VV7SGFI X 2020-02-06,44.32823213283641
VV7SGFI X 2020-02-07,51.284243721914265
VV7SGFI X 2020-02-08,62.50689153852569
VV7SGFI X 2020-02-09,33.87200604638986
VV7SGFI X 2020-02-10,38.64853545331259
VV7SGFI X 2020-02-11,39.78236876017567
VV7SGFI X 2020-02-12,56.044269946248036
VV7SGFI X 2020-02-13,38.66340461575223
VV7SGFI X 2020-02-14,99.76396189614653
VV7SGFI X 2020-02-15,61.05919925289629
VV7SGFI X 2020-02-16,29.86389947331716
VV7SGFI X 2020-02-17,31.701669662185445
VV7SGFI X 2020-02-18,46.833199185965604
VV7SGFI X 2020-02-19,47.0465751381451
VV7SGFI X 2020-02-20,61.97107177706434
VV7SGFI X 2020-02-21,49.524241679731574
VV7SGFI X 2020-02-22,55.946169076743786
VV7SGFI X 2020-02-23,34.99772971301129
VV7SGFI X 2020-02-24,41.876532516652645
VV7SGFI X 2020-02-25,74.19427651479951
VV7SGFI X 2020-02-26,37.55500636690205
VV7SGFI X 2020-02-27,26.141149136023962
VV7SGFI X 2020-02-28,46.73810421851199
VV7SGFI X 2020-02-29,44.343614100983196
VV7SGFI X 2020-03-01,83.23913181471781
VV7SGFI X 2020-03-02,44.45151444984714
VV7SGFI X 2020-03-03,45.41986936917549
VV7SGFI X 2020-03-04,42.98459893252246
VV7SGFI X 2020-03-05,35.44007515227054
VV7SGFI X 2020-03-06,61.422763408966915
VV7SGFI X 2020-03-07,53.21060872018756
VV7SGFI X 2020-03-08,31.311102379914338
VV7SGFI X 2020-03-09,64.63757948550197
VV7SGFI X 2020-03-10,34.85205780544204
VV7SGFI X 2020-03-11,41.8968220674054
VV7SGFI X 2020-03-12,54.93257825588766
VV7SGFI X 2020-03-13,51.25579720440216
VV7SGFI X 2020-03-14,50.49787291379706
VV7SGFI X 2020-03-15,37.91482497044515
VV7SGFI X 2020-03-16,26.13403986062456
VV7SGFI X 2020-03-17,49.12247985984267
VV7SGFI X 2020-03-18,51.36063172343695
VV7SGFI X 2020-03-19,62.74241722942902
VV7SGFI X 2020-03-20,29.863820326799768
VV7SGFI X 2020-03-21,45.23027481905824
VV7SGFI X 2020-03-22,62.81851458489378
VV7SGFI X 2020-03-23,56.39991457758846
VV7SGFI X 2020-03-24,45.89091903400361
VV7SGFI X 2020-03-25,46.25836503396962
VV7SGFI X 2020-03-26,72.37813735624401
VV7SGFI X 2020-03-27,55.52567931145305
VV7SGFI X 2020-03-28,28.28579839023468
VV7SGFI X 2020-03-29,35.63521626849136
VV7SGFI X 2020-03-30,38.55486152755402
VV7SGFI X 2020-03-31,44.390438335714705
VV7SGFI X 2020-04-01,24.201717313322817
VV7SGFI X 2020-04-02,41.666787380377976
VV7SGFI X 2020-04-03,56.70571773732843
VV7SGFI X 2020-04-04,58.181534666532244
VVLT5KL X 2020-01-02,92.43535139866107
VVLT5KL X 2020-01-03,77.64689065461705
VVLT5KL X 2020-01-04,55.4678618051402
VVLT5KL X 2020-01-05,42.980095379933225
VVLT5KL X 2020-01-06,95.83359264836825
VVLT5KL X 2020-01-07,97.77775913665208
VVLT5KL X 2020-01-08,98.3033605989299
VVLT5KL X 2020-01-09,52.72740326226006
VVLT5KL X 2020-01-10,80.81654909205243
VVLT5KL X 2020-01-11,72.38975003033103
VVLT5KL X 2020-01-12,75.5337352001861
VVLT5KL X 2020-01-13,66.08600980963679
VVLT5KL X 2020-01-14,60.55434959464051
VVLT5KL X 2020-01-15,73.38530492405498
VVLT5KL X 2020-01-16,97.48703443976888
VVLT5KL X 2020-01-17,90.27355017327324
VVLT5KL X 2020-01-18,77.37894746911157
VVLT5KL X 2020-01-19,60.96757494815877
VVLT5KL X 2020-01-20,55.216311785232136
VVLT5KL X 2020-01-21,98.49133196781834
VVLT5KL X 2020-01-22,98.45969812009155
VVLT5KL X 2020-01-23,67.01675702611576
VVLT5KL X 2020-01-24,82.21940546988802
VVLT5KL X 2020-01-25,81.29246655810516
VVLT5KL X 2020-01-26,94.39704340500053
VVLT5KL X 2020-01-27,107.3531835811112
VVLT5KL X 2020-01-28,91.10089360264955
VVLT5KL X 2020-01-29,27.501945374745816
VVLT5KL X 2020-01-30,54.17417804307913
VVLT5KL X 2020-01-31,80.61131381413242
VVLT5KL X 2020-02-01,37.869125622383365
VVLT5KL X 2020-02-02,27.058707005360084
VVLT5KL X 2020-02-03,37.52921453227713
VVLT5KL X 2020-02-04,28.620686463552083
VVLT5KL X 2020-02-05,26.80612167642579
VVLT5KL X 2020-02-06,38.22408488932655
VVLT5KL X 2020-02-07,37.08310824396433
VVLT5KL X 2020-02-08,63.520062978658714
VVLT5KL X 2020-02-09,73.72176167592191
VVLT5KL X 2020-02-10,32.52383717714795
VVLT5KL X 2020-02-11,26.85371057770753
VVLT5KL X 2020-02-12,24.626325412854058
VVLT5KL X 2020-02-13,47.61991243301977
VVLT5KL X 2020-02-14,32.594798971275594
VVLT5KL X 2020-02-15,61.90816962824364
VVLT5KL X 2020-02-16,59.21256110013351
VVLT5KL X 2020-02-17,40.95269490008933
VVLT5KL X 2020-02-18,31.295747087690863
VVLT5KL X 2020-02-19,38.99914424762809
VVLT5KL X 2020-02-20,46.38479532201737
VVLT5KL X 2020-02-21,37.73132753243431
VVLT5KL X 2020-02-22,58.90872405505648
VVLT5KL X 2020-02-23,37.54857210966541
VVLT5KL X 2020-02-24,26.137628153986086
VVLT5KL X 2020-02-25,35.762614413654624
VVLT5KL X 2020-02-26,38.31740233950477
VVLT5KL X 2020-02-27,33.592287871068535
VVLT5KL X 2020-02-28,44.394899143571386
VVLT5KL X 2020-02-29,65.66502114561277
VVLT5KL X 2020-03-01,42.79479062937645
VVLT5KL X 2020-03-02,29.57987077251706
VVLT5KL X 2020-03-03,40.06571745284796
VVLT5KL X 2020-03-04,36.56779998137125
VVLT5KL X 2020-03-05,53.732724965194514
VVLT5KL X 2020-03-06,45.80672505990644
VVLT5KL X 2020-03-07,42.06059616331475
VVLT5KL X 2020-03-08,39.09405224915455
VVLT5KL X 2020-03-09,60.46577832415542
VVLT5KL X 2020-03-10,39.39585452520234
VVLT5KL X 2020-03-11,42.40419680391828
VVLT5KL X 2020-03-12,34.56929388798481
VVLT5KL X 2020-03-13,35.63844392565784
VVLT5KL X 2020-03-14,33.03669857757021
VVLT5KL X 2020-03-15,49.7078926537811
VVLT5KL X 2020-03-16,45.726385801917544
VVLT5KL X 2020-03-17,58.31701158153707
VVLT5KL X 2020-03-18,80.03723499669218
VVLT5KL X 2020-03-19,69.85280077207902
VVLT5KL X 2020-03-20,54.219952713178024
VVLT5KL X 2020-03-21,38.95043005328632
VVLT5KL X 2020-03-22,33.137051771056065
VVLT5KL X 2020-03-23,37.77574494473566
VVLT5KL X 2020-03-24,58.5396577786201
VVLT5KL X 2020-03-25,47.66791551377759
VVLT5KL X 2020-03-26,66.39881114139519
VVLT5KL X 2020-03-27,62.93327653696977
VVLT5KL X 2020-03-28,74.62449207763345
VVLT5KL X 2020-03-29,40.88151962141361
VVLT5KL X 2020-03-30,24.080404028573504
VVLT5KL X 2020-03-31,63.7666765529339
VVNQR8W X 2020-01-02,102.50359991944839
VVNQR8W X 2020-01-03,77.57583925786226
VVNQR8W X 2020-01-04,99.5599136709009
VVNQR8W X 2020-01-05,94.83168803705351
VVNQR8W X 2020-01-06,58.911440106892414
VVNQR8W X 2020-01-07,118.66297085649163
VVNQR8W X 2020-01-08,65.66055326565974
VVNQR8W X 2020-01-09,104.30809589955659
VVNQR8W X 2020-01-10,93.93941258163696
VVNQR8W X 2020-01-11,96.10518438162462
VVNQR8W X 2020-01-12,129.26463510440124
VVNQR8W X 2020-01-13,124.94141712638178
VVNQR8W X 2020-01-14,108.63844855477994
VVNQR8W X 2020-01-15,97.71509369247867
VVNQR8W X 2020-01-16,109.05146956804181
VVNQR8W X 2020-01-17,114.20048448588993
VVNQR8W X 2020-01-18,113.71194352232799
VVNQR8W X 2020-01-19,111.94231072763775
VVNQR8W X 2020-01-20,106.39189639421657
VVNQR8W X 2020-01-21,92.09517016479957
VVNQR8W X 2020-01-22,109.17621816048205
VVNQR8W X 2020-01-23,92.00425540220351
VVNQR8W X 2020-01-24,79.71517461086974
VVNQR8W X 2020-01-25,115.918532809067
VVNQR8W X 2020-01-26,107.44069687747606
VVNQR8W X 2020-01-27,106.81387202286052
VVNQR8W X 2020-01-28,114.3419380633773
VVNQR8W X 2020-01-29,121.57015683317603
VVNQR8W X 2020-01-30,109.52409503391094
VVNQR8W X 2020-01-31,93.56100642375674
VVNQR8W X 2020-02-01,114.54634606185012
VVNQR8W X 2020-02-02,74.41267620026736
VVNQR8W X 2020-02-03,95.95285401920663
VVNQR8W X 2020-02-04,77.13336673910693
VVNQR8W X 2020-02-05,101.23697711560384
VVNQR8W X 2020-02-06,61.288977271555055
VVNQR8W X 2020-02-07,105.64066445514278
VVNQR8W X 2020-02-08,78.96290606546917
VVNQR8W X 2020-02-09,75.62714594687729
VVNQR8W X 2020-02-10,88.42107289461848
VVNQR8W X 2020-02-11,95.01048814268013
VVNQR8W X 2020-02-12,97.67619427498967
VVNQR8W X 2020-02-13,81.02737107479345
VVNQR8W X 2020-02-14,130.46561306900458
VVNQR8W X 2020-02-15,56.33820579911033
VVNQR8W X 2020-02-16,91.23509211476896
VVNQR8W X 2020-02-17,92.29473735676886
VVNQR8W X 2020-02-18,105.07440783756765
VVNQR8W X 2020-02-19,88.13483269854596
VVNQR8W X 2020-02-20,83.00319076527424
VVNQR8W X 2020-02-21,76.00242775692833
VVNQR8W X 2020-02-22,92.21551506292217
VVNQR8W X 2020-02-23,72.99049074653836
VVNQR8W X 2020-02-24,101.02041691905325
VVNQR8W X 2020-02-25,121.83168000124199
VVNQR8W X 2020-02-26,77.4558802311187
VVNQR8W X 2020-02-27,68.7424352330439
VVNQR8W X 2020-02-28,73.02503630218139
VVNQR8W X 2020-02-29,85.58469361666386
VVNQR8W X 2020-03-01,67.91824915734026
VVNQR8W X 2020-03-02,76.65296594311619
VVNQR8W X 2020-03-03,70.92040718408182
VVNQR8W X 2020-03-04,81.21988017437947
VVNQR8W X 2020-03-05,92.04418160089358
VVNQR8W X 2020-03-06,100.35466121079784
VVNQR8W X 2020-03-07,96.48169632657198
VVNQR8W X 2020-03-08,90.09742729417084
VVNQR8W X 2020-03-09,50.939654354089754
VVNQR8W X 2020-03-10,67.74866593211873
VVNQR8W X 2020-03-11,90.86892815650324
VVNQR8W X 2020-03-12,80.9756443366988
VVNQR8W X 2020-03-13,66.65567814398993
VVNQR8W X 2020-03-14,84.73118836358945
VVNQR8W X 2020-03-15,86.88589631372496
VVNQR8W X 2020-03-16,95.84676902058301
VVNQR8W X 2020-03-17,79.50819510526856
VVNQR8W X 2020-03-18,92.71496626652069
VVNQR8W X 2020-03-19,98.63143427266664
VVNQR8W X 2020-03-20,99.80895267342687
VVNQR8W X 2020-03-21,115.10325190782494
VVNQR8W X 2020-03-22,121.84891885581224
VVNQR8W X 2020-03-23,105.42489208218309
VVNQR8W X 2020-03-24,120.5257907257343
VVNQR8W X 2020-03-25,103.53726772793519
VVNQR8W X 2020-03-26,80.55505538036718
VVNQR8W X 2020-03-27,85.5612279037188
VVNQR8W X 2020-03-28,49.5032446986037
VVNQR8W X 2020-03-29,53.58091927131122
VVNQR8W X 2020-03-30,64.81422285389638
VVNQR8W X 2020-03-31,71.50882323747534
VVNQR8W X 2020-04-01,78.40832496646375
VVNQR8W X 2020-04-02,74.70450101695243
VVNQR8W X 2020-04-03,48.25346783214132
VVNQR8W X 2020-04-04,24.346800410994426
VY4FGU0 X 2020-01-02,96.00251793086404
VY4FGU0 X 2020-01-03,141.3036759423402
VY4FGU0 X 2020-01-04,155.5560357417516
VY4FGU0 X 2020-01-05,114.70350165677623
VY4FGU0 X 2020-01-06,81.78273022918044
VY4FGU0 X 2020-01-07,120.23785227107716
VY4FGU0 X 2020-01-08,101.22883107057133
VY4FGU0 X 2020-01-09,97.08661183473876
VY4FGU0 X 2020-01-10,112.25767094587246
VY4FGU0 X 2020-01-11,109.37834008597393
VY4FGU0 X 2020-01-12,92.1450351076325
VY4FGU0 X 2020-01-13,102.28516010470938
VY4FGU0 X 2020-01-14,139.37314487245368
VY4FGU0 X 2020-01-15,109.59801597775366
VY4FGU0 X 2020-01-16,144.8318049270987
VY4FGU0 X 2020-01-17,104.98708930553377
VY4FGU0 X 2020-01-18,94.38647872749392
VY4FGU0 X 2020-01-19,89.06759203547448
VY4FGU0 X 2020-01-20,91.66166343856413
VY4FGU0 X 2020-01-21,97.26145738135651
VY4FGU0 X 2020-01-22,92.63022079993922
VY4FGU0 X 2020-01-23,110.34650875808526
VY4FGU0 X 2020-01-24,103.4427792173875
VY4FGU0 X 2020-01-25,76.07579461532023
VY4FGU0 X 2020-01-26,45.23141865908294
VY4FGU0 X 2020-01-27,67.1826187101743
VY4FGU0 X 2020-01-28,60.42779438858311
VY4FGU0 X 2020-01-29,92.73921251936652
VY4FGU0 X 2020-01-30,109.09159769717131
VY4FGU0 X 2020-01-31,120.26631718940185
VY4FGU0 X 2020-02-01,118.90297325811702
VY4FGU0 X 2020-02-02,72.41843696592385
VY4FGU0 X 2020-02-03,95.99670959136799
VY4FGU0 X 2020-02-04,70.21470933809162
VY4FGU0 X 2020-02-05,64.65483769764172
VY4FGU0 X 2020-02-06,70.28074691081918
VY4FGU0 X 2020-02-07,63.938087886322634
VY4FGU0 X 2020-02-08,64.13386280611854
VY4FGU0 X 2020-02-09,82.4846817216595
VY4FGU0 X 2020-02-10,75.21974375766516
VY4FGU0 X 2020-02-11,88.42901954991687
VY4FGU0 X 2020-02-12,95.15669771776733
VY4FGU0 X 2020-02-13,71.45368210997088
VY4FGU0 X 2020-02-14,67.94148521544878
VY4FGU0 X 2020-02-15,55.689857500818945
VY4FGU0 X 2020-02-16,28.549081160282363
VY4FGU0 X 2020-02-17,66.97980377506055
VY4FGU0 X 2020-02-18,72.84278013289185
VY4FGU0 X 2020-02-19,87.13203236577196
VY4FGU0 X 2020-02-20,111.94664985308172
VY4FGU0 X 2020-02-21,117.36109708257419
VY4FGU0 X 2020-02-22,97.07074144127319
VY4FGU0 X 2020-02-23,105.0697636958023
VY4FGU0 X 2020-02-24,87.3484838268877
VY4FGU0 X 2020-02-25,87.70204707378531
VY4FGU0 X 2020-02-26,106.61294148564244
VY4FGU0 X 2020-02-27,69.99920278424482
VY4FGU0 X 2020-02-28,103.81107630866714
VY4FGU0 X 2020-02-29,92.85242500841136
VY4FGU0 X 2020-03-01,79.73686055434278
VY4FGU0 X 2020-03-02,68.80121949370343
VY4FGU0 X 2020-03-03,95.10632509925775
VY4FGU0 X 2020-03-04,58.879196157842756
VY4FGU0 X 2020-03-05,66.8417243933173
VY4FGU0 X 2020-03-06,83.57689780934474
VY4FGU0 X 2020-03-07,75.28654010835857
VY4FGU0 X 2020-03-08,76.87104931663914
VY4FGU0 X 2020-03-09,61.666230007520454
VY4FGU0 X 2020-03-10,99.57726121419599
VY4FGU0 X 2020-03-11,78.83212473297175
VY4FGU0 X 2020-03-12,97.73433054832759
VY4FGU0 X 2020-03-13,84.33371242343695
VY4FGU0 X 2020-03-14,84.08230682580643
VY4FGU0 X 2020-03-15,100.36649203466173
VY4FGU0 X 2020-03-16,104.96391004651413
VY4FGU0 X 2020-03-17,83.16612164953396
VY4FGU0 X 2020-03-18,96.74354770540934
VY4FGU0 X 2020-03-19,92.71966821511191
VY4FGU0 X 2020-03-20,87.19124527959973
VY4FGU0 X 2020-03-21,71.39836120785047
VY4FGU0 X 2020-03-22,90.71275197120163
VY4FGU0 X 2020-03-23,88.74222680723553
VY4FGU0 X 2020-03-24,95.90805740920214
VY4FGU0 X 2020-03-25,90.63527154199677
VY4FGU0 X 2020-03-26,69.52709336268295
VY4FGU0 X 2020-03-27,83.78478917951062
VY4FGU0 X 2020-03-28,64.36825284691105
VY4FGU0 X 2020-03-29,62.35930047886329
VY4FGU0 X 2020-03-30,45.514652664505704
VY4FGU0 X 2020-03-31,48.22574431970781
VY4FGU0 X 2020-04-01,47.861997991355445
VY4FGU0 X 2020-04-02,68.23581227423468
VY4FGU0 X 2020-04-03,74.7109986531969
VY4FGU0 X 2020-04-04,53.50423657352867
W36JZQN X 2020-01-02,22.701587258137835
W36JZQN X 2020-01-03,20.86211598572345
W36JZQN X 2020-01-04,18.936586486044675
W36JZQN X 2020-01-05,32.49522618983355
W36JZQN X 2020-01-06,21.47683957693808
W36JZQN X 2020-01-07,27.229318038921924
W36JZQN X 2020-01-08,38.22694888328767
W36JZQN X 2020-01-09,27.900022063410354
W36JZQN X 2020-01-10,61.57612450098449
W36JZQN X 2020-01-11,19.450989320653505
W36JZQN X 2020-01-12,17.592408792765653
W36JZQN X 2020-01-13,21.19336530775178
W36JZQN X 2020-01-14,26.176821945779608
W36JZQN X 2020-01-15,22.90708026897443
W36JZQN X 2020-01-16,24.68086102876765
W36JZQN X 2020-01-17,31.21763594400197
W36JZQN X 2020-01-18,33.17455456439507
W36JZQN X 2020-01-19,64.81382448978921
W36JZQN X 2020-01-20,71.234110404382
W36JZQN X 2020-01-21,55.931522603043476
W36JZQN X 2020-01-22,45.91570595136228
W36JZQN X 2020-01-23,52.45862829015114
W36JZQN X 2020-01-24,47.41542197879022
W36JZQN X 2020-01-25,47.54547804353129
W36JZQN X 2020-01-26,38.32586459319676
W36JZQN X 2020-01-27,35.009305965253546
W36JZQN X 2020-01-28,15.174960929631549
W36JZQN X 2020-01-29,12.54883467144786
W36JZQN X 2020-01-30,25.815720746369045
W36JZQN X 2020-01-31,25.86271335450055
W36JZQN X 2020-02-01,20.87089179645013
W36JZQN X 2020-02-02,32.27518705812004
W36JZQN X 2020-02-03,21.552975835454486
W36JZQN X 2020-02-04,26.962973423275564
W36JZQN X 2020-02-05,54.82082862319581
W36JZQN X 2020-02-06,64.20369852324743
W36JZQN X 2020-02-07,59.56871915547843
W36JZQN X 2020-02-08,23.336499306354625
W36JZQN X 2020-02-09,16.249315858642973
W36JZQN X 2020-02-10,32.05467376310142
W36JZQN X 2020-02-11,29.453983744801306
W36JZQN X 2020-02-12,19.532829222808555
W36JZQN X 2020-02-13,34.45373614074326
W36JZQN X 2020-02-14,29.585407172355737
W36JZQN X 2020-02-15,17.438996010477226
W36JZQN X 2020-02-16,16.89003020407724
W36JZQN X 2020-02-17,18.54203609344128
W36JZQN X 2020-02-18,17.88560225259568
W36JZQN X 2020-02-19,21.1542732238111
W36JZQN X 2020-02-20,11.930467051836157
W36JZQN X 2020-02-21,22.640855349695713
W36JZQN X 2020-02-22,20.91657804165972
W36JZQN X 2020-02-23,19.22319160852328
W36JZQN X 2020-02-24,30.87888747445615
W36JZQN X 2020-02-25,13.396506628036104
W36JZQN X 2020-02-26,16.96726169462491
W36JZQN X 2020-02-27,25.28726764952677
W36JZQN X 2020-02-28,23.543126686960235
W36JZQN X 2020-02-29,9.493986651755417
W36JZQN X 2020-03-01,16.715403347500242
W36JZQN X 2020-03-02,24.807044090925267
W36JZQN X 2020-03-03,31.499760733595046
W36JZQN X 2020-03-04,40.81872429613781
W36JZQN X 2020-03-05,47.18402876434406
W36JZQN X 2020-03-06,64.53129826018663
W36JZQN X 2020-03-07,25.31526875862258
W36JZQN X 2020-03-08,14.875434520095109
W36JZQN X 2020-03-09,18.750982446932586
W36JZQN X 2020-03-10,14.30276919666132
W36JZQN X 2020-03-11,30.86440854929746
W36JZQN X 2020-03-12,17.640785941680665
W36JZQN X 2020-03-13,19.60891282618367
W36JZQN X 2020-03-14,44.19028898183075
W36JZQN X 2020-03-15,19.43110916962297
W36JZQN X 2020-03-16,29.756636722970512
W36JZQN X 2020-03-17,35.255650999887415
W36JZQN X 2020-03-18,15.576783252168042
W36JZQN X 2020-03-19,55.04813011002422
W36JZQN X 2020-03-20,32.678012087445225
W36JZQN X 2020-03-21,29.028244977276017
W36JZQN X 2020-03-22,51.93246386490655
W36JZQN X 2020-03-23,53.59072399824335
W36JZQN X 2020-03-24,57.75630736462166
W36JZQN X 2020-03-25,63.298642676219146
W36JZQN X 2020-03-26,83.80289687382975
W36JZQN X 2020-03-27,70.36423331114462
W36JZQN X 2020-03-28,19.03928517054893
W36JZQN X 2020-03-29,12.801486322184527
W36JZQN X 2020-03-30,24.12292850178129
W36JZQN X 2020-03-31,20.187903031158505
W36JZQN X 2020-04-01,30.261050673473704
W36JZQN X 2020-04-02,23.321994285366735
W36JZQN X 2020-04-03,23.050536135553042
W36JZQN X 2020-04-04,36.5590182549138
WGVKA5G X 2020-01-02,120.77913617429333
WGVKA5G X 2020-01-03,108.23790879009988
WGVKA5G X 2020-01-04,147.90281581366628
WGVKA5G X 2020-01-05,111.7182235218583
WGVKA5G X 2020-01-06,120.85385579885694
WGVKA5G X 2020-01-07,82.01185710523963
WGVKA5G X 2020-01-08,111.89786612708404
WGVKA5G X 2020-01-09,79.69135309984622
WGVKA5G X 2020-01-10,69.01339410322336
WGVKA5G X 2020-01-11,107.47211924331566
WGVKA5G X 2020-01-12,164.2975502283283
WGVKA5G X 2020-01-13,122.48185636436561
WGVKA5G X 2020-01-14,144.36430629583901
WGVKA5G X 2020-01-15,149.39274323490827
WGVKA5G X 2020-01-16,76.3752990962206
WGVKA5G X 2020-01-17,133.68793645369664
WGVKA5G X 2020-01-18,150.4565763219735
WGVKA5G X 2020-01-19,128.9967542000394
WGVKA5G X 2020-01-20,180.6482982920515
WGVKA5G X 2020-01-21,148.84614309306977
WGVKA5G X 2020-01-22,129.2516170984576
WGVKA5G X 2020-01-23,88.55654466015004
WGVKA5G X 2020-01-24,102.5163092658539
WGVKA5G X 2020-01-25,78.32361585044386
WGVKA5G X 2020-01-26,46.523735958091414
WGVKA5G X 2020-01-27,60.84790353765476
WGVKA5G X 2020-01-28,134.24105868574884
WGVKA5G X 2020-01-29,139.71157734479965
WGVKA5G X 2020-01-30,153.11001769982835
WGVKA5G X 2020-01-31,167.42502592740664
WGVKA5G X 2020-02-01,114.17113827771647
WGVKA5G X 2020-02-02,116.3303108603426
WGVKA5G X 2020-02-03,140.61371870657706
WGVKA5G X 2020-02-04,84.85872449282934
WGVKA5G X 2020-02-05,93.21177600902836
WGVKA5G X 2020-02-06,60.05531432035842
WGVKA5G X 2020-02-07,77.22396150729726
WGVKA5G X 2020-02-08,75.34795262420509
WGVKA5G X 2020-02-09,116.93677584567239
WGVKA5G X 2020-02-10,100.24833579983415
WGVKA5G X 2020-02-11,68.09310194593402
WGVKA5G X 2020-02-12,113.21422090429694
WGVKA5G X 2020-02-13,122.074088675239
WGVKA5G X 2020-02-14,81.67105146654664
WGVKA5G X 2020-02-15,47.416041141180294
WGVKA5G X 2020-02-16,80.70771758080399
WGVKA5G X 2020-02-17,63.77712983204721
WGVKA5G X 2020-02-18,71.23818609083729
WGVKA5G X 2020-02-19,99.55416160332634
WGVKA5G X 2020-02-20,118.33616947541148
WGVKA5G X 2020-02-21,84.00254280911714
WGVKA5G X 2020-02-22,143.91164739661377
WGVKA5G X 2020-02-23,114.03108994711877
WGVKA5G X 2020-02-24,102.24159249802214
WGVKA5G X 2020-02-25,99.80034843897764
WGVKA5G X 2020-02-26,72.27579069867053
WGVKA5G X 2020-02-27,99.74909103451053
WGVKA5G X 2020-02-28,99.89786116213362
WGVKA5G X 2020-02-29,88.60612520071292
WGVKA5G X 2020-03-01,69.78896607195756
WGVKA5G X 2020-03-02,51.399048792654504
WGVKA5G X 2020-03-03,85.2493102043488
WGVKA5G X 2020-03-04,106.31903825060186
WGVKA5G X 2020-03-05,85.03095820446873
WGVKA5G X 2020-03-06,95.20094934055903
WGVKA5G X 2020-03-07,106.95572634344218
WGVKA5G X 2020-03-08,79.69192475968354
WGVKA5G X 2020-03-09,65.18124290076788
WGVKA5G X 2020-03-10,98.35627028387076
WGVKA5G X 2020-03-11,144.90221474585343
WGVKA5G X 2020-03-12,112.03408230825578
WGVKA5G X 2020-03-13,84.96409366293337
WGVKA5G X 2020-03-14,84.03733287816758
WGVKA5G X 2020-03-15,103.09398526257577
WGVKA5G X 2020-03-16,80.34377259416209
WGVKA5G X 2020-03-17,85.07248116787066
WGVKA5G X 2020-03-18,92.58148592563677
WGVKA5G X 2020-03-19,99.083908364339
WGVKA5G X 2020-03-20,74.3275680276539
WGVKA5G X 2020-03-21,120.44051993713158
WGVKA5G X 2020-03-22,111.05487956590748
WGVKA5G X 2020-03-23,78.77793226192962
WGVKA5G X 2020-03-24,86.87310578935767
WGVKA5G X 2020-03-25,90.64448264876833
WGVKA5G X 2020-03-26,102.21311536653131
WGVKA5G X 2020-03-27,47.0567582122363
WGVKA5G X 2020-03-28,44.360187436249774
WGVKA5G X 2020-03-29,43.41740782750996
WGVKA5G X 2020-03-30,59.551019461711206
WGVKA5G X 2020-03-31,58.10578957380724
WGVKA5G X 2020-04-01,91.4716398526735
WGVKA5G X 2020-04-02,67.01762633961123
WGVKA5G X 2020-04-03,100.6684651402048
WGVKA5G X 2020-04-04,113.94119799658793
WPWVL07 X 2020-01-02,17.126439301066178
WPWVL07 X 2020-01-03,12.012872373665466
WPWVL07 X 2020-01-04,17.046712830515126
WPWVL07 X 2020-01-05,13.029389114889899
WPWVL07 X 2020-01-06,11.092417860879777
WPWVL07 X 2020-01-07,16.394797542088767
WPWVL07 X 2020-01-08,12.50211870740523
WPWVL07 X 2020-01-09,14.949856814945335
WPWVL07 X 2020-01-10,19.620904095203763
WPWVL07 X 2020-01-11,31.018231413286536
WPWVL07 X 2020-01-12,10.10021153102658
WPWVL07 X 2020-01-13,16.706945960186726
WPWVL07 X 2020-01-14,12.294584448523189
WPWVL07 X 2020-01-15,11.427051769056977
WPWVL07 X 2020-01-16,13.038237356349931
WPWVL07 X 2020-01-17,14.738732176015084
WPWVL07 X 2020-01-18,42.333222442791765
WPWVL07 X 2020-01-19,15.996364833211167
WPWVL07 X 2020-01-20,16.473560803862167
WPWVL07 X 2020-01-21,24.86944424102876
WPWVL07 X 2020-01-22,14.365199998766897
WPWVL07 X 2020-01-23,37.6158168120632
WPWVL07 X 2020-01-24,31.12838287399876
WPWVL07 X 2020-01-25,23.346375986868438
WPWVL07 X 2020-01-26,24.067919374150506
WPWVL07 X 2020-01-27,27.02385901767174
WPWVL07 X 2020-01-28,23.251239316869256
WPWVL07 X 2020-01-29,27.580163586881334
WPWVL07 X 2020-01-30,25.62139933443838
WPWVL07 X 2020-01-31,21.594437250421215
WPWVL07 X 2020-02-01,21.26539269540995
WPWVL07 X 2020-02-02,15.220795807853811
WPWVL07 X 2020-02-03,13.640390520090552
WPWVL07 X 2020-02-04,13.843172644350595
WPWVL07 X 2020-02-05,16.630384079648852
WPWVL07 X 2020-02-06,20.851675138832785
WPWVL07 X 2020-02-07,16.205987822981406
WPWVL07 X 2020-02-08,26.571532195985476
WPWVL07 X 2020-02-09,30.295649771253473
WPWVL07 X 2020-02-10,20.361349578040993
WPWVL07 X 2020-02-11,15.094284212249228
WPWVL07 X 2020-02-12,19.983629272857264
WPWVL07 X 2020-02-13,18.008034627778642
WPWVL07 X 2020-02-14,14.566406612815975
WPWVL07 X 2020-02-15,20.930220826949988
WPWVL07 X 2020-02-16,19.596914106876138
WPWVL07 X 2020-02-17,14.556768022514774
WPWVL07 X 2020-02-18,17.716682591862728
WPWVL07 X 2020-02-19,17.57132649831599
WPWVL07 X 2020-02-20,23.836600557556054
WPWVL07 X 2020-02-21,18.63033932963033
WPWVL07 X 2020-02-22,16.37134528032925
WPWVL07 X 2020-02-23,11.3696969149747
WPWVL07 X 2020-02-24,12.386339438556437
WPWVL07 X 2020-02-25,19.405457649572547
WPWVL07 X 2020-02-26,29.090622756537257
WPWVL07 X 2020-02-27,19.991286933209036
WPWVL07 X 2020-02-28,29.2320045591713
WPWVL07 X 2020-02-29,17.9846037404122
WPWVL07 X 2020-03-01,29.30663433778537
WPWVL07 X 2020-03-02,21.57910078083451
WPWVL07 X 2020-03-03,14.45736055993499
WPWVL07 X 2020-03-04,27.54090824658251
WPWVL07 X 2020-03-05,25.27657722687715
WPWVL07 X 2020-03-06,21.96618375131333
WPWVL07 X 2020-03-07,28.48816894478825
WPWVL07 X 2020-03-08,34.14950976824741
WPWVL07 X 2020-03-09,24.832190047066668
WPWVL07 X 2020-03-10,19.457114021299525
WPWVL07 X 2020-03-11,24.860333480975648
WPWVL07 X 2020-03-12,17.02786799284376
WPWVL07 X 2020-03-13,15.585560472418884
WPWVL07 X 2020-03-14,11.076273080454762
WPWVL07 X 2020-03-15,14.909765773932392
WPWVL07 X 2020-03-16,20.473702465551423
WPWVL07 X 2020-03-17,18.240725893637165
WPWVL07 X 2020-03-18,17.921210322905797
WPWVL07 X 2020-03-19,13.845359124994772
WPWVL07 X 2020-03-20,17.222193060875313
WPWVL07 X 2020-03-23,31.645085529531215
WPWVL07 X 2020-03-24,21.836669686634654
WPWVL07 X 2020-03-25,21.683271277269995
WPWVL07 X 2020-03-26,27.902303569437926
WPWVL07 X 2020-03-27,22.02153640434175
WPWVL07 X 2020-03-28,29.907914608532096
WPWVL07 X 2020-03-29,9.46758713404288
WPWVL07 X 2020-03-30,31.06576422412538
WPWVL07 X 2020-03-31,21.997734216181
WPWVL07 X 2020-04-01,22.957071975818497
WPWVL07 X 2020-04-02,19.909924786270395
WPWVL07 X 2020-04-03,8.959622221346585
WPWVL07 X 2020-04-04,22.02409406469858
WRZ2ZFG X 2020-01-02,55.20551903654321
WRZ2ZFG X 2020-01-03,75.93893109087925
WRZ2ZFG X 2020-01-04,79.64437224283301
WRZ2ZFG X 2020-01-05,56.70321022374186
WRZ2ZFG X 2020-01-06,45.343606935078945
WRZ2ZFG X 2020-01-07,41.43211817322969
WRZ2ZFG X 2020-01-08,62.03456268427122
WRZ2ZFG X 2020-01-09,69.87945146819402
WRZ2ZFG X 2020-01-10,57.115744625432754
WRZ2ZFG X 2020-01-11,41.857191352300084
WRZ2ZFG X 2020-01-12,53.65004404263529
WRZ2ZFG X 2020-01-13,76.17414663004642
WRZ2ZFG X 2020-01-14,89.37823649830256
WRZ2ZFG X 2020-01-15,60.6790808015392
WRZ2ZFG X 2020-01-16,71.56206449232151
WRZ2ZFG X 2020-01-17,46.09100370739126
WRZ2ZFG X 2020-01-18,51.90072625285221
WRZ2ZFG X 2020-01-19,72.58405685783893
WRZ2ZFG X 2020-01-20,65.7789999265008
WRZ2ZFG X 2020-01-21,40.94011678307508
WRZ2ZFG X 2020-01-22,41.858502035974304
WRZ2ZFG X 2020-01-23,59.88175880803071
WRZ2ZFG X 2020-01-24,73.9492320882024
WRZ2ZFG X 2020-01-25,82.02739142914609
WRZ2ZFG X 2020-01-26,80.57941719822018
WRZ2ZFG X 2020-01-27,85.27197252004828
WRZ2ZFG X 2020-01-28,75.26612674029964
WRZ2ZFG X 2020-01-29,66.18044161801653
WRZ2ZFG X 2020-01-30,59.87104859773426
WRZ2ZFG X 2020-01-31,78.21819848113415
WRZ2ZFG X 2020-02-01,50.52384269504796
WRZ2ZFG X 2020-02-02,48.24377483682969
WRZ2ZFG X 2020-02-03,48.23830873896113
WRZ2ZFG X 2020-02-04,57.03246825835545
WRZ2ZFG X 2020-02-05,66.18514989188554
WRZ2ZFG X 2020-02-06,53.600079555399574
WRZ2ZFG X 2020-02-07,68.5426622696704
WRZ2ZFG X 2020-02-08,63.61908642292089
WRZ2ZFG X 2020-02-09,59.10768775192443
WRZ2ZFG X 2020-02-10,70.83561913934525
WRZ2ZFG X 2020-02-11,49.914555354361354
WRZ2ZFG X 2020-02-12,39.98017690118962
WRZ2ZFG X 2020-02-13,88.37167189968228
WRZ2ZFG X 2020-02-14,94.85328363501614
WRZ2ZFG X 2020-02-15,97.35682891422081
WRZ2ZFG X 2020-02-16,64.13565591748971
WRZ2ZFG X 2020-02-17,74.82789762870793
WRZ2ZFG X 2020-02-18,75.29168838655619
WRZ2ZFG X 2020-02-19,82.38711799827779
WRZ2ZFG X 2020-02-20,91.13289353305107
WRZ2ZFG X 2020-02-21,76.96825243977531
WRZ2ZFG X 2020-02-22,45.063204707216094
WRZ2ZFG X 2020-02-23,57.81305091712095
WRZ2ZFG X 2020-02-24,62.37624800646296
WRZ2ZFG X 2020-02-25,53.53502000320356
WRZ2ZFG X 2020-02-26,74.50089584341315
WRZ2ZFG X 2020-02-27,66.00184973857738
WRZ2ZFG X 2020-02-28,78.43492117679743
WRZ2ZFG X 2020-02-29,76.17716043486674
WRZ2ZFG X 2020-03-01,61.74836310245094
WRZ2ZFG X 2020-03-02,85.25464704853218
WRZ2ZFG X 2020-03-03,96.73204757041086
WRZ2ZFG X 2020-03-04,62.99494484699382
WRZ2ZFG X 2020-03-05,54.37068214298314
WRZ2ZFG X 2020-03-06,55.62113549040542
WRZ2ZFG X 2020-03-07,53.62117367565433
WRZ2ZFG X 2020-03-08,58.160025071632916
WRZ2ZFG X 2020-03-09,57.36560715121894
WRZ2ZFG X 2020-03-10,64.89669634463745
WRZ2ZFG X 2020-03-11,65.90419028765574
WRZ2ZFG X 2020-03-12,58.96138700958065
WRZ2ZFG X 2020-03-13,57.38070866976261
WRZ2ZFG X 2020-03-14,56.59137859647974
WRZ2ZFG X 2020-03-15,62.56895230282856
WRZ2ZFG X 2020-03-16,64.39564253913677
WRZ2ZFG X 2020-03-17,63.161601950096426
WRZ2ZFG X 2020-03-18,61.8887678163169
WRZ2ZFG X 2020-03-19,66.80556812289514
WRZ2ZFG X 2020-03-20,68.05593904302755
WRZ2ZFG X 2020-03-21,56.62609222506886
WRZ2ZFG X 2020-03-22,52.47866758123411
WRZ2ZFG X 2020-03-23,57.16316914183592
WRZ2ZFG X 2020-03-24,61.26249217787813
WRZ2ZFG X 2020-03-25,63.174930175342695
WRZ2ZFG X 2020-03-26,65.25002823642701
WRZ2ZFG X 2020-03-27,62.56276515763044
WRZ2ZFG X 2020-03-28,65.21194305005102
WRZ2ZFG X 2020-03-29,61.927581190020064
WRZ2ZFG X 2020-03-30,59.15078319812669
WRZ2ZFG X 2020-03-31,55.67597059924341
WRZ2ZFG X 2020-04-01,62.35638370429423
WRZ2ZFG X 2020-04-02,72.9394484646125
WRZ2ZFG X 2020-04-03,73.71134474217185
WRZ2ZFG X 2020-04-04,77.26581150966948
WTO5E7Y X 2020-01-02,47.365482414069675
WTO5E7Y X 2020-01-03,39.362553153374286
WTO5E7Y X 2020-01-04,45.49276927553301
WTO5E7Y X 2020-01-05,31.252828224234584
WTO5E7Y X 2020-01-06,33.47954222391352
WTO5E7Y X 2020-01-07,36.33394423766508
WTO5E7Y X 2020-01-08,43.4777937359736
WTO5E7Y X 2020-01-09,31.629698562907848
WTO5E7Y X 2020-01-10,50.440037977717154
WTO5E7Y X 2020-01-11,47.7906443138054
WTO5E7Y X 2020-01-12,79.81595757223819
WTO5E7Y X 2020-01-13,53.338204129207696
WTO5E7Y X 2020-01-14,88.33835646100287
WTO5E7Y X 2020-01-15,65.13679822875277
WTO5E7Y X 2020-01-16,46.702009451314325
WTO5E7Y X 2020-01-17,45.241098679345704
WTO5E7Y X 2020-01-18,41.67323293895407
WTO5E7Y X 2020-01-19,32.44253546611353
WTO5E7Y X 2020-01-20,42.96192865319337
WTO5E7Y X 2020-01-21,35.47310645255292
WTO5E7Y X 2020-01-22,42.59227567520741
WTO5E7Y X 2020-01-23,40.50093413371924
WTO5E7Y X 2020-01-24,38.71763249313794
WTO5E7Y X 2020-01-25,43.009058033868655
WTO5E7Y X 2020-01-26,62.79897516161769
WTO5E7Y X 2020-01-27,53.71341001085827
WTO5E7Y X 2020-01-28,52.87479267377038
WTO5E7Y X 2020-01-29,37.79698250878589
WTO5E7Y X 2020-01-30,51.397240141866284
WTO5E7Y X 2020-01-31,37.60320181922467
WTO5E7Y X 2020-02-01,36.20004025569335
WTO5E7Y X 2020-02-02,45.70724375250171
WTO5E7Y X 2020-02-03,70.76275151346707
WTO5E7Y X 2020-02-04,65.5676672809064
WTO5E7Y X 2020-02-05,68.16078087718721
WTO5E7Y X 2020-02-06,70.48932155314363
WTO5E7Y X 2020-02-07,38.57812047357555
WTO5E7Y X 2020-02-08,30.537447156535684
WTO5E7Y X 2020-02-09,24.42111759235597
WTO5E7Y X 2020-02-10,53.420814730463555
WTO5E7Y X 2020-02-11,66.8293134378311
WTO5E7Y X 2020-02-12,55.23926076090285
WTO5E7Y X 2020-02-13,63.62622263420046
WTO5E7Y X 2020-02-14,51.368788396157505
WTO5E7Y X 2020-02-15,69.64877112664837
WTO5E7Y X 2020-02-16,61.33895634429122
WTO5E7Y X 2020-02-17,76.23523132054673
WTO5E7Y X 2020-02-18,47.72974717997222
WTO5E7Y X 2020-02-19,43.248079101452305
WTO5E7Y X 2020-02-20,44.82131381095048
WTO5E7Y X 2020-02-21,52.91675854399295
WTO5E7Y X 2020-02-22,42.053783484979874
WTO5E7Y X 2020-02-23,65.5627599424129
WTO5E7Y X 2020-02-24,73.42096910536243
WTO5E7Y X 2020-02-25,56.873008886264714
WTO5E7Y X 2020-02-26,43.888945552986364
WTO5E7Y X 2020-02-27,83.27876945773855
WTO5E7Y X 2020-02-28,71.1378103433283
WTO5E7Y X 2020-02-29,40.12261223052222
WTO5E7Y X 2020-03-01,37.789079910627215
WTO5E7Y X 2020-03-02,43.24409301890438
WTO5E7Y X 2020-03-03,64.23429168728025
WTO5E7Y X 2020-03-04,75.27296587413852
WTO5E7Y X 2020-03-05,67.3159722466639
WTO5E7Y X 2020-03-06,62.802159196874314
WTO5E7Y X 2020-03-07,37.779690876532214
WTO5E7Y X 2020-03-08,66.69536043058561
WTO5E7Y X 2020-03-09,73.09137394731934
WTO5E7Y X 2020-03-10,63.811022731215786
WTO5E7Y X 2020-03-11,69.19517716180218
WTO5E7Y X 2020-03-12,91.57598890449802
WTO5E7Y X 2020-03-13,46.05752931421599
WTO5E7Y X 2020-03-14,44.046216060511455
WTO5E7Y X 2020-03-15,72.43661369396642
WTO5E7Y X 2020-03-16,72.95227272382171
WTO5E7Y X 2020-03-17,38.104708311752745
WTO5E7Y X 2020-03-18,35.4138931792514
WTO5E7Y X 2020-03-19,43.566170713522226
WTO5E7Y X 2020-03-20,46.223103094270606
WTO5E7Y X 2020-03-21,24.97382289499503
WTO5E7Y X 2020-03-22,51.741471935871026
WTO5E7Y X 2020-03-23,73.81450283414742
WTO5E7Y X 2020-03-24,84.78081508172505
WTO5E7Y X 2020-03-25,59.76576708591341
WTO5E7Y X 2020-03-26,77.52716995162291
WTO5E7Y X 2020-03-27,76.4341255033644
WTO5E7Y X 2020-03-28,56.23222118602702
WTO5E7Y X 2020-03-29,43.79249018781935
WTO5E7Y X 2020-03-30,57.51134289336011
WTO5E7Y X 2020-03-31,62.468585289635016
WTO5E7Y X 2020-04-01,51.01970465316441
WTO5E7Y X 2020-04-02,59.45368966886414
WTO5E7Y X 2020-04-03,63.76222783500653
WTO5E7Y X 2020-04-04,54.80309447592902
XAW49QB X 2020-01-02,95.16007707830124
XAW49QB X 2020-01-03,107.69380639335202
XAW49QB X 2020-01-04,39.88844217751383
XAW49QB X 2020-01-05,30.968645312208366
XAW49QB X 2020-01-06,71.17672892714644
XAW49QB X 2020-01-07,92.52900633000381
XAW49QB X 2020-01-08,75.75016817005081
XAW49QB X 2020-01-09,74.11709148377666
XAW49QB X 2020-01-10,78.58771992582233
XAW49QB X 2020-01-11,32.42070495419935
XAW49QB X 2020-01-12,98.41657190185303
XAW49QB X 2020-01-13,91.68890706109677
XAW49QB X 2020-01-14,88.9585767496497
XAW49QB X 2020-01-15,83.78656897994935
XAW49QB X 2020-01-16,96.63280101052136
XAW49QB X 2020-01-17,67.61972453779056
XAW49QB X 2020-01-18,67.03461758985715
XAW49QB X 2020-01-19,47.48568990488071
XAW49QB X 2020-01-20,69.87279888035143
XAW49QB X 2020-01-21,61.474280174611934
XAW49QB X 2020-01-22,89.4888535804528
XAW49QB X 2020-01-23,112.06274124409013
XAW49QB X 2020-01-24,98.49362912443713
XAW49QB X 2020-01-25,125.54043916851857
XAW49QB X 2020-01-26,99.1377744509006
XAW49QB X 2020-01-27,101.88568581828459
XAW49QB X 2020-01-28,88.66810226654907
XAW49QB X 2020-01-29,31.30530362535454
XAW49QB X 2020-01-30,40.467839213878975
XAW49QB X 2020-01-31,94.73876851326453
XAW49QB X 2020-02-01,35.44488936610727
XAW49QB X 2020-02-02,28.973771897427284
XAW49QB X 2020-02-03,32.774900182548876
XAW49QB X 2020-02-04,25.192411601814165
XAW49QB X 2020-02-05,19.7885752504597
XAW49QB X 2020-02-06,45.41366348424691
XAW49QB X 2020-02-07,66.64013334387758
XAW49QB X 2020-02-08,43.97640427312864
XAW49QB X 2020-02-09,75.84829174638378
XAW49QB X 2020-02-10,58.718387843049314
XAW49QB X 2020-02-11,54.26387577445683
XAW49QB X 2020-02-12,23.22323826115789
XAW49QB X 2020-02-13,31.901849896308235
XAW49QB X 2020-02-14,44.00461565866604
XAW49QB X 2020-02-15,55.26929943129332
XAW49QB X 2020-02-16,67.70912621031363
XAW49QB X 2020-02-17,70.01311778792393
XAW49QB X 2020-02-18,23.485624320723367
XAW49QB X 2020-02-19,42.95228628263981
XAW49QB X 2020-02-20,37.00285359746839
XAW49QB X 2020-02-21,42.93868162673122
XAW49QB X 2020-02-22,61.375903856570275
XAW49QB X 2020-02-23,43.815788120769874
XAW49QB X 2020-02-24,27.472185444889632
XAW49QB X 2020-02-25,60.51980911032224
XAW49QB X 2020-02-26,33.76084868133986
XAW49QB X 2020-02-27,24.79013361167415
XAW49QB X 2020-02-28,28.948929368326887
XAW49QB X 2020-02-29,72.28013369010367
XAW49QB X 2020-03-01,42.074580929037
XAW49QB X 2020-03-02,53.58180877404888
XAW49QB X 2020-03-03,36.42833243968474
XAW49QB X 2020-03-04,28.257349239630777
XAW49QB X 2020-03-05,70.8675669845462
XAW49QB X 2020-03-06,54.048671155000974
XAW49QB X 2020-03-07,21.646802746239835
XAW49QB X 2020-03-08,33.93881892052101
XAW49QB X 2020-03-09,65.74401287817234
XAW49QB X 2020-03-10,36.98780033600081
XAW49QB X 2020-03-11,23.384801531122854
XAW49QB X 2020-03-12,50.28773825535131
XAW49QB X 2020-03-13,31.293155187506983
XAW49QB X 2020-03-14,32.78302344215373
XAW49QB X 2020-03-15,40.83019719806903
XAW49QB X 2020-03-16,59.98461428066362
XAW49QB X 2020-03-17,50.346462160873045
XAW49QB X 2020-03-18,73.21251168231025
XAW49QB X 2020-03-19,67.01131477694311
XAW49QB X 2020-03-20,62.711255811881244
XAW49QB X 2020-03-21,55.836725120533174
XAW49QB X 2020-03-22,27.600909388642364
XAW49QB X 2020-03-23,48.43813480346889
XAW49QB X 2020-03-24,49.293507222496466
XAW49QB X 2020-03-25,47.68604835605778
XAW49QB X 2020-03-26,55.04355683460932
XAW49QB X 2020-03-27,52.3940182669042
XAW49QB X 2020-03-28,75.48643867017309
XAW49QB X 2020-03-29,55.25814118842963
XAW49QB X 2020-03-30,44.488650600244966
XAW49QB X 2020-03-31,50.0868650166817
XAW49QB X 2020-04-01,44.70807350293566
XAW49QB X 2020-04-02,49.50547818700379
XAW49QB X 2020-04-03,76.22981881163109
XAW49QB X 2020-04-04,59.267933860166536
XHQS1Q9 X 2020-01-02,89.22083388417704
XHQS1Q9 X 2020-01-03,79.19896890468213
XHQS1Q9 X 2020-01-04,60.22002423295062
XHQS1Q9 X 2020-01-05,38.51719391460144
XHQS1Q9 X 2020-01-06,54.502092140811236
XHQS1Q9 X 2020-01-07,118.33076806627666
XHQS1Q9 X 2020-01-08,121.08646341635092
XHQS1Q9 X 2020-01-09,81.82035248388763
XHQS1Q9 X 2020-01-10,86.82462844243898
XHQS1Q9 X 2020-01-11,93.40253997991027
XHQS1Q9 X 2020-01-12,80.89013556756535
XHQS1Q9 X 2020-01-13,50.63824692470155
XHQS1Q9 X 2020-01-14,90.93223778272515
XHQS1Q9 X 2020-01-15,108.70407128214738
XHQS1Q9 X 2020-01-16,81.4728429936487
XHQS1Q9 X 2020-01-17,76.11170549670696
XHQS1Q9 X 2020-01-18,89.25562938528424
XHQS1Q9 X 2020-01-19,99.5166983194657
XHQS1Q9 X 2020-01-20,90.33819849437722
XHQS1Q9 X 2020-01-21,85.1988973554708
XHQS1Q9 X 2020-01-22,84.86192691505296
XHQS1Q9 X 2020-01-23,102.49782084481346
XHQS1Q9 X 2020-01-24,102.71818911591849
XHQS1Q9 X 2020-01-25,86.61261744872812
XHQS1Q9 X 2020-01-26,92.19093313130831
XHQS1Q9 X 2020-01-27,101.95607999319917
XHQS1Q9 X 2020-01-28,81.68189709807727
XHQS1Q9 X 2020-01-29,43.153204238665786
XHQS1Q9 X 2020-01-30,35.35175379249039
XHQS1Q9 X 2020-01-31,43.85164826344338
XHQS1Q9 X 2020-02-01,40.74984534554821
XHQS1Q9 X 2020-02-02,21.838962989123885
XHQS1Q9 X 2020-02-03,24.215018722651962
XHQS1Q9 X 2020-02-04,35.1043391711174
XHQS1Q9 X 2020-02-05,25.053555113528574
XHQS1Q9 X 2020-02-06,29.76121357482026
XHQS1Q9 X 2020-02-07,51.33270215240695
XHQS1Q9 X 2020-02-08,39.21438314029283
XHQS1Q9 X 2020-02-09,83.38971850052386
XHQS1Q9 X 2020-02-10,61.37412237204509
XHQS1Q9 X 2020-02-11,23.098125219117797
XHQS1Q9 X 2020-02-12,17.56365121045912
XHQS1Q9 X 2020-02-13,31.015113052507495
XHQS1Q9 X 2020-02-14,70.6596859704232
XHQS1Q9 X 2020-02-15,58.8020814340331
XHQS1Q9 X 2020-02-16,59.955893591202624
XHQS1Q9 X 2020-02-17,60.4542978790912
XHQS1Q9 X 2020-02-18,42.875022376315776
XHQS1Q9 X 2020-02-19,27.486729666583294
XHQS1Q9 X 2020-02-20,37.47871371546455
XHQS1Q9 X 2020-02-21,44.09518076435519
XHQS1Q9 X 2020-02-22,58.75843270552852
XHQS1Q9 X 2020-02-23,21.275290399626922
XHQS1Q9 X 2020-02-24,16.606876868192852
XHQS1Q9 X 2020-02-25,42.679880762892765
XHQS1Q9 X 2020-02-26,29.47153991771902
XHQS1Q9 X 2020-02-27,49.17950464512384
XHQS1Q9 X 2020-02-28,43.977797273918796
XHQS1Q9 X 2020-02-29,68.17670980405576
XHQS1Q9 X 2020-03-01,66.78207547820159
XHQS1Q9 X 2020-03-02,42.97489977500451
XHQS1Q9 X 2020-03-03,51.29139744866173
XHQS1Q9 X 2020-03-04,48.33758410461475
XHQS1Q9 X 2020-03-05,43.95188012289313
XHQS1Q9 X 2020-03-06,58.73648529686358
XHQS1Q9 X 2020-03-07,53.78778063113867
XHQS1Q9 X 2020-03-08,47.26074790171948
XHQS1Q9 X 2020-03-09,43.76912422317572
XHQS1Q9 X 2020-03-10,62.07557124118084
XHQS1Q9 X 2020-03-11,28.50304408136885
XHQS1Q9 X 2020-03-12,23.18504151802287
XHQS1Q9 X 2020-03-13,41.25915927283998
XHQS1Q9 X 2020-03-14,26.313933360919265
XHQS1Q9 X 2020-03-15,27.8912859407655
XHQS1Q9 X 2020-03-16,64.0419704520116
XHQS1Q9 X 2020-03-17,74.03390060679938
XHQS1Q9 X 2020-03-18,58.105256531477266
XHQS1Q9 X 2020-03-19,78.99801913805979
XHQS1Q9 X 2020-03-20,71.43095640201875
XHQS1Q9 X 2020-03-21,47.9188174644836
XHQS1Q9 X 2020-03-22,20.47554650403552
XHQS1Q9 X 2020-03-23,29.938601362243737
XHQS1Q9 X 2020-03-24,49.92989775700193
XHQS1Q9 X 2020-03-25,49.61792912927571
XHQS1Q9 X 2020-03-26,42.451055836715796
XHQS1Q9 X 2020-03-27,46.23849332494743
XHQS1Q9 X 2020-03-28,68.22035804803456
XHQS1Q9 X 2020-03-29,53.1227210371685
XHQS1Q9 X 2020-03-30,44.96409011596753
XHQS1Q9 X 2020-03-31,40.449915965916475
XHQS1Q9 X 2020-04-01,59.36355411219681
XHQS1Q9 X 2020-04-02,58.47968786898724
XHQS1Q9 X 2020-04-03,57.18053549814813
XHQS1Q9 X 2020-04-04,42.68926305177267
XJEXV7V X 2020-01-02,15.265703734812796
XJEXV7V X 2020-01-03,15.022657445992312
XJEXV7V X 2020-01-04,14.972082750969285
XJEXV7V X 2020-01-05,18.82802424439435
XJEXV7V X 2020-01-06,27.366124118684446
XJEXV7V X 2020-01-07,24.549467660646833
XJEXV7V X 2020-01-08,11.098331106378037
XJEXV7V X 2020-01-09,8.455795237246775
XJEXV7V X 2020-01-10,10.357851330666282
XJEXV7V X 2020-01-11,17.375452510968802
XJEXV7V X 2020-01-12,23.47672039218977
XJEXV7V X 2020-01-13,12.433664536225749
XJEXV7V X 2020-01-14,9.649001984290482
XJEXV7V X 2020-01-15,23.78737910713619
XJEXV7V X 2020-01-16,53.80756796494599
XJEXV7V X 2020-01-17,31.301151239752343
XJEXV7V X 2020-01-18,18.825442469554073
XJEXV7V X 2020-01-19,19.805663597832677
XJEXV7V X 2020-01-20,18.940416333413364
XJEXV7V X 2020-01-21,23.096104653557223
XJEXV7V X 2020-01-22,32.82499241706064
XJEXV7V X 2020-01-23,25.25230095483048
XJEXV7V X 2020-01-24,15.920868805736436
XJEXV7V X 2020-01-25,20.54993172672388
XJEXV7V X 2020-01-26,14.159596959410766
XJEXV7V X 2020-01-27,16.9271005874813
XJEXV7V X 2020-01-28,16.5001471380174
XJEXV7V X 2020-01-29,12.218951425894737
XJEXV7V X 2020-01-30,17.998437719318524
XJEXV7V X 2020-01-31,5.7672218785137925
XJEXV7V X 2020-02-01,13.98675297899792
XJEXV7V X 2020-02-02,16.862493553922718
XJEXV7V X 2020-02-03,10.362673755095486
XJEXV7V X 2020-02-04,16.27134584872212
XJEXV7V X 2020-02-05,11.680636533697811
XJEXV7V X 2020-02-06,11.102531389808679
XJEXV7V X 2020-02-07,16.072631952884805
XJEXV7V X 2020-02-08,25.46824008950174
XJEXV7V X 2020-02-09,20.472246041636318
XJEXV7V X 2020-02-10,16.770859228335
XJEXV7V X 2020-02-11,26.00993390906101
XJEXV7V X 2020-02-12,13.29814977954662
XJEXV7V X 2020-02-13,13.414334984955353
XJEXV7V X 2020-02-14,14.322389971178993
XJEXV7V X 2020-02-15,24.464485565342613
XJEXV7V X 2020-02-16,10.44487469408839
XJEXV7V X 2020-02-17,15.746263411234512
XJEXV7V X 2020-02-18,14.603369693229162
XJEXV7V X 2020-02-19,9.200031008020929
XJEXV7V X 2020-02-20,18.137816902805312
XJEXV7V X 2020-02-21,20.262702394360566
XJEXV7V X 2020-02-22,19.12696896301163
XJEXV7V X 2020-02-23,17.876535855190895
XJEXV7V X 2020-02-24,14.832213044463241
XJEXV7V X 2020-02-25,18.825735069716735
XJEXV7V X 2020-02-26,17.94303563660453
XJEXV7V X 2020-02-27,15.518799193495227
XJEXV7V X 2020-02-28,17.881603029175512
XJEXV7V X 2020-02-29,24.410006603242714
XJEXV7V X 2020-03-01,20.82173337933796
XJEXV7V X 2020-03-02,20.01660241717641
XJEXV7V X 2020-03-03,21.062764109630816
XJEXV7V X 2020-03-04,24.966469955249586
XJEXV7V X 2020-03-05,22.47707695986505
XJEXV7V X 2020-03-06,30.039550760394818
XJEXV7V X 2020-03-07,18.971786768563017
XJEXV7V X 2020-03-08,12.555047117693196
XJEXV7V X 2020-03-09,20.06977382645831
XJEXV7V X 2020-03-10,20.33492367265129
XJEXV7V X 2020-03-11,15.95442470152815
XJEXV7V X 2020-03-12,12.289557299264342
XJEXV7V X 2020-03-13,12.14900232151411
XJEXV7V X 2020-03-14,16.520054677762626
XJEXV7V X 2020-03-15,19.539651113184533
XJEXV7V X 2020-03-16,13.839615056464233
XJEXV7V X 2020-03-17,16.000041585377687
XJEXV7V X 2020-03-18,20.15957557913196
XJEXV7V X 2020-03-19,18.058225004394085
XJEXV7V X 2020-03-20,19.061530152819273
XJEXV7V X 2020-03-21,23.566654248814018
XJEXV7V X 2020-03-22,17.788896299716978
XJEXV7V X 2020-03-23,30.252391642525744
XJEXV7V X 2020-03-24,20.703426883889307
XJEXV7V X 2020-03-25,23.494896683645052
XJEXV7V X 2020-03-26,25.32900820501871
XJEXV7V X 2020-03-27,29.199243114084318
XJEXV7V X 2020-03-28,22.16027926132739
XJEXV7V X 2020-03-29,29.003639635167673
XJEXV7V X 2020-03-30,32.51288218314291
XJEXV7V X 2020-03-31,30.398548888998725
XJEXV7V X 2020-04-01,34.48362290698381
XJEXV7V X 2020-04-02,29.315328848715474
XJEXV7V X 2020-04-03,32.82262243138455
XJEXV7V X 2020-04-04,49.17996393553801
XK6U4CD X 2020-01-02,71.04122688993492
XK6U4CD X 2020-01-03,51.02235865171151
XK6U4CD X 2020-01-04,43.80700802183628
XK6U4CD X 2020-01-05,69.11357130382187
XK6U4CD X 2020-01-06,35.66246816590193
XK6U4CD X 2020-01-07,44.947823964918456
XK6U4CD X 2020-01-08,34.52379422105592
XK6U4CD X 2020-01-09,37.80553971933886
XK6U4CD X 2020-01-10,62.228367989379194
XK6U4CD X 2020-01-11,50.87693041460209
XK6U4CD X 2020-01-12,46.33374359079897
XK6U4CD X 2020-01-13,32.81319465545438
XK6U4CD X 2020-01-14,67.52642699793252
XK6U4CD X 2020-01-15,48.036703368814244
XK6U4CD X 2020-01-16,73.45049053257202
XK6U4CD X 2020-01-17,131.61772944846194
XK6U4CD X 2020-01-18,42.50278146131139
XK6U4CD X 2020-01-19,70.98495557272375
XK6U4CD X 2020-01-20,71.17159231876754
XK6U4CD X 2020-01-21,57.08050453989732
XK6U4CD X 2020-01-22,60.9547483782887
XK6U4CD X 2020-01-23,53.16369722434538
XK6U4CD X 2020-01-24,49.09733075184181
XK6U4CD X 2020-01-25,26.657056517346675
XK6U4CD X 2020-01-26,24.540471092609415
XK6U4CD X 2020-01-27,22.292705895750064
XK6U4CD X 2020-01-28,28.511062194225573
XK6U4CD X 2020-01-29,38.680533874103475
XK6U4CD X 2020-01-30,34.279630707723
XK6U4CD X 2020-01-31,42.70614894347723
XK6U4CD X 2020-02-01,82.19497719057371
XK6U4CD X 2020-02-02,98.84896175309102
XK6U4CD X 2020-02-03,54.10525707742644
XK6U4CD X 2020-02-04,55.61158894567491
XK6U4CD X 2020-02-05,35.717762937469885
XK6U4CD X 2020-02-06,36.89316788016276
XK6U4CD X 2020-02-07,80.63934360319604
XK6U4CD X 2020-02-08,71.8231025915552
XK6U4CD X 2020-02-09,46.771327033814856
XK6U4CD X 2020-02-10,88.76713731809006
XK6U4CD X 2020-02-11,93.84364384867804
XK6U4CD X 2020-02-12,47.17670947979256
XK6U4CD X 2020-02-13,68.08659138728436
XK6U4CD X 2020-02-14,80.48765270480621
XK6U4CD X 2020-02-15,60.618186723121966
XK6U4CD X 2020-02-16,53.64636462163366
XK6U4CD X 2020-02-17,34.04318617316913
XK6U4CD X 2020-02-18,45.223866145839075
XK6U4CD X 2020-02-19,60.80734675476933
XK6U4CD X 2020-02-20,71.91109359484305
XK6U4CD X 2020-02-21,47.86533474240394
XK6U4CD X 2020-02-22,66.37582389209416
XK6U4CD X 2020-02-23,37.0704323361837
XK6U4CD X 2020-02-24,38.20849538742876
XK6U4CD X 2020-02-25,63.6754963261977
XK6U4CD X 2020-02-26,42.66500068966535
XK6U4CD X 2020-02-27,41.998291391441114
XK6U4CD X 2020-02-28,46.371147628973745
XK6U4CD X 2020-02-29,41.66287848404291
XK6U4CD X 2020-03-01,39.53181008026244
XK6U4CD X 2020-03-02,55.46036672140745
XK6U4CD X 2020-03-03,33.347913756314085
XK6U4CD X 2020-03-04,57.51897957722531
XK6U4CD X 2020-03-05,64.72003930128155
XK6U4CD X 2020-03-06,59.352415819781285
XK6U4CD X 2020-03-07,53.50087875309496
XK6U4CD X 2020-03-08,50.00701144882198
XK6U4CD X 2020-03-09,46.37504441953654
XK6U4CD X 2020-03-10,43.89873310645452
XK6U4CD X 2020-03-11,41.1171767344712
XK6U4CD X 2020-03-12,44.35885181357466
XK6U4CD X 2020-03-13,60.0439091032835
XK6U4CD X 2020-03-14,35.686459065869435
XK6U4CD X 2020-03-15,49.144301488123396
XK6U4CD X 2020-03-16,51.63313339044159
XK6U4CD X 2020-03-17,63.450111137110724
XK6U4CD X 2020-03-18,60.64665250690564
XK6U4CD X 2020-03-19,86.61525885844682
XK6U4CD X 2020-03-20,37.58525657531827
XK6U4CD X 2020-03-21,78.6708536300676
XK6U4CD X 2020-03-22,71.29369085791619
XK6U4CD X 2020-03-23,54.45138608947511
XK6U4CD X 2020-03-24,43.26327487608854
XK6U4CD X 2020-03-25,74.25086488303027
XK6U4CD X 2020-03-26,56.25871818322304
XK6U4CD X 2020-03-27,68.08829673372513
XK6U4CD X 2020-03-28,32.98736006692771
XK6U4CD X 2020-03-29,24.825187605213316
XK6U4CD X 2020-03-30,42.78339131299498
XK6U4CD X 2020-03-31,41.30449299424267
XK6U4CD X 2020-04-01,65.61557870916094
XK6U4CD X 2020-04-02,58.04549326692279
XK6U4CD X 2020-04-03,41.94094966463673
XK6U4CD X 2020-04-04,60.84320308223373
XNRDN2C X 2020-01-02,53.730843064083764
XNRDN2C X 2020-01-03,36.81073603087008
XNRDN2C X 2020-01-04,45.22578245977863
XNRDN2C X 2020-01-05,25.40421882230939
XNRDN2C X 2020-01-06,28.9571569920017
XNRDN2C X 2020-01-07,65.91252424003784
XNRDN2C X 2020-01-08,77.17981567152633
XNRDN2C X 2020-01-09,25.63120001486711
XNRDN2C X 2020-01-10,38.6592605149338
XNRDN2C X 2020-01-11,40.876828363871475
XNRDN2C X 2020-01-12,20.0297561006248
XNRDN2C X 2020-01-13,28.310000798549908
XNRDN2C X 2020-01-14,69.39247568756473
XNRDN2C X 2020-01-15,66.87603065970157
XNRDN2C X 2020-01-16,56.845718709480636
XNRDN2C X 2020-01-17,19.840769199691167
XNRDN2C X 2020-01-18,35.710706693359995
XNRDN2C X 2020-01-19,51.241993848022105
XNRDN2C X 2020-01-20,29.115215561940055
XNRDN2C X 2020-01-21,68.58051018485904
XNRDN2C X 2020-01-22,94.30310559995164
XNRDN2C X 2020-01-23,104.6147312492379
XNRDN2C X 2020-01-24,108.95126234387915
XNRDN2C X 2020-01-25,69.26806646555802
XNRDN2C X 2020-01-26,23.277365251444714
XNRDN2C X 2020-01-27,34.49811044326093
XNRDN2C X 2020-01-28,26.028957427556804
XNRDN2C X 2020-01-29,40.9764262683296
XNRDN2C X 2020-01-30,42.81652467717795
XNRDN2C X 2020-01-31,67.36850725919945
XNRDN2C X 2020-02-01,70.39384117936802
XNRDN2C X 2020-02-02,53.12108817503037
XNRDN2C X 2020-02-03,79.0956506863604
XNRDN2C X 2020-02-04,70.24979207572382
XNRDN2C X 2020-02-05,53.04549030622771
XNRDN2C X 2020-02-06,64.92177740936395
XNRDN2C X 2020-02-07,30.538453890963368
XNRDN2C X 2020-02-08,20.65350355295136
XNRDN2C X 2020-02-09,53.8605566166786
XNRDN2C X 2020-02-10,68.86175171116659
XNRDN2C X 2020-02-11,37.006021587803616
XNRDN2C X 2020-02-12,44.470549471386875
XNRDN2C X 2020-02-13,50.26223480188993
XNRDN2C X 2020-02-14,59.429816230483326
XNRDN2C X 2020-02-15,28.86834800094683
XNRDN2C X 2020-02-16,60.10391464072397
XNRDN2C X 2020-02-17,50.17016812432194
XNRDN2C X 2020-02-18,50.97537306671977
XNRDN2C X 2020-02-19,27.38867104092131
XNRDN2C X 2020-02-20,27.798316505251208
XNRDN2C X 2020-02-21,33.56075969051119
XNRDN2C X 2020-02-22,53.878102429558155
XNRDN2C X 2020-02-23,51.89470690333146
XNRDN2C X 2020-02-24,75.76261998929716
XNRDN2C X 2020-02-25,50.45522191476935
XNRDN2C X 2020-02-26,61.57174056343844
XNRDN2C X 2020-02-27,25.86117986395478
XNRDN2C X 2020-02-28,22.71415085917831
XNRDN2C X 2020-02-29,31.847242486071792
XNRDN2C X 2020-03-01,23.678312025227413
XNRDN2C X 2020-03-02,56.30742596065389
XNRDN2C X 2020-03-03,32.1119299193802
XNRDN2C X 2020-03-04,27.08738760471868
XNRDN2C X 2020-03-05,32.65904274927512
XNRDN2C X 2020-03-06,60.27960496666121
XNRDN2C X 2020-03-07,25.239653349890965
XNRDN2C X 2020-03-08,25.389832871605634
XNRDN2C X 2020-03-09,58.270431338878296
XNRDN2C X 2020-03-10,42.071164112918154
XNRDN2C X 2020-03-11,29.616799016180835
XNRDN2C X 2020-03-12,59.991618435721435
XNRDN2C X 2020-03-13,48.01678445730208
XNRDN2C X 2020-03-14,31.74724835606346
XNRDN2C X 2020-03-15,26.906397676888446
XNRDN2C X 2020-03-16,63.5755798254161
XNRDN2C X 2020-03-17,36.251979847879035
XNRDN2C X 2020-03-18,71.46846312419925
XNRDN2C X 2020-03-19,40.17939447585631
XNRDN2C X 2020-03-20,52.64643671435288
XNRDN2C X 2020-03-21,31.393986537041037
XNRDN2C X 2020-03-22,44.41905144947884
XNRDN2C X 2020-03-23,37.77953736020738
XNRDN2C X 2020-03-24,27.536620820672177
XNRDN2C X 2020-03-25,36.147235428074545
XNRDN2C X 2020-03-26,22.91156924285013
XNRDN2C X 2020-03-27,42.26621828674418
XNRDN2C X 2020-03-28,25.139245246981332
XNRDN2C X 2020-03-29,40.766902977874125
XNRDN2C X 2020-03-30,20.84408590928354
XNRDN2C X 2020-03-31,23.315869031646628
XNRDN2C X 2020-04-01,56.68218326929676
XNRDN2C X 2020-04-02,32.26426292163351
XNRDN2C X 2020-04-03,10.32152450017529
XNRDN2C X 2020-04-04,14.802245396478558
XU3X4HU X 2020-01-02,57.95072549606047
XU3X4HU X 2020-01-03,25.865714845994447
XU3X4HU X 2020-01-04,29.934505969072752
XU3X4HU X 2020-01-05,36.73527060457735
XU3X4HU X 2020-01-06,54.03747291235184
XU3X4HU X 2020-01-07,33.92697643219276
XU3X4HU X 2020-01-08,43.11848464735167
XU3X4HU X 2020-01-09,34.39641208431965
XU3X4HU X 2020-01-10,35.565255416267924
XU3X4HU X 2020-01-11,28.354987580802828
XU3X4HU X 2020-01-12,96.77584339975064
XU3X4HU X 2020-01-13,38.92580815443863
XU3X4HU X 2020-01-14,35.171171212308494
XU3X4HU X 2020-01-15,38.08546418896874
XU3X4HU X 2020-01-16,27.943819770201245
XU3X4HU X 2020-01-17,108.3919031351491
XU3X4HU X 2020-01-18,28.30838646146639
XU3X4HU X 2020-01-19,31.941116976085546
XU3X4HU X 2020-01-20,42.02158853989272
XU3X4HU X 2020-01-21,46.63471206134686
XU3X4HU X 2020-01-22,58.62760086153024
XU3X4HU X 2020-01-23,31.12245529866574
XU3X4HU X 2020-01-24,18.55042766108209
XU3X4HU X 2020-01-25,61.93157636096626
XU3X4HU X 2020-01-26,30.19110884082898
XU3X4HU X 2020-01-27,62.24542499505492
XU3X4HU X 2020-01-28,42.85582230963885
XU3X4HU X 2020-01-29,47.37973595249042
XU3X4HU X 2020-01-30,45.94512245440458
XU3X4HU X 2020-01-31,54.16036978103146
XU3X4HU X 2020-02-01,36.54084744707237
XU3X4HU X 2020-02-02,40.198224151211335
XU3X4HU X 2020-02-03,56.15267747544644
XU3X4HU X 2020-02-04,33.67910093010276
XU3X4HU X 2020-02-05,50.20541685312571
XU3X4HU X 2020-02-06,42.066668749199664
XU3X4HU X 2020-02-07,50.52144099812118
XU3X4HU X 2020-02-08,47.18899650492878
XU3X4HU X 2020-02-09,43.68222933141884
XU3X4HU X 2020-02-10,37.99322016280957
XU3X4HU X 2020-02-11,39.82464530078559
XU3X4HU X 2020-02-12,43.12610591764076
XU3X4HU X 2020-02-13,28.39932594973859
XU3X4HU X 2020-02-14,47.592199142436485
XU3X4HU X 2020-02-15,62.1224294196161
XU3X4HU X 2020-02-16,88.24126159642292
XU3X4HU X 2020-02-17,52.73416546313008
XU3X4HU X 2020-02-18,35.542118114380614
XU3X4HU X 2020-02-19,33.51767690378415
XU3X4HU X 2020-02-20,33.154212452246114
XU3X4HU X 2020-02-21,29.445895735448993
XU3X4HU X 2020-02-22,51.841242627203684
XU3X4HU X 2020-02-23,29.948507630406993
XU3X4HU X 2020-02-24,32.46695225094249
XU3X4HU X 2020-02-25,24.536706620683802
XU3X4HU X 2020-02-26,26.616760881818315
XU3X4HU X 2020-02-27,42.614338232220895
XU3X4HU X 2020-02-28,42.829134732817664
XU3X4HU X 2020-02-29,61.744730352210595
XU3X4HU X 2020-03-01,27.646398686264632
XU3X4HU X 2020-03-02,41.425954922582044
XU3X4HU X 2020-03-03,42.82912953814581
XU3X4HU X 2020-03-04,53.04681459384813
XU3X4HU X 2020-03-05,59.43050701654708
XU3X4HU X 2020-03-06,27.296518975535037
XU3X4HU X 2020-03-07,37.882828365203174
XU3X4HU X 2020-03-08,26.45821984807214
XU3X4HU X 2020-03-09,44.92285798399566
XU3X4HU X 2020-03-10,41.10152254703949
XU3X4HU X 2020-03-11,44.41209642722352
XU3X4HU X 2020-03-12,40.88021802919693
XU3X4HU X 2020-03-13,33.65620738622388
XU3X4HU X 2020-03-14,26.84893482763811
XU3X4HU X 2020-03-15,39.56485690842266
XU3X4HU X 2020-03-16,38.61785019366503
XU3X4HU X 2020-03-17,44.66417408405554
XU3X4HU X 2020-03-18,46.962885459342026
XU3X4HU X 2020-03-19,42.497111650942976
XU3X4HU X 2020-03-20,38.2185454047836
XU3X4HU X 2020-03-21,42.85429017882465
XU3X4HU X 2020-03-22,41.89313831888034
XU3X4HU X 2020-03-23,38.53907149936745
XU3X4HU X 2020-03-24,41.20052315859153
XU3X4HU X 2020-03-25,50.46030711845647
XU3X4HU X 2020-03-26,42.56424792699013
XU3X4HU X 2020-03-27,40.01320366525344
XU3X4HU X 2020-03-28,38.26612828357453
XU3X4HU X 2020-03-29,31.613833172494182
XU3X4HU X 2020-03-30,34.68041823044907
XU3X4HU X 2020-03-31,37.53827856426
XU3X4HU X 2020-04-01,61.90805486673868
XU3X4HU X 2020-04-02,31.938391027973566
XU3X4HU X 2020-04-03,39.188051080792945
XU3X4HU X 2020-04-04,30.713704904809106
Y38MGCB X 2020-01-02,35.99085189202342
Y38MGCB X 2020-01-03,47.454922209014725
Y38MGCB X 2020-01-04,40.37876677303544
Y38MGCB X 2020-01-05,30.352962768530006
Y38MGCB X 2020-01-06,41.50731439834129
Y38MGCB X 2020-01-07,54.947054401811776
Y38MGCB X 2020-01-08,33.39467183654199
Y38MGCB X 2020-01-09,34.023822255783514
Y38MGCB X 2020-01-10,32.67545488835514
Y38MGCB X 2020-01-11,28.323816105440272
Y38MGCB X 2020-01-12,30.92641000858682
Y38MGCB X 2020-01-13,36.28043675449153
Y38MGCB X 2020-01-14,47.77007284533185
Y38MGCB X 2020-01-15,50.251701487090514
Y38MGCB X 2020-01-16,59.842860828088064
Y38MGCB X 2020-01-17,49.07338516612944
Y38MGCB X 2020-01-18,62.37612235589991
Y38MGCB X 2020-01-19,47.072496771217985
Y38MGCB X 2020-01-20,41.94845398350904
Y38MGCB X 2020-01-21,30.411227990821978
Y38MGCB X 2020-01-22,38.63399553588685
Y38MGCB X 2020-01-23,60.7958568980648
Y38MGCB X 2020-01-24,54.40282444756088
Y38MGCB X 2020-01-25,34.452672044057344
Y38MGCB X 2020-01-26,35.029394516063256
Y38MGCB X 2020-01-27,39.80953750927651
Y38MGCB X 2020-01-28,71.79138983245964
Y38MGCB X 2020-01-29,41.3406035164892
Y38MGCB X 2020-01-30,30.231324168870962
Y38MGCB X 2020-01-31,47.69980031415973
Y38MGCB X 2020-02-01,57.81565778437222
Y38MGCB X 2020-02-02,41.27060488178454
Y38MGCB X 2020-02-03,22.478287770597987
Y38MGCB X 2020-02-04,25.520424440885577
Y38MGCB X 2020-02-05,29.78679535597906
Y38MGCB X 2020-02-06,46.77187792101246
Y38MGCB X 2020-02-07,58.76277776414217
Y38MGCB X 2020-02-08,41.14323260145537
Y38MGCB X 2020-02-09,19.952566064182687
Y38MGCB X 2020-02-10,21.36270980782232
Y38MGCB X 2020-02-11,37.342953407861145
Y38MGCB X 2020-02-12,42.77606629112623
Y38MGCB X 2020-02-13,49.79360486526996
Y38MGCB X 2020-02-14,90.3169428386971
Y38MGCB X 2020-02-15,58.12530837935981
Y38MGCB X 2020-02-16,37.393320235034295
Y38MGCB X 2020-02-17,40.76635231811122
Y38MGCB X 2020-02-18,43.08976489154115
Y38MGCB X 2020-02-19,57.21010239279113
Y38MGCB X 2020-02-20,70.00299318553509
Y38MGCB X 2020-02-21,55.77228255155346
Y38MGCB X 2020-02-22,51.972169985812144
Y38MGCB X 2020-02-23,35.67794079687918
Y38MGCB X 2020-02-24,46.2377429658496
Y38MGCB X 2020-02-25,32.96189343610496
Y38MGCB X 2020-02-26,32.6278475105052
Y38MGCB X 2020-02-27,48.743801289113634
Y38MGCB X 2020-02-28,69.85265315446978
Y38MGCB X 2020-02-29,46.25166163067636
Y38MGCB X 2020-03-01,22.707293791451754
Y38MGCB X 2020-03-02,14.612481360522064
Y38MGCB X 2020-03-03,21.406936553683984
Y38MGCB X 2020-03-04,70.74589191892083
Y38MGCB X 2020-03-05,40.42321092140191
Y38MGCB X 2020-03-06,42.5106006764842
Y38MGCB X 2020-03-07,51.893262851191594
Y38MGCB X 2020-03-08,57.342731205937
Y38MGCB X 2020-03-09,78.51654736069929
Y38MGCB X 2020-03-10,60.141363618241485
Y38MGCB X 2020-03-11,56.41044436487127
Y38MGCB X 2020-03-12,38.52626963333339
Y38MGCB X 2020-03-13,38.358877028238595
Y38MGCB X 2020-03-14,32.677080179201766
Y38MGCB X 2020-03-15,45.49797152856954
Y38MGCB X 2020-03-16,57.91768874975011
Y38MGCB X 2020-03-17,35.39891217033732
Y38MGCB X 2020-03-18,62.56033591023798
Y38MGCB X 2020-03-19,44.63594231450339
Y38MGCB X 2020-03-20,55.58541944077865
Y38MGCB X 2020-03-21,40.329958036933476
Y38MGCB X 2020-03-22,49.44639520403342
Y38MGCB X 2020-03-23,48.52271574947834
Y38MGCB X 2020-03-24,31.243698772420288
Y38MGCB X 2020-03-25,35.719546553499754
Y38MGCB X 2020-03-26,26.201917467849036
Y38MGCB X 2020-03-27,27.611168677389486
Y38MGCB X 2020-03-28,32.61114988064626
Y38MGCB X 2020-03-29,57.921995420650035
Y38MGCB X 2020-03-30,53.7294519326136
Y38MGCB X 2020-03-31,31.752303588283397
Y38MGCB X 2020-04-01,30.732536597928643
Y38MGCB X 2020-04-02,23.57797190636319
Y38MGCB X 2020-04-03,46.59212627209338
Y38MGCB X 2020-04-04,35.79527126514585
Y52UFLS X 2020-01-02,90.87946956902064
Y52UFLS X 2020-01-03,39.59495631296496
Y52UFLS X 2020-01-04,22.395588265611472
Y52UFLS X 2020-01-05,67.01103581835751
Y52UFLS X 2020-01-06,60.07338091412366
Y52UFLS X 2020-01-07,58.83714127105229
Y52UFLS X 2020-01-08,45.60536623266338
Y52UFLS X 2020-01-09,30.894647075602073
Y52UFLS X 2020-01-10,29.916551935983904
Y52UFLS X 2020-01-11,34.09173737943801
Y52UFLS X 2020-01-12,47.4370893057642
Y52UFLS X 2020-01-13,34.638109440062735
Y52UFLS X 2020-01-14,62.24596367914225
Y52UFLS X 2020-01-15,30.390661463957166
Y52UFLS X 2020-01-16,28.790845926762096
Y52UFLS X 2020-01-17,69.96403958688762
Y52UFLS X 2020-01-18,31.863549586618838
Y52UFLS X 2020-01-19,31.846335526959834
Y52UFLS X 2020-01-20,63.298299705387976
Y52UFLS X 2020-01-21,67.10975877621556
Y52UFLS X 2020-01-22,55.49123285094301
Y52UFLS X 2020-01-23,49.52227980535012
Y52UFLS X 2020-01-24,81.29290914505681
Y52UFLS X 2020-01-25,91.94376774962483
Y52UFLS X 2020-01-26,93.25604074207108
Y52UFLS X 2020-01-27,72.33288949533336
Y52UFLS X 2020-01-28,13.60367843043598
Y52UFLS X 2020-01-29,17.639505018809416
Y52UFLS X 2020-01-30,27.913116492580194
Y52UFLS X 2020-01-31,22.832309857511916
Y52UFLS X 2020-02-01,24.87723066849975
Y52UFLS X 2020-02-02,17.106951608006927
Y52UFLS X 2020-02-03,46.61666706678117
Y52UFLS X 2020-02-04,25.975565088527276
Y52UFLS X 2020-02-05,30.54803304663171
Y52UFLS X 2020-02-06,35.873118922429434
Y52UFLS X 2020-02-07,40.18840163571477
Y52UFLS X 2020-02-08,58.06540145786691
Y52UFLS X 2020-02-09,50.26660311884016
Y52UFLS X 2020-02-10,28.84091395633734
Y52UFLS X 2020-02-11,15.81226972788495
Y52UFLS X 2020-02-12,24.521988057954346
Y52UFLS X 2020-02-13,28.562438020166248
Y52UFLS X 2020-02-14,47.10948030445388
Y52UFLS X 2020-02-15,55.933871375254085
Y52UFLS X 2020-02-16,27.22100266677375
Y52UFLS X 2020-02-17,24.71187158092426
Y52UFLS X 2020-02-18,19.635910863235456
Y52UFLS X 2020-02-19,20.832163591865648
Y52UFLS X 2020-02-20,23.56595649600152
Y52UFLS X 2020-02-21,20.492234750543997
Y52UFLS X 2020-02-22,22.586535978629716
Y52UFLS X 2020-02-23,20.99874243825205
Y52UFLS X 2020-02-24,25.60357678925663
Y52UFLS X 2020-02-25,29.19825224378301
Y52UFLS X 2020-02-26,22.965590173487847
Y52UFLS X 2020-02-27,28.032847700144508
Y52UFLS X 2020-02-28,37.362610106751305
Y52UFLS X 2020-02-29,42.24838358262274
Y52UFLS X 2020-03-01,29.152854666060826
Y52UFLS X 2020-03-02,36.75171614026321
Y52UFLS X 2020-03-03,48.1179052107
Y52UFLS X 2020-03-04,42.139063882948335
Y52UFLS X 2020-03-05,55.239705265855505
Y52UFLS X 2020-03-06,58.635656602504966
Y52UFLS X 2020-03-07,41.02903051714895
Y52UFLS X 2020-03-08,36.54525470328486
Y52UFLS X 2020-03-09,41.53986190421845
Y52UFLS X 2020-03-10,31.642751453142857
Y52UFLS X 2020-03-11,23.620485537969508
Y52UFLS X 2020-03-12,20.372616110949906
Y52UFLS X 2020-03-13,28.74606794355325
Y52UFLS X 2020-03-14,50.300012848133115
Y52UFLS X 2020-03-15,49.28503934586951
Y52UFLS X 2020-03-16,53.92084538653188
Y52UFLS X 2020-03-17,56.66088111025145
Y52UFLS X 2020-03-18,50.510261889094686
Y52UFLS X 2020-03-19,51.71178266668075
Y52UFLS X 2020-03-20,45.948937976976396
Y52UFLS X 2020-03-21,21.828043096303023
Y52UFLS X 2020-03-22,24.96694540305362
Y52UFLS X 2020-03-23,67.42208171255994
Y52UFLS X 2020-03-24,69.67344572420784
Y52UFLS X 2020-03-25,57.19048819791216
Y52UFLS X 2020-03-26,64.30934797430487
Y52UFLS X 2020-03-27,65.971279313027
Y52UFLS X 2020-03-28,93.85436235998547
Y52UFLS X 2020-03-29,32.39828648783856
Y52UFLS X 2020-03-30,33.55749775258906
Y52UFLS X 2020-03-31,21.669029446828617
Y52UFLS X 2020-04-01,44.94175568598246
Y52UFLS X 2020-04-02,25.728463088546633
Y52UFLS X 2020-04-03,36.65077118750264
Y52UFLS X 2020-04-04,54.34493244161901
YBSLUIZ X 2020-01-02,30.384775727411622
YBSLUIZ X 2020-01-03,36.01734433495531
YBSLUIZ X 2020-01-04,18.563468348307442
YBSLUIZ X 2020-01-05,30.53166196916773
YBSLUIZ X 2020-01-06,31.107287334511327
YBSLUIZ X 2020-01-07,59.00817063121457
YBSLUIZ X 2020-01-08,45.37730423024162
YBSLUIZ X 2020-01-09,45.809550762867474
YBSLUIZ X 2020-01-10,54.82313746531003
YBSLUIZ X 2020-01-11,35.08678117832231
YBSLUIZ X 2020-01-12,118.45129427785567
YBSLUIZ X 2020-01-13,129.632783982332
YBSLUIZ X 2020-01-14,57.591031030424645
YBSLUIZ X 2020-01-15,59.408921452781314
YBSLUIZ X 2020-01-16,29.750759579569973
YBSLUIZ X 2020-01-17,74.67051576389507
YBSLUIZ X 2020-01-18,21.164941174039146
YBSLUIZ X 2020-01-19,35.447888062101256
YBSLUIZ X 2020-01-20,99.31867700147886
YBSLUIZ X 2020-01-21,123.61967089638024
YBSLUIZ X 2020-01-22,55.52138415182783
YBSLUIZ X 2020-01-23,56.087356621045245
YBSLUIZ X 2020-01-24,45.56742609872217
YBSLUIZ X 2020-01-25,47.284635902878605
YBSLUIZ X 2020-01-26,76.3239422174825
YBSLUIZ X 2020-01-27,51.02088503772989
YBSLUIZ X 2020-01-28,54.93035892934022
YBSLUIZ X 2020-01-29,72.64858847424698
YBSLUIZ X 2020-01-30,83.86934881815833
YBSLUIZ X 2020-01-31,37.37071676459117
YBSLUIZ X 2020-02-01,45.212809875911006
YBSLUIZ X 2020-02-02,34.25393135085483
YBSLUIZ X 2020-02-03,36.50479307843576
YBSLUIZ X 2020-02-04,24.867998951316366
YBSLUIZ X 2020-02-05,34.5551005728406
YBSLUIZ X 2020-02-06,72.27318851392633
YBSLUIZ X 2020-02-07,51.59061502430736
YBSLUIZ X 2020-02-08,34.609816393828154
YBSLUIZ X 2020-02-09,40.1013207031033
YBSLUIZ X 2020-02-10,31.733097719721485
YBSLUIZ X 2020-02-11,48.342883861536095
YBSLUIZ X 2020-02-12,41.17774657401904
YBSLUIZ X 2020-02-13,27.674547417513594
YBSLUIZ X 2020-02-14,48.27258671510467
YBSLUIZ X 2020-02-15,41.78568507422833
YBSLUIZ X 2020-02-16,46.5697888118741
YBSLUIZ X 2020-02-17,37.42606327006988
YBSLUIZ X 2020-02-18,19.689344915583074
YBSLUIZ X 2020-02-19,77.21176807654608
YBSLUIZ X 2020-02-20,35.63338877532586
YBSLUIZ X 2020-02-21,91.27394506161755
YBSLUIZ X 2020-02-22,33.01218604834544
YBSLUIZ X 2020-02-23,35.121667968288044
YBSLUIZ X 2020-02-24,30.7343735658987
YBSLUIZ X 2020-02-25,34.598450149113894
YBSLUIZ X 2020-02-26,21.361263317598336
YBSLUIZ X 2020-02-27,49.63440247843368
YBSLUIZ X 2020-02-28,52.49564224837324
YBSLUIZ X 2020-02-29,29.871003155349804
YBSLUIZ X 2020-03-01,28.70962137100792
YBSLUIZ X 2020-03-02,16.853248527009583
YBSLUIZ X 2020-03-03,46.055313581996295
YBSLUIZ X 2020-03-04,37.828979842946005
YBSLUIZ X 2020-03-05,30.920650178797075
YBSLUIZ X 2020-03-06,19.4202061134286
YBSLUIZ X 2020-03-07,34.79906008609657
YBSLUIZ X 2020-03-08,32.37322628468177
YBSLUIZ X 2020-03-09,30.66386202664826
YBSLUIZ X 2020-03-10,32.72300875538792
YBSLUIZ X 2020-03-11,68.23621869721333
YBSLUIZ X 2020-03-12,36.69051578433822
YBSLUIZ X 2020-03-13,32.93625005636806
YBSLUIZ X 2020-03-14,42.622991889271994
YBSLUIZ X 2020-03-15,38.1444304483461
YBSLUIZ X 2020-03-16,50.79815768881325
YBSLUIZ X 2020-03-17,68.59578754141364
YBSLUIZ X 2020-03-18,40.39254261789549
YBSLUIZ X 2020-03-19,60.748147254519864
YBSLUIZ X 2020-03-20,26.798507107275213
YBSLUIZ X 2020-03-21,25.682496252743107
YBSLUIZ X 2020-03-22,40.04507088225462
YBSLUIZ X 2020-03-23,41.573249649310775
YBSLUIZ X 2020-03-24,33.32118501110437
YBSLUIZ X 2020-03-25,35.86948529572281
YBSLUIZ X 2020-03-26,44.993977553499434
YBSLUIZ X 2020-03-27,34.56350465655741
YBSLUIZ X 2020-03-28,41.49276388118098
YBSLUIZ X 2020-03-29,22.559287940055682
YBSLUIZ X 2020-03-30,39.63563795349686
YBSLUIZ X 2020-03-31,58.86696145131222
YBSLUIZ X 2020-04-01,52.706903335090644
YBSLUIZ X 2020-04-02,23.43212393489138
YBSLUIZ X 2020-04-03,20.05744090868751
YBSLUIZ X 2020-04-04,36.903508320906184
YJDNZNX X 2020-01-03,58.410539790849114
YJDNZNX X 2020-01-04,25.565483722677953
YJDNZNX X 2020-01-05,24.566794607995774
YJDNZNX X 2020-01-06,50.88132193029368
YJDNZNX X 2020-01-07,57.79166805909665
YJDNZNX X 2020-01-08,39.79858640387476
YJDNZNX X 2020-01-09,34.12601845786165
YJDNZNX X 2020-01-10,44.70236204995811
YJDNZNX X 2020-01-11,27.826331334901788
YJDNZNX X 2020-01-12,40.39224002927989
YJDNZNX X 2020-01-13,40.82061124913744
YJDNZNX X 2020-01-14,44.41202837185148
YJDNZNX X 2020-01-15,27.591476184402524
YJDNZNX X 2020-01-16,33.329632109874105
YJDNZNX X 2020-01-17,46.80533408907603
YJDNZNX X 2020-01-18,86.08055342496029
YJDNZNX X 2020-01-19,46.60113303143791
YJDNZNX X 2020-01-20,34.36523187439228
YJDNZNX X 2020-01-21,45.310189115221576
YJDNZNX X 2020-01-22,29.248024320880248
YJDNZNX X 2020-01-23,34.97633365003707
YJDNZNX X 2020-01-24,39.12752950321557
YJDNZNX X 2020-01-25,23.22024157796165
YJDNZNX X 2020-01-29,55.32881501174815
YJDNZNX X 2020-01-30,36.203713037957094
YJDNZNX X 2020-01-31,37.85781783467015
YJDNZNX X 2020-02-01,46.468459297607495
YJDNZNX X 2020-02-02,26.893560718796635
YJDNZNX X 2020-02-03,25.159368307951702
YJDNZNX X 2020-02-04,31.839881788857774
YJDNZNX X 2020-02-05,17.731140246944936
YJDNZNX X 2020-02-06,24.649690277145112
YJDNZNX X 2020-02-07,24.71896591013607
YJDNZNX X 2020-02-08,47.61009062055225
YJDNZNX X 2020-02-09,47.14296855099245
YJDNZNX X 2020-02-10,34.96648858953141
YJDNZNX X 2020-02-11,42.630445522099166
YJDNZNX X 2020-02-12,26.547159802783888
YJDNZNX X 2020-02-13,24.065881212386437
YJDNZNX X 2020-02-14,46.66760851982807
YJDNZNX X 2020-02-15,54.98202349134048
YJDNZNX X 2020-02-18,27.224428249500114
YJDNZNX X 2020-02-19,29.208922856171284
YJDNZNX X 2020-02-20,28.056252141006695
YJDNZNX X 2020-02-21,44.365649115709274
YJDNZNX X 2020-02-22,39.19767858680676
YJDNZNX X 2020-02-23,30.176001283017797
YJDNZNX X 2020-02-24,22.376283241733272
YJDNZNX X 2020-02-25,45.98418260472609
YJDNZNX X 2020-02-26,41.49080306777653
YJDNZNX X 2020-02-27,39.99128693538197
YJDNZNX X 2020-02-28,39.15510066085647
YJDNZNX X 2020-02-29,32.8041299083338
YJDNZNX X 2020-03-01,25.41437344246333
YJDNZNX X 2020-03-02,17.07438835812731
YJDNZNX X 2020-03-03,39.19754775544997
YJDNZNX X 2020-03-04,25.654282399917705
YJDNZNX X 2020-03-05,31.504817797708945
YJDNZNX X 2020-03-06,33.02968682833363
YJDNZNX X 2020-03-07,37.44929171963625
YJDNZNX X 2020-03-08,32.79238001501975
YJDNZNX X 2020-03-09,30.39933475229526
YJDNZNX X 2020-03-10,38.76413684411669
YJDNZNX X 2020-03-11,22.335972376567764
YJDNZNX X 2020-03-12,20.182684644834843
YJDNZNX X 2020-03-13,17.433896970802778
YJDNZNX X 2020-03-14,19.130062203289924
YJDNZNX X 2020-03-16,36.143809987480985
YJDNZNX X 2020-03-17,27.088402398978133
YJDNZNX X 2020-03-18,35.32924116646479
YJDNZNX X 2020-03-19,19.324734335344406
YJDNZNX X 2020-03-20,35.50311565042902
YJDNZNX X 2020-03-21,21.48873317308665
YJDNZNX X 2020-03-22,20.513346578186997
YJDNZNX X 2020-03-23,30.352998340359648
YJDNZNX X 2020-03-24,50.94395164123388
YJDNZNX X 2020-03-25,52.44158530802653
YJDNZNX X 2020-03-26,51.630099815979214
YJDNZNX X 2020-03-27,57.437774144724386
YJDNZNX X 2020-03-28,83.36548529741215
YJDNZNX X 2020-03-29,51.67685104676753
YJDNZNX X 2020-03-30,15.33958888617013
YJDNZNX X 2020-03-31,32.211849567957195
YJDNZNX X 2020-04-01,30.527039891316925
YJNLXFF X 2020-01-02,106.71710098264388
YJNLXFF X 2020-01-03,148.0535600616887
YJNLXFF X 2020-01-04,135.67293696806286
YJNLXFF X 2020-01-05,116.47034067480959
YJNLXFF X 2020-01-06,99.0123930386395
YJNLXFF X 2020-01-07,139.01711656320236
YJNLXFF X 2020-01-08,112.51246529855601
YJNLXFF X 2020-01-09,126.22474937635023
YJNLXFF X 2020-01-10,135.38881267065784
YJNLXFF X 2020-01-11,121.69003413269918
YJNLXFF X 2020-01-12,117.46479003990743
YJNLXFF X 2020-01-13,87.00959319808634
YJNLXFF X 2020-01-14,87.13611725438021
YJNLXFF X 2020-01-15,113.45558007628168
YJNLXFF X 2020-01-16,163.61471926556828
YJNLXFF X 2020-01-17,120.79035449708319
YJNLXFF X 2020-01-18,137.74214982195775
YJNLXFF X 2020-01-19,104.59403329123104
YJNLXFF X 2020-01-20,152.93430972537027
YJNLXFF X 2020-01-21,121.83224228496753
YJNLXFF X 2020-01-22,113.12452167046072
YJNLXFF X 2020-01-23,109.80752791646479
YJNLXFF X 2020-01-24,85.38387478502123
YJNLXFF X 2020-01-25,97.9195338098485
YJNLXFF X 2020-01-26,139.25513458368295
YJNLXFF X 2020-01-27,133.63691366957084
YJNLXFF X 2020-01-28,118.64771564163046
YJNLXFF X 2020-01-29,134.15889194048424
YJNLXFF X 2020-01-30,96.9436636318922
YJNLXFF X 2020-01-31,116.94786673473327
YJNLXFF X 2020-02-01,91.7752043128672
YJNLXFF X 2020-02-02,127.07231137826393
YJNLXFF X 2020-02-03,115.67047400630757
YJNLXFF X 2020-02-04,100.54523725143315
YJNLXFF X 2020-02-05,91.61093786065447
YJNLXFF X 2020-02-06,119.67767971339525
YJNLXFF X 2020-02-07,78.64705251095614
YJNLXFF X 2020-02-08,92.54931476016735
YJNLXFF X 2020-02-09,77.77911373550255
YJNLXFF X 2020-02-10,74.43443027192068
YJNLXFF X 2020-02-11,97.28252060654856
YJNLXFF X 2020-02-12,125.32643393734868
YJNLXFF X 2020-02-13,121.1450102001218
YJNLXFF X 2020-02-14,73.29558763248221
YJNLXFF X 2020-02-15,56.790738917400674
YJNLXFF X 2020-02-16,64.87460530494103
YJNLXFF X 2020-02-17,55.37299165272687
YJNLXFF X 2020-02-18,59.97635492415803
YJNLXFF X 2020-02-19,111.36943192701955
YJNLXFF X 2020-02-20,84.82529746983867
YJNLXFF X 2020-02-21,90.44676062172258
YJNLXFF X 2020-02-22,101.00239953599971
YJNLXFF X 2020-02-23,103.99717111603549
YJNLXFF X 2020-02-24,59.38354840212922
YJNLXFF X 2020-02-25,97.48119782664082
YJNLXFF X 2020-02-26,78.92640701243997
YJNLXFF X 2020-02-27,100.30682672138654
YJNLXFF X 2020-02-28,74.71423655010206
YJNLXFF X 2020-02-29,108.68260585228161
YJNLXFF X 2020-03-01,90.52522058370981
YJNLXFF X 2020-03-02,49.47746006622751
YJNLXFF X 2020-03-03,70.42624329587244
YJNLXFF X 2020-03-04,102.77246848712022
YJNLXFF X 2020-03-05,98.12453656979109
YJNLXFF X 2020-03-06,77.07382250306762
YJNLXFF X 2020-03-07,83.67756701629398
YJNLXFF X 2020-03-08,67.26922417393193
YJNLXFF X 2020-03-09,48.01866252475621
YJNLXFF X 2020-03-10,65.74176774933777
YJNLXFF X 2020-03-11,59.824963601468866
YJNLXFF X 2020-03-12,87.88577884354278
YJNLXFF X 2020-03-13,93.04152573074512
YJNLXFF X 2020-03-14,61.93228905105808
YJNLXFF X 2020-03-15,55.90997870942681
YJNLXFF X 2020-03-16,64.39357499439778
YJNLXFF X 2020-03-17,72.82380766781819
YJNLXFF X 2020-03-18,48.60283754491857
YJNLXFF X 2020-03-19,62.86545262751464
YJNLXFF X 2020-03-20,71.0463290003171
YJNLXFF X 2020-03-21,89.45596470179173
YJNLXFF X 2020-03-22,79.58221869764678
YJNLXFF X 2020-03-23,79.26768458654286
YJNLXFF X 2020-03-24,124.17664483970292
YJNLXFF X 2020-03-25,102.5404723836342
YJNLXFF X 2020-03-26,57.53378752160371
YJNLXFF X 2020-03-27,52.435565489471394
YJNLXFF X 2020-03-28,47.41023867137946
YJNLXFF X 2020-03-29,45.390445669047466
YJNLXFF X 2020-03-30,48.54563771366499
YJNLXFF X 2020-03-31,53.957643038551275
YJNLXFF X 2020-04-01,73.3842385725115
YJNLXFF X 2020-04-02,68.40589628417838
YJNLXFF X 2020-04-03,68.2586580787261
YJNLXFF X 2020-04-04,91.75868570128972
YTSD0FF X 2020-01-02,116.10561833481923
YTSD0FF X 2020-01-03,145.744578600868
YTSD0FF X 2020-01-04,123.05671261859801
YTSD0FF X 2020-01-05,120.52872541905857
YTSD0FF X 2020-01-06,124.59161783899349
YTSD0FF X 2020-01-07,58.69630741775566
YTSD0FF X 2020-01-08,54.83309683060459
YTSD0FF X 2020-01-09,111.19064067372122
YTSD0FF X 2020-01-10,110.89747375127011
YTSD0FF X 2020-01-11,121.58605261277718
YTSD0FF X 2020-01-12,61.016677246462606
YTSD0FF X 2020-01-13,46.92955698180665
YTSD0FF X 2020-01-14,111.55766182236648
YTSD0FF X 2020-01-15,105.81431128975824
YTSD0FF X 2020-01-16,100.96546533783304
YTSD0FF X 2020-01-17,109.84374295779806
YTSD0FF X 2020-01-18,124.88912117939752
YTSD0FF X 2020-01-19,118.16937582629366
YTSD0FF X 2020-01-20,98.13796036666209
YTSD0FF X 2020-01-21,78.28532494433124
YTSD0FF X 2020-01-22,121.54973999283844
YTSD0FF X 2020-01-23,94.78361537962526
YTSD0FF X 2020-01-24,140.11469527423583
YTSD0FF X 2020-01-25,119.30822455582376
YTSD0FF X 2020-01-26,98.7610367991257
YTSD0FF X 2020-01-27,20.908257981244574
YTSD0FF X 2020-01-28,50.75427761724944
YTSD0FF X 2020-01-29,83.14635176939778
YTSD0FF X 2020-01-30,76.8960177647784
YTSD0FF X 2020-01-31,76.83732529320837
YTSD0FF X 2020-02-01,104.30814185024967
YTSD0FF X 2020-02-02,131.3511807752829
YTSD0FF X 2020-02-03,101.55330044276003
YTSD0FF X 2020-02-04,85.9209299758901
YTSD0FF X 2020-02-05,56.91778767287654
YTSD0FF X 2020-02-06,98.36844307395252
YTSD0FF X 2020-02-07,105.6989623855108
YTSD0FF X 2020-02-08,90.04093169339966
YTSD0FF X 2020-02-09,83.52483181705843
YTSD0FF X 2020-02-10,115.48699005953058
YTSD0FF X 2020-02-11,105.03848058602217
YTSD0FF X 2020-02-12,63.11857292502587
YTSD0FF X 2020-02-13,73.08501231538413
YTSD0FF X 2020-02-14,109.85802254819606
YTSD0FF X 2020-02-15,62.86434877330569
YTSD0FF X 2020-02-16,44.19734205045518
YTSD0FF X 2020-02-17,64.5942652544747
YTSD0FF X 2020-02-18,64.86109089411177
YTSD0FF X 2020-02-19,83.33892490417674
YTSD0FF X 2020-02-20,121.74498516152728
YTSD0FF X 2020-02-21,101.72200827410234
YTSD0FF X 2020-02-22,53.68516941839382
YTSD0FF X 2020-02-23,84.39119749048193
YTSD0FF X 2020-02-24,51.29284642006287
YTSD0FF X 2020-02-25,53.028513899280995
YTSD0FF X 2020-02-26,47.639509343362676
YTSD0FF X 2020-02-27,53.32472634045899
YTSD0FF X 2020-02-28,68.33789223348123
YTSD0FF X 2020-02-29,66.90304966821805
YTSD0FF X 2020-03-01,76.63164453442796
YTSD0FF X 2020-03-02,82.84775420239136
YTSD0FF X 2020-03-03,61.33866153771663
YTSD0FF X 2020-03-04,51.449871377981424
YTSD0FF X 2020-03-05,83.35418887864647
YTSD0FF X 2020-03-06,70.62844178518037
YTSD0FF X 2020-03-07,70.88660019989527
YTSD0FF X 2020-03-08,71.10894434905856
YTSD0FF X 2020-03-09,62.411194307413396
YTSD0FF X 2020-03-10,75.14339903332389
YTSD0FF X 2020-03-11,50.0734469350363
YTSD0FF X 2020-03-12,49.869880597648844
YTSD0FF X 2020-03-13,50.01847601204743
YTSD0FF X 2020-03-14,69.27685653361786
YTSD0FF X 2020-03-15,46.87213469480348
YTSD0FF X 2020-03-16,53.31151037577157
YTSD0FF X 2020-03-17,68.1113228365273
YTSD0FF X 2020-03-18,65.05203822658252
YTSD0FF X 2020-03-19,50.10110531181259
YTSD0FF X 2020-03-20,56.750226338941644
YTSD0FF X 2020-03-21,87.57417686681019
YTSD0FF X 2020-03-22,62.66250889157156
YTSD0FF X 2020-03-23,70.73591848310998
YTSD0FF X 2020-03-24,95.8639188704624
YTSD0FF X 2020-03-25,84.83929432711498
YTSD0FF X 2020-03-26,72.16868663540775
YTSD0FF X 2020-03-27,55.45382264777845
YTSD0FF X 2020-03-28,47.37108689723688
YTSD0FF X 2020-03-29,46.61819468925652
YTSD0FF X 2020-03-30,68.2266615672344
YTSD0FF X 2020-03-31,73.21259417280612
YTSD0FF X 2020-04-01,91.77124200187681
YTSD0FF X 2020-04-02,71.33517465540666
YTSD0FF X 2020-04-03,84.05677271902589
YTSD0FF X 2020-04-04,59.55510415748772
YY9I2R1 X 2020-01-02,30.883565371923723
YY9I2R1 X 2020-01-03,28.470630423428325
YY9I2R1 X 2020-01-04,22.37992160692056
YY9I2R1 X 2020-01-05,27.81473630555461
YY9I2R1 X 2020-01-06,28.308383132904503
YY9I2R1 X 2020-01-07,36.44845430356999
YY9I2R1 X 2020-01-08,25.29484024122941
YY9I2R1 X 2020-01-09,27.622249257630997
YY9I2R1 X 2020-01-10,31.60134855352625
YY9I2R1 X 2020-01-11,20.73083103020502
YY9I2R1 X 2020-01-12,25.665589915954925
YY9I2R1 X 2020-01-13,16.761376218084692
YY9I2R1 X 2020-01-14,21.665237427389204
YY9I2R1 X 2020-01-15,25.82408832042224
YY9I2R1 X 2020-01-16,22.75276372456794
YY9I2R1 X 2020-01-17,33.75135044663689
YY9I2R1 X 2020-01-18,20.897517500838774
YY9I2R1 X 2020-01-19,29.37663686908904
YY9I2R1 X 2020-01-20,29.617764266863382
YY9I2R1 X 2020-01-21,32.13298993565314
YY9I2R1 X 2020-01-22,21.650216361161476
YY9I2R1 X 2020-01-23,22.433125282106403
YY9I2R1 X 2020-01-24,22.00382923832489
YY9I2R1 X 2020-01-25,26.388401032493256
YY9I2R1 X 2020-01-26,16.99975708036735
YY9I2R1 X 2020-01-27,26.93064609480622
YY9I2R1 X 2020-01-28,27.857918785139262
YY9I2R1 X 2020-01-29,33.97027686024752
YY9I2R1 X 2020-01-30,35.6100867617601
YY9I2R1 X 2020-01-31,30.57313619837059
YY9I2R1 X 2020-02-01,22.608114093694866
YY9I2R1 X 2020-02-02,24.4457913490944
YY9I2R1 X 2020-02-03,23.604382844085386
YY9I2R1 X 2020-02-04,22.88286864742297
YY9I2R1 X 2020-02-05,37.615442023464055
YY9I2R1 X 2020-02-06,24.027800814643932
YY9I2R1 X 2020-02-07,14.452847004099787
YY9I2R1 X 2020-02-08,33.77991518358089
YY9I2R1 X 2020-02-09,26.642852051393852
YY9I2R1 X 2020-02-10,19.906875306764647
YY9I2R1 X 2020-02-11,17.712979450247744
YY9I2R1 X 2020-02-12,21.025162270564568
YY9I2R1 X 2020-02-13,20.581726257359637
YY9I2R1 X 2020-02-14,23.270604395230706
YY9I2R1 X 2020-02-15,23.517532365525888
YY9I2R1 X 2020-02-16,29.397119364115753
YY9I2R1 X 2020-02-17,28.487566105650423
YY9I2R1 X 2020-02-18,16.604497281508394
YY9I2R1 X 2020-02-19,15.310183053154837
YY9I2R1 X 2020-02-20,19.70780534128678
YY9I2R1 X 2020-02-21,25.72268462654067
YY9I2R1 X 2020-02-22,24.149315902450113
YY9I2R1 X 2020-02-23,19.64518212901262
YY9I2R1 X 2020-02-24,22.13039012614382
YY9I2R1 X 2020-02-25,34.194170454522144
YY9I2R1 X 2020-02-26,32.842827326044684
YY9I2R1 X 2020-02-27,19.39101161928039
YY9I2R1 X 2020-02-28,15.515570881675263
YY9I2R1 X 2020-02-29,19.519103656304384
YY9I2R1 X 2020-03-01,20.776770225753697
YY9I2R1 X 2020-03-02,27.381144677781258
YY9I2R1 X 2020-03-03,27.389412574866114
YY9I2R1 X 2020-03-04,26.710152714412658
YY9I2R1 X 2020-03-05,26.24539396614223
YY9I2R1 X 2020-03-06,23.165208896179802
YY9I2R1 X 2020-03-07,29.338180772765938
YY9I2R1 X 2020-03-08,24.370266530835686
YY9I2R1 X 2020-03-09,21.573940345900947
YY9I2R1 X 2020-03-10,25.480911673830697
YY9I2R1 X 2020-03-11,19.096154995619553
YY9I2R1 X 2020-03-12,30.395986375042384
YY9I2R1 X 2020-03-13,18.40266603633496
YY9I2R1 X 2020-03-14,28.945475808102657
YY9I2R1 X 2020-03-15,21.675667518747264
YY9I2R1 X 2020-03-16,15.182434587862815
YY9I2R1 X 2020-03-17,30.073367431887064
YY9I2R1 X 2020-03-18,30.23797257488326
YY9I2R1 X 2020-03-19,20.45119591456965
YY9I2R1 X 2020-03-20,21.994562079224423
YY9I2R1 X 2020-03-21,18.60936977330101
YY9I2R1 X 2020-03-22,34.43506013663688
YY9I2R1 X 2020-03-23,38.77035765825392
YY9I2R1 X 2020-03-24,26.533482594917132
YY9I2R1 X 2020-03-25,24.139866087467503
YY9I2R1 X 2020-03-26,17.549448424338202
YY9I2R1 X 2020-03-27,13.94489253191093
YY9I2R1 X 2020-03-28,29.017689124025857
YY9I2R1 X 2020-03-29,28.45911387903037
YY9I2R1 X 2020-03-30,17.45652557634564
YY9I2R1 X 2020-03-31,16.56070197937975
YY9I2R1 X 2020-04-01,21.456028411019005
YY9I2R1 X 2020-04-02,19.635719312967375
YY9I2R1 X 2020-04-03,29.091301794961787
YY9I2R1 X 2020-04-04,23.427369686725797
YYOM5TU X 2020-01-02,84.85076549350437
YYOM5TU X 2020-01-03,109.04502755966091
YYOM5TU X 2020-01-04,75.21037710729327
YYOM5TU X 2020-01-05,92.2845697078225
YYOM5TU X 2020-01-06,93.98381348837546
YYOM5TU X 2020-01-07,105.4892448275523
YYOM5TU X 2020-01-08,107.99165517118615
YYOM5TU X 2020-01-09,118.70586806011923
YYOM5TU X 2020-01-10,121.06070850058988
YYOM5TU X 2020-01-11,93.24928536112976
YYOM5TU X 2020-01-12,66.70635807276523
YYOM5TU X 2020-01-13,73.45902990930608
YYOM5TU X 2020-01-14,117.43662636078616
YYOM5TU X 2020-01-15,90.65670677378436
YYOM5TU X 2020-01-16,100.44844312518413
YYOM5TU X 2020-01-17,102.64127439909882
YYOM5TU X 2020-01-18,74.95252862140178
YYOM5TU X 2020-01-19,99.55854451023616
YYOM5TU X 2020-01-20,104.00808091297672
YYOM5TU X 2020-01-21,96.15810582699488
YYOM5TU X 2020-01-22,103.79684780694653
YYOM5TU X 2020-01-23,101.09661745299427
YYOM5TU X 2020-01-24,109.82334893881075
YYOM5TU X 2020-01-25,66.82705598215178
YYOM5TU X 2020-01-26,70.45576202848747
YYOM5TU X 2020-01-27,79.32393272360682
YYOM5TU X 2020-01-28,69.66478117205416
YYOM5TU X 2020-01-29,77.87303766400767
YYOM5TU X 2020-01-30,76.38088610455003
YYOM5TU X 2020-01-31,97.40170774667546
YYOM5TU X 2020-02-01,114.10170073731447
YYOM5TU X 2020-02-02,83.90097337722253
YYOM5TU X 2020-02-03,85.22155912228466
YYOM5TU X 2020-02-04,72.11387672076684
YYOM5TU X 2020-02-05,64.67300130667282
YYOM5TU X 2020-02-06,74.69201549810163
YYOM5TU X 2020-02-07,73.39601271813245
YYOM5TU X 2020-02-08,66.28346748109546
YYOM5TU X 2020-02-09,51.06780348220315
YYOM5TU X 2020-02-10,79.37251771064095
YYOM5TU X 2020-02-11,93.36395220027146
YYOM5TU X 2020-02-12,93.9245417625058
YYOM5TU X 2020-02-13,97.27723587969218
YYOM5TU X 2020-02-14,96.76163206784413
YYOM5TU X 2020-02-15,73.10384068464867
YYOM5TU X 2020-02-16,44.016842863388696
YYOM5TU X 2020-02-17,78.84622688458326
YYOM5TU X 2020-02-18,63.29501043288879
YYOM5TU X 2020-02-19,91.74859942696305
YYOM5TU X 2020-02-20,77.3743806734441
YYOM5TU X 2020-02-21,87.10089932478785
YYOM5TU X 2020-02-22,87.07142566991142
YYOM5TU X 2020-02-23,53.39828913327015
YYOM5TU X 2020-02-24,76.71814670240526
YYOM5TU X 2020-02-25,104.52408382489283
YYOM5TU X 2020-02-26,76.09844460710454
YYOM5TU X 2020-02-27,79.83855921214511
YYOM5TU X 2020-02-28,106.68798183802978
YYOM5TU X 2020-02-29,92.42992737945566
YYOM5TU X 2020-03-01,93.36115607115487
YYOM5TU X 2020-03-02,51.31612923066452
YYOM5TU X 2020-03-03,88.9428223835223
YYOM5TU X 2020-03-04,57.05331702287263
YYOM5TU X 2020-03-05,57.67804183277008
YYOM5TU X 2020-03-06,58.12111745255116
YYOM5TU X 2020-03-07,85.22952142893783
YYOM5TU X 2020-03-08,61.182370390445485
YYOM5TU X 2020-03-09,96.11970608538637
YYOM5TU X 2020-03-10,51.952709643511405
YYOM5TU X 2020-03-11,69.5219469171801
YYOM5TU X 2020-03-12,83.06658920402414
YYOM5TU X 2020-03-13,62.118092085973444
YYOM5TU X 2020-03-14,61.78188844132565
YYOM5TU X 2020-03-15,71.53001674062953
YYOM5TU X 2020-03-16,68.40696377146041
YYOM5TU X 2020-03-17,91.60459729177838
YYOM5TU X 2020-03-18,92.1955170961778
YYOM5TU X 2020-03-19,91.57201908784567
YYOM5TU X 2020-03-20,75.03547357542757
YYOM5TU X 2020-03-21,116.71694248276414
YYOM5TU X 2020-03-22,99.88900961773795
YYOM5TU X 2020-03-23,50.79622057582188
YYOM5TU X 2020-03-24,58.17155586156116
YYOM5TU X 2020-03-25,87.27229863368825
YYOM5TU X 2020-03-26,85.17280153131153
YYOM5TU X 2020-03-27,84.38074434506917
YYOM5TU X 2020-03-28,35.014617520877394
YYOM5TU X 2020-03-29,46.75641992362448
YYOM5TU X 2020-03-30,63.6296395831843
YYOM5TU X 2020-03-31,58.53839582613821
YYOM5TU X 2020-04-01,50.55174820150325
YYOM5TU X 2020-04-02,41.533880581053474
YYOM5TU X 2020-04-03,65.2466112024188
YYOM5TU X 2020-04-04,49.71439664707341
Z2XYMS4 X 2020-01-02,77.98078396039459
Z2XYMS4 X 2020-01-03,52.83282241431427
Z2XYMS4 X 2020-01-04,54.20329745539475
Z2XYMS4 X 2020-01-05,47.010370670265786
Z2XYMS4 X 2020-01-06,46.825429482666365
Z2XYMS4 X 2020-01-07,33.316376360656506
Z2XYMS4 X 2020-01-08,56.08549865995053
Z2XYMS4 X 2020-01-09,35.996138743809695
Z2XYMS4 X 2020-01-10,40.31600676213843
Z2XYMS4 X 2020-01-11,82.2244213814836
Z2XYMS4 X 2020-01-12,54.58878558696737
Z2XYMS4 X 2020-01-13,35.03360002792189
Z2XYMS4 X 2020-01-14,114.42920140832832
Z2XYMS4 X 2020-01-15,60.54177805513143
Z2XYMS4 X 2020-01-16,77.61088901861446
Z2XYMS4 X 2020-01-17,76.26816944371588
Z2XYMS4 X 2020-01-18,38.80573579196012
Z2XYMS4 X 2020-01-19,106.2631377386269
Z2XYMS4 X 2020-01-20,71.67795999384934
Z2XYMS4 X 2020-01-21,44.92168715176554
Z2XYMS4 X 2020-01-22,64.55337789450468
Z2XYMS4 X 2020-01-23,69.91251056214814
Z2XYMS4 X 2020-01-24,42.087972536032815
Z2XYMS4 X 2020-01-25,45.501268044467196
Z2XYMS4 X 2020-01-26,31.46109201364832
Z2XYMS4 X 2020-01-27,22.09298274986353
Z2XYMS4 X 2020-01-28,47.122250288208505
Z2XYMS4 X 2020-01-29,42.50484497268038
Z2XYMS4 X 2020-01-30,54.15672779435988
Z2XYMS4 X 2020-01-31,39.916207561910696
Z2XYMS4 X 2020-02-01,126.57882805137636
Z2XYMS4 X 2020-02-02,58.7683470917987
Z2XYMS4 X 2020-02-03,51.95654968316722
Z2XYMS4 X 2020-02-04,75.12477744758192
Z2XYMS4 X 2020-02-05,37.90923281997166
Z2XYMS4 X 2020-02-06,39.878713394438435
Z2XYMS4 X 2020-02-07,45.28604188620412
Z2XYMS4 X 2020-02-08,58.725398559864956
Z2XYMS4 X 2020-02-09,48.606771361949214
Z2XYMS4 X 2020-02-10,88.51529620873629
Z2XYMS4 X 2020-02-11,81.46854198650784
Z2XYMS4 X 2020-02-12,64.74083954989044
Z2XYMS4 X 2020-02-13,51.40639126886836
Z2XYMS4 X 2020-02-14,43.59512281196758
Z2XYMS4 X 2020-02-15,61.78146354657862
Z2XYMS4 X 2020-02-16,50.06901953399735
Z2XYMS4 X 2020-02-17,31.19528579601404
Z2XYMS4 X 2020-02-18,47.09121745394674
Z2XYMS4 X 2020-02-19,61.584727695629454
Z2XYMS4 X 2020-02-20,72.48442423369305
Z2XYMS4 X 2020-02-21,74.33418852538456
Z2XYMS4 X 2020-02-22,95.51531859882533
Z2XYMS4 X 2020-02-23,26.506207897221238
Z2XYMS4 X 2020-02-24,50.09063066709619
Z2XYMS4 X 2020-02-25,49.551736847457164
Z2XYMS4 X 2020-02-26,59.90634856192719
Z2XYMS4 X 2020-02-27,81.41069985458185
Z2XYMS4 X 2020-02-28,48.61849593504259
Z2XYMS4 X 2020-02-29,80.91201934446266
Z2XYMS4 X 2020-03-01,46.29534179787368
Z2XYMS4 X 2020-03-02,50.406389114095106
Z2XYMS4 X 2020-03-03,57.8500178568614
Z2XYMS4 X 2020-03-04,50.585435448389646
Z2XYMS4 X 2020-03-05,44.68952153978434
Z2XYMS4 X 2020-03-06,44.440128846490644
Z2XYMS4 X 2020-03-07,40.58942597225142
Z2XYMS4 X 2020-03-08,98.61314585526819
Z2XYMS4 X 2020-03-09,48.11611114312326
Z2XYMS4 X 2020-03-10,46.03006006624017
Z2XYMS4 X 2020-03-11,37.4609948014315
Z2XYMS4 X 2020-03-12,45.816260931341795
Z2XYMS4 X 2020-03-13,44.47875637441339
Z2XYMS4 X 2020-03-14,33.816376768623435
Z2XYMS4 X 2020-03-15,44.378009892523266
Z2XYMS4 X 2020-03-16,45.85583979611095
Z2XYMS4 X 2020-03-17,50.48187423480115
Z2XYMS4 X 2020-03-18,64.83687922744967
Z2XYMS4 X 2020-03-19,50.48344765043936
Z2XYMS4 X 2020-03-20,40.18574252497672
Z2XYMS4 X 2020-03-21,62.61142281422451
Z2XYMS4 X 2020-03-22,39.986494366077395
Z2XYMS4 X 2020-03-23,70.52214476284703
Z2XYMS4 X 2020-03-24,77.44535820478117
Z2XYMS4 X 2020-03-25,76.2599607110314
Z2XYMS4 X 2020-03-26,59.26337235216599
Z2XYMS4 X 2020-03-27,72.00812642176999
Z2XYMS4 X 2020-03-28,29.84425338798959
Z2XYMS4 X 2020-03-29,66.49374799779915
Z2XYMS4 X 2020-03-30,52.646478099958905
Z2XYMS4 X 2020-03-31,58.22397785721641
Z2XYMS4 X 2020-04-01,76.85953797923435
Z2XYMS4 X 2020-04-02,59.02965214719056
Z2XYMS4 X 2020-04-03,44.495265658769284
Z2XYMS4 X 2020-04-04,22.881985373320983
ZIESWTR X 2020-01-02,81.01282214635926
ZIESWTR X 2020-01-03,42.240383163739594
ZIESWTR X 2020-01-04,26.078727888877907
ZIESWTR X 2020-01-05,52.4809177360114
ZIESWTR X 2020-01-06,53.05908352994727
ZIESWTR X 2020-01-07,60.310374683177656
ZIESWTR X 2020-01-08,39.16942763699764
ZIESWTR X 2020-01-09,30.31647079509338
ZIESWTR X 2020-01-10,21.966934166017403
ZIESWTR X 2020-01-11,35.8748158845343
ZIESWTR X 2020-01-12,47.19949303759996
ZIESWTR X 2020-01-13,36.52580900988843
ZIESWTR X 2020-01-14,59.70372267269795
ZIESWTR X 2020-01-15,27.825937293276382
ZIESWTR X 2020-01-16,26.48486584749989
ZIESWTR X 2020-01-17,67.00269911777544
ZIESWTR X 2020-01-18,29.776435371762098
ZIESWTR X 2020-01-19,34.524210982946094
ZIESWTR X 2020-01-20,55.144787722306845
ZIESWTR X 2020-01-21,69.97786951021673
ZIESWTR X 2020-01-22,55.96188823897029
ZIESWTR X 2020-01-23,57.079269260448
ZIESWTR X 2020-01-24,74.40308599185695
ZIESWTR X 2020-01-25,90.20344596378898
ZIESWTR X 2020-01-26,83.98209024925085
ZIESWTR X 2020-01-27,69.735134849766
ZIESWTR X 2020-01-28,19.493392230586455
ZIESWTR X 2020-01-29,15.466673664014934
ZIESWTR X 2020-01-30,24.825887861523242
ZIESWTR X 2020-01-31,17.928351363384586
ZIESWTR X 2020-02-01,24.367399541805867
ZIESWTR X 2020-02-02,16.403524883731805
ZIESWTR X 2020-02-03,37.8135111332839
ZIESWTR X 2020-02-04,29.898220161536713
ZIESWTR X 2020-02-05,26.592696452521068
ZIESWTR X 2020-02-06,44.32461043194951
ZIESWTR X 2020-02-07,39.48138597098472
ZIESWTR X 2020-02-08,55.680769119228444
ZIESWTR X 2020-02-09,47.38882094991166
ZIESWTR X 2020-02-10,20.366536302068607
ZIESWTR X 2020-02-11,12.695446205606249
ZIESWTR X 2020-02-12,25.10503920457235
ZIESWTR X 2020-02-13,21.18250532244212
ZIESWTR X 2020-02-14,46.669524611574325
ZIESWTR X 2020-02-15,51.392838229340164
ZIESWTR X 2020-02-16,25.891463314880326
ZIESWTR X 2020-02-17,21.4323407646576
ZIESWTR X 2020-02-18,19.6266771508237
ZIESWTR X 2020-02-19,25.442325416605264
ZIESWTR X 2020-02-20,15.101162243117852
ZIESWTR X 2020-02-21,24.16017681715976
ZIESWTR X 2020-02-22,25.13724559048935
ZIESWTR X 2020-02-23,20.273936462071134
ZIESWTR X 2020-02-24,25.826894718142135
ZIESWTR X 2020-02-25,23.347240549564646
ZIESWTR X 2020-02-26,23.130211404301672
ZIESWTR X 2020-02-27,30.392677072652383
ZIESWTR X 2020-02-28,34.013153951318905
ZIESWTR X 2020-02-29,37.248819953914605
ZIESWTR X 2020-03-01,24.030672214376423
ZIESWTR X 2020-03-02,35.40581837603857
ZIESWTR X 2020-03-03,48.73198769031451
ZIESWTR X 2020-03-04,36.047308691195376
ZIESWTR X 2020-03-05,51.451359771438796
ZIESWTR X 2020-03-06,56.57156051626397
ZIESWTR X 2020-03-07,37.66820102525338
ZIESWTR X 2020-03-08,50.045513756053
ZIESWTR X 2020-03-09,39.165968293573854
ZIESWTR X 2020-03-10,33.44469825308835
ZIESWTR X 2020-03-11,20.145196523705152
ZIESWTR X 2020-03-12,17.44737800996093
ZIESWTR X 2020-03-13,24.676337288015098
ZIESWTR X 2020-03-14,58.98637920106643
ZIESWTR X 2020-03-15,46.65782637955728
ZIESWTR X 2020-03-16,56.0426934592506
ZIESWTR X 2020-03-17,56.182440579525974
ZIESWTR X 2020-03-18,46.76490327664483
ZIESWTR X 2020-03-19,47.05313681329591
ZIESWTR X 2020-03-20,34.28659756342076
ZIESWTR X 2020-03-21,23.37487332380178
ZIESWTR X 2020-03-22,34.877352581365095
ZIESWTR X 2020-03-23,73.33070750507717
ZIESWTR X 2020-03-24,61.36120742074232
ZIESWTR X 2020-03-25,55.262745766294394
ZIESWTR X 2020-03-26,70.09122169692425
ZIESWTR X 2020-03-27,69.72320885958266
ZIESWTR X 2020-03-28,93.66254839754377
ZIESWTR X 2020-03-29,38.486473598394646
ZIESWTR X 2020-03-30,30.205481353131717
ZIESWTR X 2020-03-31,21.903588505346733
ZIESWTR X 2020-04-01,49.7288109627586
ZIESWTR X 2020-04-02,29.86110677801328
ZIESWTR X 2020-04-03,34.376060284792715
ZIESWTR X 2020-04-04,47.87002234130064
ZZDJZMS X 2020-01-02,65.94454760887919
ZZDJZMS X 2020-01-03,77.56164778508466
ZZDJZMS X 2020-01-04,53.99779891456585
ZZDJZMS X 2020-01-05,62.46748522464473
ZZDJZMS X 2020-01-06,83.04518624642904
ZZDJZMS X 2020-01-07,51.44203379385191
ZZDJZMS X 2020-01-08,80.81025044273132
ZZDJZMS X 2020-01-09,43.68068131550252
ZZDJZMS X 2020-01-10,35.12351441760492
ZZDJZMS X 2020-01-11,59.194494127682376
ZZDJZMS X 2020-01-12,68.11601255738786
ZZDJZMS X 2020-01-13,55.494925697242124
ZZDJZMS X 2020-01-14,38.42457947362434
ZZDJZMS X 2020-01-15,39.206007270520814
ZZDJZMS X 2020-01-16,43.44857149902605
ZZDJZMS X 2020-01-17,35.441375073714006
ZZDJZMS X 2020-01-18,47.515116283835475
ZZDJZMS X 2020-01-19,33.25498496383203
ZZDJZMS X 2020-01-20,24.753637839627196
ZZDJZMS X 2020-01-21,56.47102625741422
ZZDJZMS X 2020-01-22,60.27755452468185
ZZDJZMS X 2020-01-23,73.18419941209737
ZZDJZMS X 2020-01-24,47.747030341598624
ZZDJZMS X 2020-01-25,69.90723905634312
ZZDJZMS X 2020-01-26,70.58619680002097
ZZDJZMS X 2020-01-27,37.714939149061735
ZZDJZMS X 2020-01-28,48.59382000409832
ZZDJZMS X 2020-01-29,64.14263640182448
ZZDJZMS X 2020-01-30,26.41126833516376
ZZDJZMS X 2020-01-31,39.07494790747389
ZZDJZMS X 2020-02-01,30.92436370984087
ZZDJZMS X 2020-02-02,27.876474206156033
ZZDJZMS X 2020-02-03,42.75356041852014
ZZDJZMS X 2020-02-04,64.3873222651182
ZZDJZMS X 2020-02-05,57.03288164341561
ZZDJZMS X 2020-02-06,58.0092093933868
ZZDJZMS X 2020-02-07,70.51711500069078
ZZDJZMS X 2020-02-08,47.255027108172584
ZZDJZMS X 2020-02-09,39.86991067661959
ZZDJZMS X 2020-02-10,33.700435208503265
ZZDJZMS X 2020-02-11,54.00240998401774
ZZDJZMS X 2020-02-12,77.77460574155339
ZZDJZMS X 2020-02-13,39.36890031385686
ZZDJZMS X 2020-02-14,64.37125173557885
ZZDJZMS X 2020-02-15,60.19283088155585
ZZDJZMS X 2020-02-16,31.98700998550838
ZZDJZMS X 2020-02-17,30.652169986158903
ZZDJZMS X 2020-02-18,59.36967541307706
ZZDJZMS X 2020-02-19,60.74133481771541
ZZDJZMS X 2020-02-20,63.09089632814778
ZZDJZMS X 2020-02-21,61.85803261147164
ZZDJZMS X 2020-02-22,64.8546519462558
ZZDJZMS X 2020-02-23,65.0922239124664
ZZDJZMS X 2020-02-24,75.6850839970913
ZZDJZMS X 2020-02-25,68.61612063849385
ZZDJZMS X 2020-02-26,33.922092544052084
ZZDJZMS X 2020-02-27,50.50454569771208
ZZDJZMS X 2020-02-28,51.31432414794737
ZZDJZMS X 2020-02-29,47.15787972663836
ZZDJZMS X 2020-03-01,54.807843937295594
ZZDJZMS X 2020-03-02,43.90175070480184
ZZDJZMS X 2020-03-03,41.79076446838033
ZZDJZMS X 2020-03-04,63.633114242902494
ZZDJZMS X 2020-03-05,25.48425786608236
ZZDJZMS X 2020-03-06,36.09993335406715
ZZDJZMS X 2020-03-07,37.7063065390462
ZZDJZMS X 2020-03-08,58.77037142712223
ZZDJZMS X 2020-03-09,36.805174013795636
ZZDJZMS X 2020-03-10,63.03705569106508
ZZDJZMS X 2020-03-11,62.02735776944618
ZZDJZMS X 2020-03-12,66.11556083786853
ZZDJZMS X 2020-03-13,42.16707995848066
ZZDJZMS X 2020-03-14,57.0154758515355
ZZDJZMS X 2020-03-15,58.725511696742686
ZZDJZMS X 2020-03-16,55.68261789972382
ZZDJZMS X 2020-03-17,45.607028333165836
ZZDJZMS X 2020-03-18,69.49100213010213
ZZDJZMS X 2020-03-19,55.917642507206665
ZZDJZMS X 2020-03-20,50.47271982786795
ZZDJZMS X 2020-03-21,41.02816745816799
ZZDJZMS X 2020-03-22,48.58905264807542
ZZDJZMS X 2020-03-23,50.13274401981846
ZZDJZMS X 2020-03-24,51.80196256105425
ZZDJZMS X 2020-03-25,54.52214477882412
ZZDJZMS X 2020-03-26,33.52801901330889
ZZDJZMS X 2020-03-27,51.70289345326513
ZZDJZMS X 2020-03-28,71.43801274118015
ZZDJZMS X 2020-03-29,63.27597600095072
ZZDJZMS X 2020-03-30,37.5623873161901
ZZDJZMS X 2020-03-31,62.79568648949774
ZZDJZMS X 2020-04-01,58.26105680277335
ZZDJZMS X 2020-04-02,50.594433066952476
ZZDJZMS X 2020-04-03,46.73727904654025
ZZDJZMS X 2020-04-04,51.32479397565926
